responsable,direccion,unidadejec,codigounico,idunidadejec,disa,provincia,horaAtencion,id,categoria,telefeno,idred,situacion,clasificacion,departamento,inicioActividad,codigounico2,nombrerazonsocial,idautosanit,distrito,ubigeo,tipoDocumentoCategoria,estado,institucion,red,condicion,fecha_inspecion,tipo,numeroCategoria,microred,inspecion,idmicrored
,JIRÓN JR. MONTERO 400 AYABACA JR. MONTERO 400 AYABACA AYABACA AYABACA PIURA ,,00001911,,,AYABACA,,1853,,,,,,PIURA,,00001911,CENTRO DE SALUD AYABACA,,AYABACA,200201,,ACTIVO,,,ACTIVO,,,,,,
,OTROS CASERIO TAPAL- AYABACA CASERIO TAPAL- AYABACA AYABACA AYABACA PIURA ,,00001912,,,AYABACA,,1854,,,,,,PIURA,,00001912,PUESTO DE SALUD DE TAPAL,,AYABACA,200201,,ACTIVO,,,ACTIVO,,,,,,
,OTROS CASERIO CHIN CHIN - AYABACA CASERIO CHIN CHIN - AYABACA AYABACA AYABACA PIURA ,,00001913,,,AYABACA,,1855,,,,,,PIURA,,00001913,PUESTO DE SALUD DE CHINCHIN,,AYABACA,200201,,ACTIVO,,,ACTIVO,,,,,,
,OTROS CASERIO OLLEROS - AYABACA CASERIO OLLEROS - AYABACA AYABACA AYABACA PIURA ,,00001914,,,AYABACA,,1856,,,,,,PIURA,,00001914,PUESTO DE SALUD OLLEROS,,AYABACA,200201,,ACTIVO,,,ACTIVO,,,,,,
,OTROS CASERIO ARAGOTO- AYABACA CASERIO ARAGOTO- AYABACA AYABACA AYABACA PIURA ,,00001915,,,AYABACA,,1857,,,,,,PIURA,,00001915,PUESTO DE SALUD ARAGOTO,,AYABACA,200201,,ACTIVO,,,ACTIVO,,,,,,
,OTROS CASERIO CHOCAN - AYABACA CASERIO CHOCAN - AYABACA AYABACA AYABACA PIURA ,,00001916,,,AYABACA,,1858,,,,,,PIURA,,00001916,PUESTO DE SALUD CHOCAN,,AYABACA,200201,,ACTIVO,,,ACTIVO,,,,,,
,OTROS CCOMUNIDAD TACALPO SECTOR YANCHALA - AYABACA CCOMUNIDAD TACALPO SECTOR YANCHALA - AYABACA AYABACA AYABACA PIURA ,,00001917,,,AYABACA,,1859,,,,,,PIURA,,00001917,PUESTO DE SALUD YANCHALA,,AYABACA,200201,,ACTIVO,,,ACTIVO,,,,,,
,OTROS CASERIO ARREYPITE PINGOLA - AYABACA CASERIO ARREYPITE PINGOLA - AYABACA AYABACA AYABACA PIURA ,,00001918,,,AYABACA,,1860,,,,,,PIURA,,00001918,PUESTO DE SALUD ARREYPITE - PINGOLA,,AYABACA,200201,,ACTIVO,,,ACTIVO,,,,,,
,OTROS CASERIO CALVAS DE SAMANGA - AYABACA CASERIO CALVAS DE SAMANGA - AYABACA AYABACA AYABACA PIURA ,,00001919,,,AYABACA,,1861,,,,,,PIURA,,00001919,PUESTO DE SALUD CALVAS DE SAMANGA,,AYABACA,200201,,ACTIVO,,,ACTIVO,,,,,,
,OTROS CASERIO DE ESPINDOLA COMUNIDAD DE SAMANGA CASERIO DE ESPINDOLA COMUNIDAD DE SAMANGA AYABACA AYABACA PIURA ,,00001920,,,AYABACA,,1862,,,,,,PIURA,,00001920,PUESTO DE SALUD ESPINDOLA,,AYABACA,200201,,ACTIVO,,,ACTIVO,,,,,,
,OTROS CASERIO REMOLINOS- AYABACA CASERIO REMOLINOS- AYABACA AYABACA AYABACA PIURA ,,00001921,,,AYABACA,,1863,,,,,,PIURA,,00001921,PUESTO DE SALUD REMOLINOS,,AYABACA,200201,,ACTIVO,,,ACTIVO,,,,,,
,OTROS CASERIO ANDURCO CASERIO ANDURCO AYABACA AYABACA PIURA ,,00001922,,,AYABACA,,1864,,,,,,PIURA,,00001922,PUESTO DE SALUD ANDURCO,,AYABACA,200201,,ACTIVO,,,ACTIVO,,,,,,
,OTROS CASERIO HUIRIQUINGUE- AYABACA CASERIO HUIRIQUINGUE- AYABACA AYABACA AYABACA PIURA ,,00001923,,,AYABACA,,1865,,,,,,PIURA,,00001923,PUESTO DE SALUD HUIRIQUINGUE,,AYABACA,200201,,ACTIVO,,,ACTIVO,,,,,,
,OTROS CASERIO HUACHUMA - AYABACA CASERIO HUACHUMA - AYABACA AYABACA AYABACA PIURA ,,00001924,,,AYABACA,,1866,,,,,,PIURA,,00001924,PUESTO DE SALUD HUACHUMA,,AYABACA,200201,,ACTIVO,,,ACTIVO,,,,,,
,OTROS CASERIO SAUSAL - AYABACA CASERIO SAUSAL - AYABACA AYABACA AYABACA PIURA ,,00001925,,,AYABACA,,1867,,,,,,PIURA,,00001925,PUESTO DE SALUD SAUSAL,,AYABACA,200201,,ACTIVO,,,ACTIVO,,,,,,
,OTROS CASERIO EL TOLDO CASERIO EL TOLDO AYABACA AYABACA PIURA ,,00001926,,,AYABACA,,1868,,,,,,PIURA,,00001926,PUESTO DE SALUD EL TOLDO,,AYABACA,200201,,ACTIVO,,,ACTIVO,,,,,,
,OTROS CASERIO SAMANGUILLA - AYABACA CASERIO SAMANGUILLA - AYABACA AYABACA AYABACA PIURA ,,00001927,,,AYABACA,,1869,,,,,,PIURA,,00001927,PUESTO DE SALUD SAMANGUILLA,,AYABACA,200201,,ACTIVO,,,ACTIVO,,,,,,
,OTROS CASERIO CHARAN - AYABACA CASERIO CHARAN - AYABACA AYABACA AYABACA PIURA ,,00001928,,,AYABACA,,1870,,,,,,PIURA,,00001928,PUESTO DE SALUD CHARAN,,AYABACA,200201,,ACTIVO,,,ACTIVO,,,,,,
,OTROS CASERIO LAGUNAS DE CANGLY CASERIO LAGUNAS DE CANGLY AYABACA AYABACA PIURA ,,00001929,,,AYABACA,,1871,,,,,,PIURA,,00001929,PUESTO DE SALUD LAGUNAS DE CANGLY,,AYABACA,200201,,ACTIVO,,,ACTIVO,,,,,,
,OTROS CASERIO PORTACHUELO YANTA - AYABACA CASERIO PORTACHUELO YANTA - AYABACA AYABACA AYABACA PIURA ,,00001930,,,AYABACA,,1872,,,,,,PIURA,,00001930,PUESTO DE SALUD PORTACHUELO DE YANTA,,AYABACA,200201,,ACTIVO,,,ACTIVO,,,,,,
,OTROS CASERÍO GICLAS - AYABACA CASERÍO GICLAS - AYABACA AYABACA AYABACA PIURA ,,00001931,,,AYABACA,,1873,,,,,,PIURA,,00001931,PUESTO DE SALUD GICLAS,,AYABACA,200201,,ACTIVO,,,ACTIVO,,,,,,
,JIRÓN JR. CUZCO S/N BARRIO JUAN VELASCO A. S/N JR. CUZCO S/N BARRIO JUAN VELASCO A. LAS LOMAS PIURA PIURA ,,00001932,,,PIURA,,1874,,,,,,PIURA,,00001932,CENTRO DE SALUD LAS LOMAS,,LAS LOMAS,200111,,ACTIVO,,,ACTIVO,,,,,,
,OTROS CASERIO POTRERILO LAS LOMAS CASERIO POTRERILO LAS LOMAS LAS LOMAS PIURA PIURA ,,00001933,,,PIURA,,1875,,,,,,PIURA,,00001933,PUESTO DE SALUD POTRERILLO,,LAS LOMAS,200111,,ACTIVO,,,ACTIVO,,,,,,
,OTROS CASERIO CHIPILLICO CASERIO CHIPILLICO LAS LOMAS PIURA PIURA ,,00001934,,,PIURA,,1876,,,,,,PIURA,,00001934,PUESTO DE SALUD CHIPILLICO,,LAS LOMAS,200111,,ACTIVO,,,ACTIVO,,,,,,
,OTROS CASERÍO EL SAUCE - LAS LOMAS CASERÍO EL SAUCE - LAS LOMAS LAS LOMAS PIURA PIURA ,,00001935,,,PIURA,,1877,,,,,,PIURA,,00001935,PUESTO DE SALUD EL SAUCE-LAS LOMAS,,LAS LOMAS,200111,,ACTIVO,,,ACTIVO,,,,,,
,OTROS CASERIO PAMPA ELERA BAJA CASERIO PAMPA ELERA BAJA LAS LOMAS PIURA PIURA ,,00001936,,,PIURA,,1878,,,,,,PIURA,,00001936,PUESTO DE SALUD PAMPA ELERA BAJA,,LAS LOMAS,200111,,ACTIVO,,,ACTIVO,,,,,,
,OTROS CASERIO PELINGARA LAS LOMAS CASERIO PELINGARA LAS LOMAS LAS LOMAS PIURA PIURA ,,00001937,,,PIURA,,1879,,,,,,PIURA,,00001937,PUESTO DE SALUD PELINGARA,,LAS LOMAS,200111,,ACTIVO,,,ACTIVO,,,,,,
,OTROS CASERIO HUACHUMA ALTA - LAS LOMAS CASERIO HUACHUMA ALTA - LAS LOMAS LAS LOMAS PIURA PIURA ,,00001938,,,PIURA,,1880,,,,,,PIURA,,00001938,PUESTO DE SALUD HUACHUMA ALTA,,LAS LOMAS,200111,,ACTIVO,,,ACTIVO,,,,,,
,OTROS CASERIO SAN FRANCISCO DE PAMPA ELERA CASERIO SAN FRANCISCO DE PAMPA ELERA LAS LOMAS PIURA PIURA ,,00001939,,,PIURA,,1881,,,,,,PIURA,,00001939,PUESTO DE SALUD SAN FRANCISCO DE PAMPA ELERA,,LAS LOMAS,200111,,ACTIVO,,,ACTIVO,,,,,,
,OTROS CASERIO SANTA ELENA - LAS LOMAS CASERIO SANTA ELENA - LAS LOMAS LAS LOMAS PIURA PIURA ,,00001940,,,PIURA,,1882,,,,,,PIURA,,00001940,PUESTO DE SALUD SANTA ELENA - LAS LOMAS,,LAS LOMAS,200111,,ACTIVO,,,ACTIVO,,,,,,
,OTROS CASERIO PUERTA PULACHE CASERIO PUERTA PULACHE LAS LOMAS PIURA PIURA ,,00001941,,,PIURA,,1883,,,,,,PIURA,,00001941,PUESTO DE SALUD PUERTA PULACHE,,LAS LOMAS,200111,,ACTIVO,,,ACTIVO,,,,,,
,OTROS CASERIO GARABATO LAS LOMAS CASERIO GARABATO LAS LOMAS LAS LOMAS PIURA PIURA ,,00001942,,,PIURA,,1884,,,,,,PIURA,,00001942,PUESTO DE SALUD GARABATOS,,LAS LOMAS,200111,,ACTIVO,,,ACTIVO,,,,,,
,OTROS CENTRO SERVICIOS PARTIDOR CENTRO SERVICIOS PARTIDOR LAS LOMAS PIURA PIURA ,,00001943,,,PIURA,,1885,,,,,,PIURA,,00001943,CENTRO DE SALUD EL PARTIDOR,,LAS LOMAS,200111,,ACTIVO,,,ACTIVO,,,,,,
,OTROS COMUNIDAD LA MENTA COMUNIDAD LA MENTA LAS LOMAS PIURA PIURA ,,00001944,,,PIURA,,1886,,,,,,PIURA,,00001944,PUESTO SALUD LA MENTA,,LAS LOMAS,200111,,ACTIVO,,,ACTIVO,,,,,,
,JIRÓN JR. GUEPI- S/N - SUYO S/N JR. GUEPI- S/N - SUYO SUYO AYABACA PIURA ,,00001945,,,AYABACA,,1887,,,,,,PIURA,,00001945,CENTRO DE SALUD SUYO,,SUYO,200210,,ACTIVO,,,ACTIVO,,,,,,
,OTROS CASERIO CHIRINOS - SUYO - AYABACA CASERIO CHIRINOS - SUYO - AYABACA SUYO AYABACA PIURA ,,00001946,,,AYABACA,,1888,,,,,,PIURA,,00001946,PUESTO DE SALUD CHIRINOS,,SUYO,200210,,ACTIVO,,,ACTIVO,,,,,,
,OTROS CASERIO PAMPA LARGA GUITARRAS - SUYO - AYABACA CASERIO PAMPA LARGA GUITARRAS - SUYO - AYABACA SUYO AYABACA PIURA ,,00001947,,,AYABACA,,1889,,,,,,PIURA,,00001947,PUESTO DE SALUD PAMPA LARGA GUITARRAS,,SUYO,200210,,ACTIVO,,,ACTIVO,,,,,,
,OTROS CASERIO LA TINA - SUYO - AYABACA CASERIO LA TINA - SUYO - AYABACA SUYO AYABACA PIURA ,,00001948,,,AYABACA,,1890,,,,,,PIURA,,00001948,PUESTO DE SALUD LA TINA,,SUYO,200210,,ACTIVO,,,ACTIVO,,,,,,
,OTROS CASERIO LA TIENDA - SUYO - AYABACA CASERIO LA TIENDA - SUYO - AYABACA SUYO AYABACA PIURA ,,00001949,,,AYABACA,,1891,,,,,,PIURA,,00001949,PUESTO DE SALUD LA TIENDA,,SUYO,200210,,ACTIVO,,,ACTIVO,,,,,,
,OTROS CASERIO SURPAMPA - SUYO - AYABACA CASERIO SURPAMPA - SUYO - AYABACA SUYO AYABACA PIURA ,,00001950,,,AYABACA,,1892,,,,,,PIURA,,00001950,SURPAMPA,,SUYO,200210,,ACTIVO,,,ACTIVO,,,,,,
,OTROS CASERIO SARAYUYO - SUYO- AYABACA CASERIO SARAYUYO - SUYO- AYABACA SUYO AYABACA PIURA ,,00001951,,,AYABACA,,1893,,,,,,PIURA,,00001951,PUESTO DE SALUD SARAYUYO,,SUYO,200210,,ACTIVO,,,ACTIVO,,,,,,
,OTROS ALTURA DE PUENTE INTERNACIONAL ALTURA DE PUENTE INTERNACIONAL SUYO AYABACA PIURA ,,00001952,,,AYABACA,,1894,,,,,,PIURA,,00001952,PUESTO DE SALUD PUENTE INTERNACIONAL,,SUYO,200210,,ACTIVO,,,ACTIVO,,,,,,
,OTROS CASERIO SANTA ANA DE QUIROZ- SUYO CASERIO SANTA ANA DE QUIROZ- SUYO SUYO AYABACA PIURA ,,00001953,,,AYABACA,,1895,,,,,,PIURA,,00001953,PUESTO DE SALUD SANTA ANA DE QUIROZ,,SUYO,200210,,ACTIVO,,,ACTIVO,,,,,,
,OTROS CASERIO LA LAGUNA CASERIO LA LAGUNA SUYO AYABACA PIURA ,,00001954,,,AYABACA,,1896,,,,,,PIURA,,00001954,PUESTO DE SALUD LA LAGUNA,,SUYO,200210,,ACTIVO,,,ACTIVO,,,,,,
,CALLE CALLE LA ARENA S/N. SAPILLLICA S/N CALLE LA ARENA S/N. SAPILLLICA SAPILLICA AYABACA PIURA ,,00001955,,,AYABACA,,1897,,,,,,PIURA,,00001955,CENTRO DE SALUD SAPILLICA,,SAPILLICA,200208,,ACTIVO,,,ACTIVO,,,,,,
,OTROS CASERIO TASAJERAS CASERIO TASAJERAS SAPILLICA AYABACA PIURA ,,00001956,,,AYABACA,,1898,,,,,,PIURA,,00001956,PUESTO DE SALUD TASAJERAS,,SAPILLICA,200208,,ACTIVO,,,ACTIVO,,,,,,
,OTROS CASERIO COLETAS CHACHACOMAL CASERIO COLETAS CHACHACOMAL SAPILLICA AYABACA PIURA ,,00001957,,,AYABACA,,1899,,,,,,PIURA,,00001957,PUESTO DE SALUD COLETAS DE CHACHACOMAL,,SAPILLICA,200208,,ACTIVO,,,ACTIVO,,,,,,
,OTROS CASERIO EL SAUCE -SAPILLICA CASERIO EL SAUCE -SAPILLICA SAPILLICA AYABACA PIURA ,,00001958,,,AYABACA,,1900,,,,,,PIURA,,00001958,PUESTO DE SALUD EL SAUCE - SAPILLICA,,SAPILLICA,200208,,ACTIVO,,,ACTIVO,,,,,,
,AVENIDA AV.FERNANDO BELAUNDE S/N PAIMAS S/N AV.FERNANDO BELAUNDE S/N PAIMAS PAIMAS AYABACA PIURA ,,00001959,,,AYABACA,,1901,,,,,,PIURA,,00001959,CENTRO DE SALUD PAIMAS,,PAIMAS,200207,,ACTIVO,,,ACTIVO,,,,,,
,OTROS CASERIO LA SAUCHA -PAIMAS CASERIO LA SAUCHA -PAIMAS PAIMAS AYABACA PIURA ,,00001960,,,AYABACA,,1902,,,,,,PIURA,,00001960,PUESTO SALUD LA SAUCHA,,PAIMAS,200207,,ACTIVO,,,ACTIVO,,,,,,
,OTROS CASERIO TONDOPA-PAIMAS CASERIO TONDOPA-PAIMAS PAIMAS AYABACA PIURA ,,00001961,,,AYABACA,,1903,,,,,,PIURA,,00001961,PUESTO DE SALUD TONDOPA,,PAIMAS,200207,,ACTIVO,,,ACTIVO,,,,,,
,CALLE CALLE MIRAMAR S/N- DISTRITO DE JILILI S/N CALLE MIRAMAR S/N- DISTRITO DE JILILI JILILI AYABACA PIURA ,,00001962,,,AYABACA,,1904,,,,,,PIURA,,00001962,CENTRO DE SALUD JILILI,,JILILI,200203,,ACTIVO,,,ACTIVO,,,,,,
,OTROS CASERÍO ANCHALAY -JILILI CASERÍO ANCHALAY -JILILI JILILI AYABACA PIURA ,,00001963,,,AYABACA,,1905,,,,,,PIURA,,00001963,PUESTO DE SALUD ANCHALAY,,JILILI,200203,,ACTIVO,,,ACTIVO,,,,,,
,OTROS CASERIO CUCUYAS - JILILI CASERIO CUCUYAS - JILILI JILILI AYABACA PIURA ,,00001964,,,AYABACA,,1906,,,,,,PIURA,,00001964,CUCUYAS,,JILILI,200203,,ACTIVO,,,ACTIVO,,,,,,
,OTROS CASERIO LAGUNAS S/N S/N CASERIO LAGUNAS S/N LAGUNAS AYABACA PIURA ,,00001965,,,AYABACA,,1907,,,,,,PIURA,,00001965,CENTRO DE SALUD LAGUNAS,,LAGUNAS,200204,,ACTIVO,,,ACTIVO,,,,,,
,OTROS CASERIO EL LUCUMO S/N S/N CASERIO EL LUCUMO S/N LAGUNAS AYABACA PIURA ,,00001966,,,AYABACA,,1908,,,,,,PIURA,,00001966,PUESTO SALUD EL LUCUMO,,LAGUNAS,200204,,ACTIVO,,,ACTIVO,,,,,,
,OTROS CASERIO SALVIA CASERIO SALVIA LAGUNAS AYABACA PIURA ,,00001967,,,AYABACA,,1909,,,,,,PIURA,,00001967,PUESTO DE SALUD SALVIA,,LAGUNAS,200204,,ACTIVO,,,ACTIVO,,,,,,
,OTROS CASERIO SAN JUAN DE LAGUNAS CASERIO SAN JUAN DE LAGUNAS LAGUNAS AYABACA PIURA ,,00001968,,,AYABACA,,1910,,,,,,PIURA,,00001968,PUESTO DE SALUD SAN JUAN DE LAGUNAS,,LAGUNAS,200204,,ACTIVO,,,ACTIVO,,,,,,
,OTROS CASERIO PILLO S/N S/N CASERIO PILLO S/N LAGUNAS AYABACA PIURA ,,00001969,,,AYABACA,,1911,,,,,,PIURA,,00001969,PUESTO SALUD PILLO,,LAGUNAS,200204,,ACTIVO,,,ACTIVO,,,,,,
,JIRÓN JR. PIURA S/N MONTERO S/N JR. PIURA S/N MONTERO MONTERO AYABACA PIURA ,,00001970,,,AYABACA,,1912,,,,,,PIURA,,00001970,CENTRO DE SALUD MONTERO,,MONTERO,200205,,ACTIVO,,,ACTIVO,,,,,,
,OTROS CASERIO SICACATE - MONTERO CASERIO SICACATE - MONTERO MONTERO AYABACA PIURA ,,00001971,,,AYABACA,,1913,,,,,,PIURA,,00001971,PUESTO DE SALUD SICACATE,,MONTERO,200205,,ACTIVO,,,ACTIVO,,,,,,
,OTROS CASERIO MARMAS ALTO CASERIO MARMAS ALTO MONTERO AYABACA PIURA ,,00001972,,,AYABACA,,1914,,,,,,PIURA,,00001972,PUESTO DE SALUD MARMAS ALTO,,MONTERO,200205,,ACTIVO,,,ACTIVO,,,,,,
,OTROS CASERIO QUEBRADA DE AGUA MONTERO CASERIO QUEBRADA DE AGUA MONTERO MONTERO AYABACA PIURA ,,00001973,,,AYABACA,,1915,,,,,,PIURA,,00001973,PUESTO DE SALUD QUEBRADA DE AGUA,,MONTERO,200205,,ACTIVO,,,ACTIVO,,,,,,
,JIRÓN JR. UNION S/N SICCHEZ S/N JR. UNION S/N SICCHEZ SICCHEZ AYABACA PIURA ,,00001974,,,AYABACA,,1916,,,,,,PIURA,,00001974,CENTRO DE SALUD SICCHEZ,,SICCHEZ,200209,,ACTIVO,,,ACTIVO,,,,,,
,OTROS CASERIO OXAHUAY - SICCHEZ CASERIO OXAHUAY - SICCHEZ SICCHEZ AYABACA PIURA ,,00001975,,,AYABACA,,1917,,,,,,PIURA,,00001975,PUESTO DE SALUD OXAHUAY,,SICCHEZ,200209,,ACTIVO,,,ACTIVO,,,,,,
,OTROS CASERIOI AMBASAL CASERIOI AMBASAL SICCHEZ AYABACA PIURA ,,00001976,,,AYABACA,,1918,,,,,,PIURA,,00001976,PUESTO DE SALUD AMBASAL,,SICCHEZ,200209,,ACTIVO,,,ACTIVO,,,,,,
,OTROS ZONA INDUSTRIAL AA.HH. FROILAN ALAMA ZONA INDUSTRIAL AA.HH. FROILAN ALAMA TAMBO GRANDE PIURA PIURA ,,00001977,,,PIURA,,1919,,,,,,PIURA,,00001977,CENTRO DE SALUD TAMBOGRANDE,,TAMBO GRANDE,200114,,ACTIVO,,,ACTIVO,,,,,,
,OTROS CASERIO SAN ISIDRO CASERIO SAN ISIDRO TAMBO GRANDE PIURA PIURA ,,00001978,,,PIURA,,1920,,,,,,PIURA,,00001978,CENTRO DE SALUD SAN ISIDRO,,TAMBO GRANDE,200114,,ACTIVO,,,ACTIVO,,,,,,
,OTROS CASERIO CRUCETA TAMBOGRANDE CASERIO CRUCETA TAMBOGRANDE TAMBO GRANDE PIURA PIURA ,,00001979,,,PIURA,,1921,,,,,,PIURA,,00001979,PUESTO DE SALUD CRUCETA,,TAMBO GRANDE,200114,,ACTIVO,,,ACTIVO,,,,,,
,OTROS CENTRO POBLADO DE TEJEDORES CENTRO POBLADO DE TEJEDORES TAMBO GRANDE PIURA PIURA ,,00001980,,,PIURA,,1922,,,,,,PIURA,,00001980,PUESTO SALUD TEJEDORES,,TAMBO GRANDE,200114,,ACTIVO,,,ACTIVO,,,,,,
,OTROS CASERIO MALINGAS -TAMBOGRANDE CASERIO MALINGAS -TAMBOGRANDE TAMBO GRANDE PIURA PIURA ,,00001981,,,PIURA,,1923,,,,,,PIURA,,00001981,CENTRO DE SALUD MALINGAS,,TAMBO GRANDE,200114,,ACTIVO,,,ACTIVO,,,,,,
,OTROS CASERIO MALINGUITAS CASERIO MALINGUITAS TAMBO GRANDE PIURA PIURA ,,00001982,,,PIURA,,1924,,,,,,PIURA,,00001982,PUESTO DE SALUD MALINGUITAS,,TAMBO GRANDE,200114,,ACTIVO,,,ACTIVO,,,,,,
,OTROS CASERIO PAPAYO ALGARROBO CASERIO PAPAYO ALGARROBO TAMBO GRANDE PIURA PIURA ,,00001983,,,PIURA,,1925,,,,,,PIURA,,00001983,PUESTO DE SALUD PAPAYO - EL ALGARROBO,,TAMBO GRANDE,200114,,ACTIVO,,,ACTIVO,,,,,,
,OTROS CENTRO POBLADO SANTA ANA MZ X LOTE 59 CENTRO POBLADO SANTA ANA MZ X LOTE 59 TAMBO GRANDE PIURA PIURA ,,00001984,,,PIURA,,1926,,,,,,PIURA,,00001984,PUESTO DE SALUD SANTA ANA,,TAMBO GRANDE,200114,,ACTIVO,,,ACTIVO,,,,,,
,OTROS CASERIO LA PEÑITA - TAMBOGRANDE CASERIO LA PEÑITA - TAMBOGRANDE TAMBO GRANDE PIURA PIURA ,,00001985,,,PIURA,,1927,,,,,,PIURA,,00001985,PUESTO DE SALUD LA PEÑITA,,TAMBO GRANDE,200114,,ACTIVO,,,ACTIVO,,,,,,
,OTROS CENTRO POBLADO CHICA ALTA CENTRO POBLADO CHICA ALTA TAMBO GRANDE PIURA PIURA ,,00001986,,,PIURA,,1928,,,,,,PIURA,,00001986,PUESTO DE SALUD CHICA ALTA,,TAMBO GRANDE,200114,,ACTIVO,,,ACTIVO,,,,,,
,JIRÓN SINCHI ROCA JR. INTY RAYMI SINCHI ROCA JR. INTY RAYMI TAMBO GRANDE PIURA PIURA ,,00001987,,,PIURA,,1929,,,,,,PIURA,,00001987,PUESTO DE SALUD SINCHI ROCA,,TAMBO GRANDE,200114,,ACTIVO,,,ACTIVO,,,,,,
,OTROS CASERIO LAS MONICAS CASERIO LAS MONICAS TAMBO GRANDE PIURA PIURA ,,00001988,,,PIURA,,1930,,,,,,PIURA,,00001988,PUESTO DE SALUD LAS MONICAS,,TAMBO GRANDE,200114,,ACTIVO,,,ACTIVO,,,,,,
,OTROS CASERIO PEDREGAL - TAMBOGRANDE CASERIO PEDREGAL - TAMBOGRANDE TAMBO GRANDE PIURA PIURA ,,00001989,,,PIURA,,1931,,,,,,PIURA,,00001989,PUESTO DE SALUD PEDREGAL,,TAMBO GRANDE,200114,,ACTIVO,,,ACTIVO,,,,,,
,OTROS CASERIO PALOMINOS CASERIO PALOMINOS TAMBO GRANDE PIURA PIURA ,,00001990,,,PIURA,,1932,,,,,,PIURA,,00001990,PUESTO DE SALUD PALOMINOS,,TAMBO GRANDE,200114,,ACTIVO,,,ACTIVO,,,,,,
,OTROS CASERIO LLOQUE YUPANQUI CASERIO LLOQUE YUPANQUI TAMBO GRANDE PIURA PIURA ,,00001991,,,PIURA,,1933,,,,,,PIURA,,00001991,PUESTO DE SALUD LLOQUE YUPANQUI,,TAMBO GRANDE,200114,,ACTIVO,,,ACTIVO,,,,,,
,CALLE EL PORVENIR - HUALTACO III S/N CASERIO EL PORVENIR TAMBO GRANDE PIURA PIURA ,,00001992,,,PIURA,,1934,,,,,,PIURA,,00001992,PUESTO DE SALUD EL PORVENIR,,TAMBO GRANDE,200114,,ACTIVO,,,ACTIVO,,,,,,
,OTROS CASERIO YAHUAR HUACA CASERIO YAHUAR HUACA TAMBO GRANDE PIURA PIURA ,,00001993,,,PIURA,,1935,,,,,,PIURA,,00001993,PUESTO SALUD YAHUAR HUACA,,TAMBO GRANDE,200114,,ACTIVO,,,ACTIVO,,,,,,
,OTROS CASERIO OCOTO ALTO CASERIO OCOTO ALTO TAMBO GRANDE PIURA PIURA ,,00001994,,,PIURA,,1936,,,,,,PIURA,,00001994,PUESTO DE SALUD OCOTO ALTO,,TAMBO GRANDE,200114,,ACTIVO,,,ACTIVO,,,,,,
,OTROS CASERIO PROGRESO BAJO CASERIO PROGRESO BAJO TAMBO GRANDE PIURA PIURA ,,00001995,,,PIURA,,1937,,,,,,PIURA,,00001995,PUESTO DE SALUD PROGRESO BAJO,,TAMBO GRANDE,200114,,ACTIVO,,,ACTIVO,,,,,,
,OTROS CENTRO POBLADO CP-3 CENTRO POBLADO CP-3 TAMBO GRANDE PIURA PIURA ,,00001996,,,PIURA,,1938,,,,,,PIURA,,00001996,CP3 - SAN MARTIN,,TAMBO GRANDE,200114,,ACTIVO,,,ACTIVO,,,,,,
,OTROS CASERIO CP4 DISTRITO TAMBO GRANDE PROVINCIA PIURA DEPARTAMENTO PIURA ,,00001997,,,PIURA,,1939,,,,,,PIURA,,00001997,PUESTO DE SALUD CP4,,TAMBO GRANDE,200114,,ACTIVO,,,ACTIVO,,,,,,
,OTROS CASERIO GUARAGUAOS CASERIO GUARAGUAOS TAMBO GRANDE PIURA PIURA ,,00001998,,,PIURA,,1940,,,,,,PIURA,,00001998,PUESTO DE SALUD GUARAGUAOS,,TAMBO GRANDE,200114,,ACTIVO,,,ACTIVO,,,,,,
,AVENIDA AV. INTERNACIONAL S/N CENTRO POBLADO LA GREDA NUEVA S/N AV. INTERNACIONAL S/N CENTRO POBLADO LA GREDA NUEVA TAMBO GRANDE PIURA PIURA ,,00001999,,,PIURA,,1941,,,,,,PIURA,,00001999,PUESTO DE SALUD LA GREDA,,TAMBO GRANDE,200114,,ACTIVO,,,ACTIVO,,,,,,
,OTROS CASERIO LA RITA - TAMBOGRANDE CASERIO LA RITA - TAMBOGRANDE TAMBO GRANDE PIURA PIURA ,,00002000,,,PIURA,,1942,,,,,,PIURA,,00002000,PUESTO SALUD LA RITA,,TAMBO GRANDE,200114,,ACTIVO,,,ACTIVO,,,,,,
,OTROS TRANSVERSAL LUCIANO CASTILLO COLONNA S/N A.H ESTEBAN PAULETICH BELLAVISTA S/N TRANSVERSAL LUCIANO CASTILLO COLONNA S/N A.H ESTEBAN PAULETICH BELLAVISTA BELLAVISTA SULLANA PIURA ,,00002001,,,SULLANA,,1943,,,,,,PIURA,,00002001,CENTRO DE SALUD BELLAVISTA,,BELLAVISTA,200602,,ACTIVO,,,ACTIVO,,,,,,
,OTROS SOMATE SOMATE SULLANA SULLANA PIURA ,,00002002,,,SULLANA,,1944,,,,,,PIURA,,00002002,PUESTO DE SALUD SOMATE CENTRO DE SERVICIOS,,SULLANA,200601,,ACTIVO,,,ACTIVO,,,,,,
,OTROS HUANGALA HUANGALA SULLANA SULLANA PIURA ,,00002003,,,SULLANA,,1945,,,,,,PIURA,,00002003,PUESTO SALUD DE HUANGALA,,SULLANA,200601,,ACTIVO,,,ACTIVO,,,,,,
,OTROS CHALACALA CHALACALA SULLANA SULLANA PIURA ,,00002004,,,SULLANA,,1946,,,,,,PIURA,,00002004,PUESTO DE SALUD CHALACALA BAJA,,SULLANA,200601,,ACTIVO,,,ACTIVO,,,,,,
,"OTROS CASERIO STA, ROSA DE PIEDRA RODADA CASERIO STA, ROSA DE PIEDRA RODADA SULLANA SULLANA PIURA ",,00002005,,,SULLANA,,1947,,,,,,PIURA,,00002005,PUESTO DE SALUD STA. ROSA DE PIEDRA RODADA,,SULLANA,200601,,ACTIVO,,,ACTIVO,,,,,,
,OTROS SOMATE BAJO SOMATE BAJO SULLANA SULLANA PIURA ,,00002006,,,SULLANA,,1948,,,,,,PIURA,,00002006,PUESTO DE SALUD SOMATE BAJO,,SULLANA,200601,,ACTIVO,,,ACTIVO,,,,,,
,OTROS SAN VICENTE DE PIEDRA RODADA SAN VICENTE DE PIEDRA RODADA SULLANA SULLANA PIURA ,,00002007,,,SULLANA,,1949,,,,,,PIURA,,00002007,PUESTO DE SALUD SAN VICENTE-PIEDRA RODADA,,SULLANA,200601,,ACTIVO,,,ACTIVO,,,,,,
,OTROS SOMATE ALTO S/N BELLAVISTA S/N SOMATE ALTO S/N BELLAVISTA SULLANA SULLANA PIURA ,,00002008,,,SULLANA,,1950,,,,,,PIURA,,00002008,PUESTO DE SALUD SOMATE ALTO,,SULLANA,200601,,ACTIVO,,,ACTIVO,,,,,,
,AVENIDA CENTRO POBLADO EL CUCHO AV. LATINA S/N S/N CENTRO POBLADO EL CUCHO AV. LATINA S/N SULLANA SULLANA PIURA ,,00002009,,,SULLANA,,1951,,,,,,PIURA,,00002009,PUESTO DE SALUD EL CUCHO,,SULLANA,200601,,ACTIVO,,,ACTIVO,,,,,,
,OTROS CASERIO JOSE OLAYA CASERIO JOSE OLAYA SULLANA SULLANA PIURA ,,00002010,,,SULLANA,,1952,,,,,,PIURA,,00002010,PUESTO DE SALUD JOSE OLAYA,,SULLANA,200601,,ACTIVO,,,ACTIVO,,,,,,
,OTROS PARIÑAS S/N. SANTA TERESITA S/N PARIÑAS S/N. SANTA TERESITA SULLANA SULLANA PIURA ,,00002011,,,SULLANA,,1953,,,,,,PIURA,,00002011,CENTRO DE SALUD SANTA TERESITA,,SULLANA,200601,,ACTIVO,,,ACTIVO,,,,,,
,OTROS LOS LAURELES S/N VILLA PRIMAVERA S/N LOS LAURELES S/N VILLA PRIMAVERA SULLANA SULLANA PIURA ,,00002012,,,SULLANA,,1954,,,,,,PIURA,,00002012,"CENTRO DE SALUD ""VILLA PRIMAVERA""",,SULLANA,200601,,ACTIVO,,,ACTIVO,,,,,,
,OTROS VICHAYAL Nº1101 NUEVE DE OCTUBRE VICHAYAL Nº1101 NUEVE DE OCTUBRE SULLANA SULLANA PIURA ,,00002013,,,SULLANA,,1955,,,,,,PIURA,,00002013,CENTRO DE SALUD NUEVE DE OCTUBRE,,SULLANA,200601,,ACTIVO,,,ACTIVO,,,,,,
,OTROS ASENTAMIENTO HUMANO EL OBRERO ASENTAMIENTO HUMANO EL OBRERO SULLANA SULLANA PIURA ,,00002014,,,SULLANA,,1956,,,,,,PIURA,,00002014,CENTRO DE SALUD EL OBRERO,,SULLANA,200601,,ACTIVO,,,ACTIVO,,,,,,
,OTROS CASERIO CIENEGUILLO CENTRO CASERIO CIENEGUILLO CENTRO SULLANA SULLANA PIURA ,,00002015,,,SULLANA,,1957,,,,,,PIURA,,00002015,PUESTO DE SALUD CIENEGUILLO CENTRO,,SULLANA,200601,,ACTIVO,,,ACTIVO,,,,,,
,OTROS CASERIO CANAL MOCHO CIENEGUILLO SUR CASERIO CANAL MOCHO CIENEGUILLO SUR SULLANA SULLANA PIURA ,,00002016,,,SULLANA,,1958,,,,,,PIURA,,00002016,CANAL MOCHO-CIENEGUILLO SUR,,SULLANA,200601,,ACTIVO,,,ACTIVO,,,,,,
,OTROS NUEVA SULLANA NUEVA SULLANA SULLANA SULLANA PIURA ,,00002017,,,SULLANA,,1959,,,,,,PIURA,,00002017,CENTRO DE SALUD NUEVO SULLANA,,SULLANA,200601,,ACTIVO,,,ACTIVO,,,,,,
,CALLE CALLE MARÍA AUXILIADORA N° 1101 SANCHEZ CERRO CALLE MARÍA AUXILIADORA N° 1101 SANCHEZ CERRO SULLANA SULLANA PIURA ,,00002018,,,SULLANA,,1960,,,,,,PIURA,,00002018,CENTRO DE SALUD COMUNIDAD SALUDABLE,,SULLANA,200601,,ACTIVO,,,ACTIVO,,,,,,
,OTROS JOSE OLAYA JOSE OLAYA MIGUEL CHECA SULLANA PIURA ,,00002019,,,SULLANA,,1961,,,,,,PIURA,,00002019,CENTRO DE SALUD MIGUEL CHECA,,MIGUEL CHECA,200606,,ACTIVO,,,ACTIVO,,,,,,
,JIRÓN JR. SAN PABLO Nº 105 JR. SAN PABLO Nº 105 MIGUEL CHECA SULLANA PIURA ,,00002020,,,SULLANA,,1962,,,,,,PIURA,,00002020,PUESTO DE SALUD JIBITO,,MIGUEL CHECA,200606,,ACTIVO,,,ACTIVO,,,,,,
,OTROS LOS PESCADORES S/N LA PUNTA S/N LOS PESCADORES S/N LA PUNTA PAITA PAITA PIURA ,,00002021,,,PAITA,,1963,,,,,,PIURA,,00002021,HOSPITAL DE APOYO II - 1 NUESTRA SEÑORA DE LAS MERCEDES - PAITA,,PAITA,200501,,ACTIVO,,,ACTIVO,,,,,,
,OTROS CALETA LA ISLILLA  - PAITA CALETA LA ISLILLA  - PAITA PAITA PAITA PIURA ,,00002022,,,PAITA,,1964,,,,,,PIURA,,00002022,PUESTO DE SALUD LA ISLILLA,,PAITA,200501,,ACTIVO,,,ACTIVO,,,,,,
,OTROS CALETA YACILA CALETA YACILA PAITA PAITA PIURA ,,00002023,,,PAITA,,1965,,,,,,PIURA,,00002023,PUESTO DE SALUD YACILA,,PAITA,200501,,ACTIVO,,,ACTIVO,,,,,,
,OTROS CASERIO SAN LUCAS DE COLAN CASERIO SAN LUCAS DE COLAN COLAN PAITA PIURA ,,00002024,,,PAITA,,1966,,,,,,PIURA,,00002024,PUESTO DE SALUD SAN LUCAS DE COLAN,,COLAN,200504,,ACTIVO,,,ACTIVO,,,,,,
,OTROS CASERIO EL ARENAL CASERIO EL ARENAL ARENAL PAITA PIURA ,,00002025,,,PAITA,,1967,,,,,,PIURA,,00002025,CENTRO DE SALUD EL ARENAL,,ARENAL,200503,,ACTIVO,,,ACTIVO,,,,,,
,JIRÓN JR. ALFONSO UGARTE S/N S/N JR. ALFONSO UGARTE S/N COLAN PAITA PIURA ,,00002026,,,PAITA,,1968,,,,,,PIURA,,00002026,"CENTRO DE SALUD ""PUEBLO NUEVO DE COLAN""",,COLAN,200504,,ACTIVO,,,ACTIVO,,,,,,
,CALLE CALLE INCLAN N°409 CALLE INCLAN N°409 LA HUACA PAITA PIURA ,,00002027,,,PAITA,,1969,,,,,,PIURA,,00002027,CENTRO DE SALUD LA HUACA,,LA HUACA,200505,,ACTIVO,,,ACTIVO,,,,,,
,OTROS CASERIO VIVIATE CASERIO VIVIATE LA HUACA PAITA PIURA ,,00002028,,,PAITA,,1970,,,,,,PIURA,,00002028,CENTRO DE SALUD VIVIATE,,LA HUACA,200505,,ACTIVO,,,ACTIVO,,,,,,
,OTROS CASERIO NOMARA CASERIO NOMARA LA HUACA PAITA PIURA ,,00002029,,,PAITA,,1971,,,,,,PIURA,,00002029,PUESTO DE SALUD NOMARA,,LA HUACA,200505,,ACTIVO,,,ACTIVO,,,,,,
,OTROS CASERIO MACACARA CASERIO MACACARA LA HUACA PAITA PIURA ,,00002030,,,PAITA,,1972,,,,,,PIURA,,00002030,MACACARA,,LA HUACA,200505,,ACTIVO,,,ACTIVO,,,,,,
,OTROS CASERIO LA ISLA SAN LORENZO CASERIO LA ISLA SAN LORENZO VICHAYAL PAITA PIURA ,,00002031,,,PAITA,,1973,,,,,,PIURA,,00002031,PUESTO DE SALUD LA ISLA SAN LORENZO,,VICHAYAL,200507,,ACTIVO,,,ACTIVO,,,,,,
,OTROS PANAMERICANA S-N MARCAVELICA PANAMERICANA S-N MARCAVELICA MARCAVELICA SULLANA PIURA ,,00002032,,,SULLANA,,1974,,,,,,PIURA,,00002032,CENTRO DE SALUD MARCAVELICA,,MARCAVELICA,200605,,ACTIVO,,,ACTIVO,,,,,,
,OTROS PANAMERICANA S-N MALLARITOS PANAMERICANA S-N MALLARITOS MARCAVELICA SULLANA PIURA ,,00002033,,,SULLANA,,1975,,,,,,PIURA,,00002033,PUESTO DE SALUD MALLARITOS,,MARCAVELICA,200605,,ACTIVO,,,ACTIVO,,,,,,
,AVENIDA AV. GRAU S-N LA GOLONDRINA AV. GRAU S-N LA GOLONDRINA MARCAVELICA SULLANA PIURA ,,00002034,,,SULLANA,,1976,,,,,,PIURA,,00002034,LA GOLONDRINA,,MARCAVELICA,200605,,ACTIVO,,,ACTIVO,,,,,,
,OTROS CASERIO MALLARES CASERIO MALLARES MARCAVELICA SULLANA PIURA ,,00002035,,,SULLANA,,1977,,,,,,PIURA,,00002035,PUESTO DE SALUD MALLARES,,MARCAVELICA,200605,,ACTIVO,,,ACTIVO,,,,,,
,AVENIDA AV. GRAU S/N MONTERON S/N AV. GRAU S/N MONTERON MARCAVELICA SULLANA PIURA ,,00002036,,,SULLANA,,1978,,,,,,PIURA,,00002036,PUESTO DE SALUD MONTERON,,MARCAVELICA,200605,,ACTIVO,,,ACTIVO,,,,,,
,OTROS CASERIO TANGARARA CASERIO TANGARARA MARCAVELICA SULLANA PIURA ,,00002037,,,SULLANA,,1979,,,,,,PIURA,,00002037,PUESTO DE SALUD TANGARARA,,MARCAVELICA,200605,,ACTIVO,,,ACTIVO,,,,,,
,OTROS CASERIO SAMAN MALLARES CASERIO SAMAN MALLARES MARCAVELICA SULLANA PIURA ,,00002038,,,SULLANA,,1980,,,,,,PIURA,,00002038,PUESTO DE SALUD SAMAN,,MARCAVELICA,200605,,ACTIVO,,,ACTIVO,,,,,,
,OTROS CASERIO VISTA FLORIDA - MARCAVELICA CASERIO VISTA FLORIDA - MARCAVELICA MARCAVELICA SULLANA PIURA ,,00002039,,,SULLANA,,1981,,,,,,PIURA,,00002039,PUESTO DE SALUD VISTA FLORIDA,,MARCAVELICA,200605,,ACTIVO,,,ACTIVO,,,,,,
,OTROS CASERIO LA NORIA- MARCAVELICA CASERIO LA NORIA- MARCAVELICA MARCAVELICA SULLANA PIURA ,,00002040,,,SULLANA,,1982,,,,,,PIURA,,00002040,PUESTO DE SALUD LA NORIA,,MARCAVELICA,200605,,ACTIVO,,,ACTIVO,,,,,,
,OTROS BARRIO CENTRO S-N LA QUINTA BARRIO CENTRO S-N LA QUINTA MARCAVELICA SULLANA PIURA ,,00002041,,,SULLANA,,1983,,,,,,PIURA,,00002041,PUESTO DE SALUD LA QUINTA,,MARCAVELICA,200605,,ACTIVO,,,ACTIVO,,,,,,
,AVENIDA AV. PANAMERICANA NORTE S/N IGNACIO ESCUDERO S/N AV. PANAMERICANA NORTE S/N IGNACIO ESCUDERO IGNACIO ESCUDERO SULLANA PIURA ,,00002042,,,SULLANA,,1984,,,,,,PIURA,,00002042,CENTRO DE SALUD IGNACIO ESCUDERO,,IGNACIO ESCUDERO,200603,,ACTIVO,,,ACTIVO,,,,,,
,OTROS CASERIO SAN JUAN DE LA VIRGEN CASERIO SAN JUAN DE LA VIRGEN IGNACIO ESCUDERO SULLANA PIURA ,,00002043,,,SULLANA,,1985,,,,,,PIURA,,00002043,PUESTO DE SALUD SAN JUAN DE LA VIRGEN,,IGNACIO ESCUDERO,200603,,ACTIVO,,,ACTIVO,,,,,,
,OTROS CASERIO MONTELIMA CASERIO MONTELIMA IGNACIO ESCUDERO SULLANA PIURA ,,00002044,,,SULLANA,,1986,,,,,,PIURA,,00002044,PUESTO DE SALUD MONTE LIMA,,IGNACIO ESCUDERO,200603,,ACTIVO,,,ACTIVO,,,,,,
,OTROS CASERIO SANTA SOFIA CASERIO SANTA SOFIA IGNACIO ESCUDERO SULLANA PIURA ,,00002045,,,SULLANA,,1987,,,,,,PIURA,,00002045,PUESTO DE SALUD SANTA SOFIA,,IGNACIO ESCUDERO,200603,,ACTIVO,,,ACTIVO,,,,,,
,OTROS CASERIO SAN MIGUEL CASERIO SAN MIGUEL IGNACIO ESCUDERO SULLANA PIURA ,,00002046,,,SULLANA,,1988,,,,,,PIURA,,00002046,PUESTO DE SALUD SAN MIGUEL,,IGNACIO ESCUDERO,200603,,ACTIVO,,,ACTIVO,,,,,,
,CALLE CALLE BOLIVAR S/N AMOTAPE S/N CALLE BOLIVAR S/N AMOTAPE AMOTAPE PAITA PIURA ,,00002047,,,PAITA,,1989,,,,,,PIURA,,00002047,PUESTO DE SALUD AMOTAPE,,AMOTAPE,200502,,ACTIVO,,,ACTIVO,,,,,,
,OTROS CASERIO EL TAMBO CASERIO EL TAMBO AMOTAPE PAITA PIURA ,,00002048,,,PAITA,,1990,,,,,,PIURA,,00002048,PUESTO DE SALUD EL TAMBO,,AMOTAPE,200502,,ACTIVO,,,ACTIVO,,,,,,
,CALLE CALLE CONSTITUCION S/N TAMARINDO S/N CALLE CONSTITUCION S/N TAMARINDO TAMARINDO PAITA PIURA ,,00002049,,,PAITA,,1991,,,,,,PIURA,,00002049,CENTRO DE SALUD TAMARINDO,,TAMARINDO,200506,,ACTIVO,,,ACTIVO,,,,,,
,CALLE CALLE MIGUEL GRAU N° 525 CALLE MIGUEL GRAU N° 525 QUERECOTILLO SULLANA PIURA ,,00002050,,,SULLANA,,1992,,,,,,PIURA,,00002050,CENTRO DE SALUD QUERECOTILLO,,QUERECOTILLO,200607,,ACTIVO,,,ACTIVO,,,,,,
,OTROS CASERIO SAN FRANCISCO  CHOCAN CASERIO SAN FRANCISCO  CHOCAN QUERECOTILLO SULLANA PIURA ,,00002052,,,SULLANA,,1993,,,,,,PIURA,,00002052,PUESTO DE SALUD SAN FRANCISCO DE CHOCAN,,QUERECOTILLO,200607,,ACTIVO,,,ACTIVO,,,,,,
,OTROS CASERIO LA PEÑA -LA HORCA CASERIO LA PEÑA -LA HORCA QUERECOTILLO SULLANA PIURA ,,00002053,,,SULLANA,,1994,,,,,,PIURA,,00002053,PUESTO DE SALUD LA PEÑA - LA HORCA,,QUERECOTILLO,200607,,ACTIVO,,,ACTIVO,,,,,,
,OTROS LA MARGARITA LA MARGARITA QUERECOTILLO SULLANA PIURA ,,00002054,,,SULLANA,,1995,,,,,,PIURA,,00002054,PUESTO DE SALUD LA MARGARITA,,QUERECOTILLO,200607,,ACTIVO,,,ACTIVO,,,,,,
,OTROS CASERIO SANTA VICTORIA CASERIO SANTA VICTORIA QUERECOTILLO SULLANA PIURA ,,00002055,,,SULLANA,,1996,,,,,,PIURA,,00002055,PUESTO SALUD SANTA VICTORIA,,QUERECOTILLO,200607,,ACTIVO,,,ACTIVO,,,,,,
,OTROS CASERIO PUENTE DE LOS SERRANOS CASERIO PUENTE DE LOS SERRANOS QUERECOTILLO SULLANA PIURA ,,00002056,,,SULLANA,,1997,,,,,,PIURA,,00002056,PUESTO DE SALUD PUENTE DE LOS SERRANOS,,QUERECOTILLO,200607,,ACTIVO,,,ACTIVO,,,,,,
,OTROS CASERIO STA. CRUZ CASERIO STA. CRUZ QUERECOTILLO SULLANA PIURA ,,00002057,,,SULLANA,,1998,,,,,,PIURA,,00002057,PUESTO DE SALUD SANTA CRUZ,,QUERECOTILLO,200607,,ACTIVO,,,ACTIVO,,,,,,
,OTROS TRANSV. GALVEZ CON BOLOGNESI SALITRAL TRANSV. GALVEZ CON BOLOGNESI SALITRAL SALITRAL SULLANA PIURA ,,00002058,,,SULLANA,,1999,,,,,,PIURA,,00002058,CENTRO DE SALUD SALITRAL,,SALITRAL,200608,,ACTIVO,,,ACTIVO,,,,,,
,CALLE CALLE BOLIVAR S/N - MIRAFLORES S/N CALLE BOLIVAR S/N - MIRAFLORES SALITRAL SULLANA PIURA ,,00002059,,,SULLANA,,2000,,,,,,PIURA,,00002059,PUESTO DE SALUD MIRAFLORES,,SALITRAL,200608,,ACTIVO,,,ACTIVO,,,,,,
,CALLE CALLE SAN LUCAS S/N LANCONES S/N CALLE SAN LUCAS S/N LANCONES LANCONES SULLANA PIURA ,,00002060,,,SULLANA,,2001,,,,,,PIURA,,00002060,CENTRO DE SALUD LANCONES,,LANCONES,200604,,ACTIVO,,,ACTIVO,,,,,,
,OTROS CASERIO ENCUENTRO DE PILARES CASERIO ENCUENTRO DE PILARES LANCONES SULLANA PIURA ,,00002061,,,SULLANA,,2002,,,,,,PIURA,,00002061,PUESTO DE SALUD ENCUENTRO DE PILARES,,LANCONES,200604,,ACTIVO,,,ACTIVO,,,,,,
,OTROS CASERIO JAHUAY NEGRO - LANCONES CASERIO JAHUAY NEGRO - LANCONES LANCONES SULLANA PIURA ,,00002062,,,SULLANA,,2003,,,,,,PIURA,,00002062,PUESTO DE SALUD JAHUAY NEGRO,,LANCONES,200604,,ACTIVO,,,ACTIVO,,,,,,
,OTROS CASERIO HUASIMAL DE LA SOLANA CASERIO HUASIMAL DE LA SOLANA LANCONES SULLANA PIURA ,,00002063,,,SULLANA,,2004,,,,,,PIURA,,00002063,PUESTO DE SALUD HUASIMAL DE LA SOLANA,,LANCONES,200604,,ACTIVO,,,ACTIVO,,,,,,
,OTROS CASERIO PLAYAS DE ROMERO CASERIO PLAYAS DE ROMERO LANCONES SULLANA PIURA ,,00002064,,,SULLANA,,2005,,,,,,PIURA,,00002064,PUESTO DE SALUD PLAYAS DE ROMERO,,LANCONES,200604,,ACTIVO,,,ACTIVO,,,,,,
,OTROS CASERIO EL ALAMOR - LANCONES CASERIO EL ALAMOR - LANCONES LANCONES SULLANA PIURA ,,00002065,,,SULLANA,,2006,,,,,,PIURA,,00002065,PUESTO DE SALUD EL ALAMOR,,LANCONES,200604,,ACTIVO,,,ACTIVO,,,,,,
,OTROS CASERIO QUEBRADA SECA CASERIO QUEBRADA SECA LANCONES SULLANA PIURA ,,00002066,,,SULLANA,,2007,,,,,,PIURA,,00002066,PUESTO DE SALUD QUEBRADA SECA,,LANCONES,200604,,ACTIVO,,,ACTIVO,,,,,,
,OTROS CASERIO EL PITAYO DISTRITO LANCONES PROVINCIA SULLANA DEPARTAMENTO PIURA ,,00002067,,,SULLANA,,2008,,,,,,PIURA,,00002067,PUESTO DE SALUD EL PITAYO,,LANCONES,200604,,ACTIVO,,,ACTIVO,,,,,,
,OTROS CASERIO CHILACO PELADOS CASERIO CHILACO PELADOS LANCONES SULLANA PIURA ,,00002068,,,SULLANA,,2009,,,,,,PIURA,,00002068,PUESTO DE SALUD CHILACO PELADOS,,LANCONES,200604,,ACTIVO,,,ACTIVO,,,,,,
,OTROS CASERIO PILARES CASERIO PILARES LANCONES SULLANA PIURA ,,00002069,,,SULLANA,,2010,,,,,,PIURA,,00002069,PUESTO DE SALUD PILARES,,LANCONES,200604,,ACTIVO,,,ACTIVO,,,,,,
,OTROS CASERIO CHORRERA DE PULGUERAS CASERIO CHORRERA DE PULGUERAS LANCONES SULLANA PIURA ,,00002070,,,SULLANA,,2011,,,,,,PIURA,,00002070,PUESTO DE SALUD CHORRERA  DE PULGUERAS,,LANCONES,200604,,ACTIVO,,,ACTIVO,,,,,,
,OTROS CASERÍO LA PEÑITA - LANCONES CASERÍO LA PEÑITA - LANCONES LANCONES SULLANA PIURA ,,00002071,,,SULLANA,,2012,,,,,,PIURA,,00002071,PUESTO DE SALUD LA PEÑITA - LANCONES,,LANCONES,200604,,ACTIVO,,,ACTIVO,,,,,,
,OTROS CASERIO CASAS QUEMADAS - LANCONES CASERIO CASAS QUEMADAS - LANCONES LANCONES SULLANA PIURA ,,00002072,,,SULLANA,,2013,,,,,,PIURA,,00002072,PUESTO DE SALUD CASAS QUEMADAS,,LANCONES,200604,,ACTIVO,,,ACTIVO,,,,,,
,AVENIDA AV. SAN MARTIN 17 TALARA AV. SAN MARTIN 17 TALARA PARIÑAS TALARA PIURA ,,00002073,,,TALARA,,2014,,,,,,PIURA,,00002073,CENTRO DE SALUD JOSE ABELARDO QUINONES,,PARIÑAS,200701,,ACTIVO,,,ACTIVO,,,,,,
,AVENIDA AVENIDA GRAU S/N EXPOLICLINICO PETROPERU S/N AVENIDA GRAU S/N EXPOLICLINICO PETROPERU PARIÑAS TALARA PIURA ,,00002074,,,TALARA,,2015,,,,,,PIURA,,00002074,CENTRO DE SALUD TALARA II,,PARIÑAS,200701,,ACTIVO,,,ACTIVO,,,,,,
,OTROS URB. SUD AMERICA D-14 TALARA URB. SUD AMERICA D-14 TALARA LA BREA TALARA PIURA ,,00002075,,,TALARA,,2016,,,,,,PIURA,,00002075,CENTRO DE SALUD NEGRITOS,,LA BREA,200703,,ACTIVO,,,ACTIVO,,,,,,
,OTROS LAMBAYEQUE S/N NEGRITOS S/N LAMBAYEQUE S/N NEGRITOS LA BREA TALARA PIURA ,,00002076,,,TALARA,,2017,,,,,,PIURA,,00002076,PUESTO DE SALUD SAN PABLO,,LA BREA,200703,,ACTIVO,,,ACTIVO,,,,,,
,OTROS BARRIO PRIMAVERA A- 100 LOBITOS BARRIO PRIMAVERA A- 100 LOBITOS LOBITOS TALARA PIURA ,,00002077,,,TALARA,,2018,,,,,,PIURA,,00002077,PUESTO DE SALUD LOBITOS,,LOBITOS,200704,,ACTIVO,,,ACTIVO,,,,,,
,OTROS ALFONSO UGARTE S/N VICHAYAL S/N ALFONSO UGARTE S/N VICHAYAL VICHAYAL PAITA PIURA ,,00002078,,,PAITA,,2019,,,,,,PIURA,,00002078,CENTRO DE SALUD VICHAYAL,,VICHAYAL,200507,,ACTIVO,,,ACTIVO,,,,,,
,OTROS CASERIO MIRAMAR CASERIO MIRAMAR VICHAYAL PAITA PIURA ,,00002079,,,PAITA,,2020,,,,,,PIURA,,00002079,PUESTO DE SALUD MIRAMAR,,VICHAYAL,200507,,ACTIVO,,,ACTIVO,,,,,,
,AVENIDA AV. PANAMERICANA NORTE S/N ORGANOS S/N AV. PANAMERICANA NORTE S/N ORGANOS LOS ORGANOS TALARA PIURA ,,00002080,,,TALARA,,2021,,,,,,PIURA,,00002080,"CENTRO DE SALUD ""LOS ORGANOS""",,LOS ORGANOS,200705,,ACTIVO,,,ACTIVO,,,,,,
,OTROS SANCHEZ CERRO S-N EL ÑURO SANCHEZ CERRO S-N EL ÑURO LOS ORGANOS TALARA PIURA ,,00002081,,,TALARA,,2022,,,,,,PIURA,,00002081,PUESTO DE SALUD EL ÑURO,,LOS ORGANOS,200705,,ACTIVO,,,ACTIVO,,,,,,
,OTROS BARRIO PLOMO S/N. EL ALTO S/N BARRIO PLOMO S/N. EL ALTO EL ALTO TALARA PIURA ,,00002082,,,TALARA,,2023,,,,,,PIURA,,00002082,EL ALTO,,EL ALTO,200702,,ACTIVO,,,ACTIVO,,,,,,
,OTROS CALETA CABO BLANCO- EL ALTO DISTRITO EL ALTO PROVINCIA TALARA DEPARTAMENTO PIURA ,,00002083,,,TALARA,,2024,,,,,,PIURA,,00002083,PUESTO DE SALUD CABO BLANCO,,EL ALTO,200702,,ACTIVO,,,ACTIVO,,,,,,
,AVENIDA AVENIDA GRAU N° 645 AVENIDA GRAU N° 645 MANCORA TALARA PIURA ,,00006627,,,TALARA,,6467,,,,,,PIURA,,00006627,CENTRO DE SALUD MANCORA,,MANCORA,200706,,ACTIVO,,,ACTIVO,,,,,,
,OTROS CASERIO ENCUENTRO DE ROMEROS CASERIO ENCUENTRO DE ROMEROS LANCONES SULLANA PIURA ,,00006709,,,SULLANA,,6526,,,,,,PIURA,,00006709,PUESTO DE SALUD ENCUENTRO DE ROMEROS,,LANCONES,200604,,ACTIVO,,,ACTIVO,,,,,,
,OTROS CASERIO JAMBUR PAIMAS CASERIO JAMBUR PAIMAS PAIMAS AYABACA PIURA ,,00006790,,,AYABACA,,6595,,,,,,PIURA,,00006790,PUESTO DE SALUD JAMBUR,,PAIMAS,200207,,ACTIVO,,,ACTIVO,,,,,,
,OTROS CASERIO CHALACALA ALTA - BELLAVISTA CASERIO CHALACALA ALTA - BELLAVISTA SULLANA SULLANA PIURA ,,00006935,,,SULLANA,,6725,,,,,,PIURA,,00006935,PUESTO DE SALUD CHALACALA ALTA,,SULLANA,200601,,ACTIVO,,,ACTIVO,,,,,,
,OTROS CASERIO VENADOS - LANCONES CASERIO VENADOS - LANCONES LANCONES SULLANA PIURA ,,00007104,,,SULLANA,,6889,,,,,,PIURA,,00007104,PUESTO DE SALUD VENADOS,,LANCONES,200604,,ACTIVO,,,ACTIVO,,,,,,
,OTROS CASERIO CP5 CASERIO CP5 LAS LOMAS PIURA PIURA ,,00007173,,,PIURA,,6954,,,,,,PIURA,,00007173,PUESTO DE SALUD CP-5,,LAS LOMAS,200111,,ACTIVO,,,ACTIVO,,,,,,
,OTROS CENTRO POBLADO GIGANTE CENTRO POBLADO GIGANTE AYABACA AYABACA PIURA ,,00007320,,,AYABACA,,7095,,,,,,PIURA,,00007320,PUESTO DE SALUD GIGANTE,,AYABACA,200201,,ACTIVO,,,ACTIVO,,,,,,
,AVENIDA AV. FELIPE SANTIAGO SALAVERRY TALARA AV. FELIPE SANTIAGO SALAVERRY TALARA PARIÑAS TALARA PIURA ,,00007718,,,TALARA,,7211,,,,,,PIURA,,00007718,PUESTO DE SALUD FELIPE SANTIAGO SALAVERRY,,PARIÑAS,200701,,ACTIVO,,,ACTIVO,,,,,,
,OTROS CASERIO BLAS -LANCONES CASERIO BLAS -LANCONES LANCONES SULLANA PIURA ,,00007721,,,SULLANA,,7214,,,,,,PIURA,,00007721,PUESTO DE SALUD BLAS,,LANCONES,200604,,ACTIVO,,,ACTIVO,,,,,,
,CALLE CALLE RODRIGUEZ N° 284 CALLE RODRIGUEZ N° 284 QUERECOTILLO SULLANA PIURA ,,00010418,,,SULLANA,,10381,,,,,,PIURA,,00010418,CENTRO DE INVESTIGACIÓN Y CAPACITACION EN ENTOMOLOGIA - CICE.,,QUERECOTILLO,200607,,ACTIVO,,,ACTIVO,,,,,,
,OTROS TRANSVERSAL TUMBES S/N S/N TRANSVERSAL TUMBES S/N SULLANA SULLANA PIURA ,,00010422,,,SULLANA,,10393,,,,,,PIURA,,00010422,LABORATORIO REFERENCIAL DE SALUD LUCIANO CASTILLO COLONNA,,SULLANA,200601,,ACTIVO,,,ACTIVO,,,,,,
,OTROS CASERIO PICHONES BAJO-LAS LOMAS CASERIO PICHONES BAJO-LAS LOMAS LAS LOMAS PIURA PIURA ,,00010421,,,PIURA,,10398,,,,,,PIURA,,00010421,PUESTO DE SALUD PICHONES BAJO,,LAS LOMAS,200111,,ACTIVO,,,ACTIVO,,,,,,
,OTROS COMUNIDAD CAMPESIAN DE JORAS COMUNIDAD CAMPESIAN DE JORAS AYABACA AYABACA PIURA ,,00010726,,,AYABACA,,10711,,,,,,PIURA,,00010726,PUESTO DE SALUD JORAS,,AYABACA,200201,,ACTIVO,,,ACTIVO,,,,,,
,OTROS COMUNIDAD CAMPESINA SOCCHABAMBA COMUNIDAD CAMPESINA SOCCHABAMBA AYABACA AYABACA PIURA ,,00010727,,,AYABACA,,10718,,,,,,PIURA,,00010727,PUESTO DE SALUD SOCCHABAMBA,,AYABACA,200201,,ACTIVO,,,ACTIVO,,,,,,
,OTROS CASERIO SAUSAL DEL QUIROZ - AYABACA CASERIO SAUSAL DEL QUIROZ - AYABACA AYABACA AYABACA PIURA ,,00018426,,,AYABACA,,18079,,,,,,PIURA,,00018426,PUESTO DE SALUD SAUSAL DEL QUIROZ,,AYABACA,200201,,ACTIVO,,,ACTIVO,,,,,,
,OTROS CASERIO HUALCUY - AYABACA CASERIO HUALCUY - AYABACA AYABACA AYABACA PIURA ,,00019125,,,AYABACA,,18716,,,,,,PIURA,,00019125,PUESTO DE SALUD HUALCUY,,AYABACA,200201,,ACTIVO,,,ACTIVO,,,,,,
,OTROS CASERIO ANIA - AYABACA CASERIO ANIA - AYABACA AYABACA AYABACA PIURA ,,00019836,,,AYABACA,,19445,,,,,,PIURA,,00019836,PUESTO SALUD ANIA,,AYABACA,200201,,ACTIVO,,,ACTIVO,,,,,,
,OTROS CASERIO RODEOPAMPA - AYABACA CASERIO RODEOPAMPA - AYABACA AYABACA AYABACA PIURA ,,00019837,,,AYABACA,,19448,,,,,,PIURA,,00019837,PUESTO DE SALUD RODEOPAMPA,,AYABACA,200201,,ACTIVO,,,ACTIVO,,,,,,
,OTROS CASERIO HUILCO - AYABACA CASERIO HUILCO - AYABACA AYABACA AYABACA PIURA ,,00019844,,,AYABACA,,19450,,,,,,PIURA,,00019844,PUESTO DE SALUD HUILCO,,AYABACA,200201,,ACTIVO,,,ACTIVO,,,,,,
,CARRETERA PANAMERICANA  NORTE  PIURA  A  SULLANA 21 CARRETERA  PIURA  A  SULLANA SULLANA SULLANA PIURA ,,00024065,,,SULLANA,,22701,,,,,,PIURA,,00024065,PUESTO DE SALUD CIENEGUILLO SUR ALTO,,SULLANA,200601,,ACTIVO,,,ACTIVO,,,,,,
,OTROS ASENTAMIENTO HUMANO JUAN VALER SANDOVAL S/N CH 01 ASENTAMIENTO HUMANO JUAN VALER SANDOVAL DE PAITA PAITA PAITA PIURA ,,00024958,,,PAITA,,23544,,,,,,PIURA,,00024958,"CENTRO DE SALUD ""JUAN VALER SANDOVAL""",,PAITA,200501,,ACTIVO,,,ACTIVO,,,,,,
,CALLE SECTOR A E 12 NUEVA ESPERANZA CERCA AL CENTRO DE SALUD DE NUEVO  SULLANA SULLANA SULLANA PIURA ,,00024988,,,SULLANA,,23749,,,,,,PIURA,,00024988,"CENTRO DE SALUD MENTAL COMUNITARIO  ""JESÚS REDENTOR""",,SULLANA,200601,,ACTIVO,,,ACTIVO,,,,,,
,CALLE SECTOR A e 12 BELLAVISTA SULLANA PIURA ,,00025214,,,SULLANA,,23752,,,,,,PIURA,,00025214,"CENTRO DE SALUD MENTAL COMUNITARIO ""MADRE DEL PERPETUO SOCORRO""",,BELLAVISTA,200602,,ACTIVO,,,ACTIVO,,,,,,
,CAMINO AFIRMADO ASENTAMIENTO HUMANO  ALAN  GARCIA MZ. 29 29 1 Ex  Hospital  Las  Mercedes  de  Paita PAITA PAITA PIURA ,,00025892,,,PAITA,,24365,,,,,,PIURA,,00025892,CENTRO DE SALUD MENTAL COMUNITARIO SAN ALFONSO,,PAITA,200501,,ACTIVO,,,ACTIVO,,,,,,
,JIRÓN SALITRAL SN 1 AL COSTADO DEL COLISEO TAMBO GRANDE PIURA PIURA ,,00027663,,,PIURA,,26189,,,,,,PIURA,,00027663,"CENTRO DE SALUD MENTAL COMUNITARIO ""SAN GERARDO""",,TAMBO GRANDE,200114,,ACTIVO,,,ACTIVO,,,,,,
,AVENIDA A 514 1 1 TALARA  ALTA ANTES DE LLEGAR AL PEAJE DE TALARA PARIÑAS TALARA PIURA ,,00028678,,,TALARA,,27202,,,,,,PIURA,,00028678,"CENTRO DE SALUD MENTAL COMUNITARIO ""SAN CLEMENTE""",,PARIÑAS,200701,,ACTIVO,,,ACTIVO,,,,,,
,"OTROS COMUNIDAD CAMPESINA DE CHOCAN, SECTOR TABLAS - AYABACA S/N CARRETERA ENTRE HUACHUMA Y TABLAS AYABACA AYABACA PIURA ",,00028663,,,AYABACA,,27207,,,,,,PIURA,,00028663,PUESTO DE SALUD TABLAS,,AYABACA,200201,,ACTIVO,,,ACTIVO,,,,,,
,OTROS ASENTAMIENTO HUMANO CIUDAD ROJA S2 08 ASENTAMIENTO HUMANO CIUDAD  ROJA PAITA PAITA PIURA ,,00028853,,,PAITA,,27509,,,,,,PIURA,,00028853,HOGAR PROTEGIDO,,PAITA,200501,,ACTIVO,,,ACTIVO,,,,,,
,AVENIDA FERNANDO BELAUNDE TERRY P 3 CARRETERA AYABACA PAIMAS AYABACA PIURA ,,00031459,,,AYABACA,,29832,,,,,,PIURA,,00031459,"CENTRO  DE SALUD MENTAL COMUNITARIO ""EL BUEN SAMARITANO""",,PAIMAS,200207,,ACTIVO,,,ACTIVO,,,,,,
,CALLE RODRIGUEZ 31 1 CERCA AL CENTRO DE SALUD QUERECOTILLO SULLANA PIURA ,,00031452,,,SULLANA,,29833,,,,,,PIURA,,00031452,"CENTRO DE SALUD MENTAL COMUNITARIO ""SEÑOR DE CHOCAN""",,QUERECOTILLO,200607,,ACTIVO,,,ACTIVO,,,,,,
,CAMINO AFIRMADO NUEVA ESPERANZA LL 22 URBANIZACION POPULAR  NUEVA ESPERANZA SULLANA SULLANA PIURA ,,00031453,,,SULLANA,,29834,,,,,,PIURA,,00031453,HOGAR PROTEGIDO DE SULLANA,,SULLANA,200601,,ACTIVO,,,ACTIVO,,,,,,
,OTROS CASERIO EL CONVENTO - MALINGAS ALTO TAMBO GRANDE PIURA PIURA ,,00033302,,,PIURA,,31748,,,,,,PIURA,,00033302,PUESTO DE SALUD EL CONVENTO,,TAMBO GRANDE,200114,,ACTIVO,,,ACTIVO,,,,,,
,"OTROS COMUNIDAD CAMPESINA ""VIRGEN DEL ROSARIO"" PILLO - SECTOR CANALES SAPILLICA AYABACA PIURA ",,00033304,,,AYABACA,,31749,,,,,,PIURA,,00033304,PUESTO DE SALUD CANALES,,SAPILLICA,200208,,ACTIVO,,,ACTIVO,,,,,,
,OTROS CASERIO ARRENDAMIENTOS LAGUNAS AYABACA PIURA ,,00033303,,,AYABACA,,31750,,,,,,PIURA,,00033303,PUESTO DE SALUD ARRENDAMIENTOS,,LAGUNAS,200204,,ACTIVO,,,ACTIVO,,,,,,
,AVENIDA CACERES 109 FRENTE  A  LA  COMISARIA AYABACA AYABACA PIURA ,,00035130,,,AYABACA,,33193,,,,,,PIURA,,00035130,"CENTRO DE SALUD MENTAL COMUNITARIO ""SEÑOR CAUTIVO DE AYABACA""",,AYABACA,200201,,ACTIVO,,,ACTIVO,,,,,,
