responsable,direccion,unidadejec,codigounico,idunidadejec,disa,provincia,horaatencion,id,categoria,telefeno,idred,situacion,clasificacion,departamento,inicioactividad,codigounico2,nombrerazonsocial,idautosanit,distrito,ubigeo,tipodocumentocategoria,estado,institucion,red,condicion,fecha_inspecion,tipo,numerocategoria,microred,inspecion,idmicrored,query_primary,query_secondary,query_fallback,latitude,longitude,geocode_source,geocode_confidence,geocode_level,geocode_status,geocode_notes,geocode_priority,geocode_query_used,geocode_attempts,geocode_provider,geocode_timestamp,geocode_display_name,geocode_type,geocode_importance,geocode_bbox,lat_round,lon_round
,OTROS CASERIO TAPAL- AYABACA CASERIO TAPAL- AYABACA AYABACA AYABACA PIURA,,1912,,,AYABACA,,1854,,,,,,PIURA,,1912,PUESTO DE SALUD DE TAPAL,,AYABACA,200201,,ACTIVO,,,ACTIVO,,,,,,,"PUESTO DE SALUD DE TAPAL, AYABACA, AYABACA, PIURA, PERU","OTROS CASERIO TAPAL- AYABACA CASERIO TAPAL- AYABACA AYABACA AYABACA PIURA, AYABACA, AYABACA, PIURA, PERU","AYABACA, AYABACA, PIURA, PERU",-4.6400714,-79.7152245,NOMINATIM,LOW,FALLBACK,SUCCESS,,PRIMARY,"AYABACA, AYABACA, PIURA, PERU",3,NOMINATIM,2026-05-16T02:59:49.095950,"Ayabaca, Distrito de Ayabaca, Ayabaca, Piura, Perú",town,0.3107481395685246,"['-4.6800714', '-4.6000714', '-79.7552245', '-79.6752245']",-4.64007,-79.71522
,OTROS CASERIO CHIN CHIN - AYABACA CASERIO CHIN CHIN - AYABACA AYABACA AYABACA PIURA,,1913,,,AYABACA,,1855,,,,,,PIURA,,1913,PUESTO DE SALUD DE CHINCHIN,,AYABACA,200201,,ACTIVO,,,ACTIVO,,,,,,,"PUESTO DE SALUD DE CHINCHIN, AYABACA, AYABACA, PIURA, PERU","OTROS CASERIO CHIN CHIN - AYABACA CASERIO CHIN CHIN - AYABACA AYABACA AYABACA PIURA, AYABACA, AYABACA, PIURA, PERU","AYABACA, AYABACA, PIURA, PERU",-4.6400714,-79.7152245,CACHE,LOW,FALLBACK,SUCCESS,,PRIMARY,"AYABACA, AYABACA, PIURA, PERU",2,NOMINATIM,2026-05-16T02:59:54.367850,"Ayabaca, Distrito de Ayabaca, Ayabaca, Piura, Perú",town,0.3107481395685246,"['-4.6800714', '-4.6000714', '-79.7552245', '-79.6752245']",-4.64007,-79.71522
,OTROS CASERIO OLLEROS - AYABACA CASERIO OLLEROS - AYABACA AYABACA AYABACA PIURA,,1914,,,AYABACA,,1856,,,,,,PIURA,,1914,PUESTO DE SALUD OLLEROS,,AYABACA,200201,,ACTIVO,,,ACTIVO,,,,,,,"PUESTO DE SALUD OLLEROS, AYABACA, AYABACA, PIURA, PERU","OTROS CASERIO OLLEROS - AYABACA CASERIO OLLEROS - AYABACA AYABACA AYABACA PIURA, AYABACA, AYABACA, PIURA, PERU","AYABACA, AYABACA, PIURA, PERU",-4.6400714,-79.7152245,CACHE,LOW,FALLBACK,SUCCESS,,PRIMARY,"AYABACA, AYABACA, PIURA, PERU",2,NOMINATIM,2026-05-16T02:59:59.349644,"Ayabaca, Distrito de Ayabaca, Ayabaca, Piura, Perú",town,0.3107481395685246,"['-4.6800714', '-4.6000714', '-79.7552245', '-79.6752245']",-4.64007,-79.71522
,OTROS CASERIO ARAGOTO- AYABACA CASERIO ARAGOTO- AYABACA AYABACA AYABACA PIURA,,1915,,,AYABACA,,1857,,,,,,PIURA,,1915,PUESTO DE SALUD ARAGOTO,,AYABACA,200201,,ACTIVO,,,ACTIVO,,,,,,,"PUESTO DE SALUD ARAGOTO, AYABACA, AYABACA, PIURA, PERU","OTROS CASERIO ARAGOTO- AYABACA CASERIO ARAGOTO- AYABACA AYABACA AYABACA PIURA, AYABACA, AYABACA, PIURA, PERU","AYABACA, AYABACA, PIURA, PERU",-4.6400714,-79.7152245,CACHE,LOW,FALLBACK,SUCCESS,,PRIMARY,"AYABACA, AYABACA, PIURA, PERU",2,NOMINATIM,2026-05-16T03:00:06.053099,"Ayabaca, Distrito de Ayabaca, Ayabaca, Piura, Perú",town,0.3107481395685246,"['-4.6800714', '-4.6000714', '-79.7552245', '-79.6752245']",-4.64007,-79.71522
,OTROS CCOMUNIDAD TACALPO SECTOR YANCHALA - AYABACA CCOMUNIDAD TACALPO SECTOR YANCHALA - AYABACA AYABACA AYABACA PIURA,,1917,,,AYABACA,,1859,,,,,,PIURA,,1917,PUESTO DE SALUD YANCHALA,,AYABACA,200201,,ACTIVO,,,ACTIVO,,,,,,,"PUESTO DE SALUD YANCHALA, AYABACA, AYABACA, PIURA, PERU","OTROS CCOMUNIDAD TACALPO SECTOR YANCHALA - AYABACA CCOMUNIDAD TACALPO SECTOR YANCHALA - AYABACA AYABACA AYABACA PIURA, AYABACA, AYABACA, PIURA, PERU","AYABACA, AYABACA, PIURA, PERU",-4.6400714,-79.7152245,CACHE,LOW,FALLBACK,SUCCESS,,PRIMARY,"AYABACA, AYABACA, PIURA, PERU",2,NOMINATIM,2026-05-16T03:00:17.424968,"Ayabaca, Distrito de Ayabaca, Ayabaca, Piura, Perú",town,0.3107481395685246,"['-4.6800714', '-4.6000714', '-79.7552245', '-79.6752245']",-4.64007,-79.71522
,OTROS CASERIO ARREYPITE PINGOLA - AYABACA CASERIO ARREYPITE PINGOLA - AYABACA AYABACA AYABACA PIURA,,1918,,,AYABACA,,1860,,,,,,PIURA,,1918,PUESTO DE SALUD ARREYPITE - PINGOLA,,AYABACA,200201,,ACTIVO,,,ACTIVO,,,,,,,"PUESTO DE SALUD ARREYPITE - PINGOLA, AYABACA, AYABACA, PIURA, PERU","OTROS CASERIO ARREYPITE PINGOLA - AYABACA CASERIO ARREYPITE PINGOLA - AYABACA AYABACA AYABACA PIURA, AYABACA, AYABACA, PIURA, PERU","AYABACA, AYABACA, PIURA, PERU",-4.6400714,-79.7152245,CACHE,LOW,FALLBACK,SUCCESS,,PRIMARY,"AYABACA, AYABACA, PIURA, PERU",2,NOMINATIM,2026-05-16T03:00:23.907424,"Ayabaca, Distrito de Ayabaca, Ayabaca, Piura, Perú",town,0.3107481395685246,"['-4.6800714', '-4.6000714', '-79.7552245', '-79.6752245']",-4.64007,-79.71522
,OTROS CASERIO CALVAS DE SAMANGA - AYABACA CASERIO CALVAS DE SAMANGA - AYABACA AYABACA AYABACA PIURA,,1919,,,AYABACA,,1861,,,,,,PIURA,,1919,PUESTO DE SALUD CALVAS DE SAMANGA,,AYABACA,200201,,ACTIVO,,,ACTIVO,,,,,,,"PUESTO DE SALUD CALVAS DE SAMANGA, AYABACA, AYABACA, PIURA, PERU","OTROS CASERIO CALVAS DE SAMANGA - AYABACA CASERIO CALVAS DE SAMANGA - AYABACA AYABACA AYABACA PIURA, AYABACA, AYABACA, PIURA, PERU","AYABACA, AYABACA, PIURA, PERU",-4.6400714,-79.7152245,CACHE,LOW,FALLBACK,SUCCESS,,PRIMARY,"AYABACA, AYABACA, PIURA, PERU",2,NOMINATIM,2026-05-16T03:00:30.622520,"Ayabaca, Distrito de Ayabaca, Ayabaca, Piura, Perú",town,0.3107481395685246,"['-4.6800714', '-4.6000714', '-79.7552245', '-79.6752245']",-4.64007,-79.71522
,OTROS CASERIO ANDURCO CASERIO ANDURCO AYABACA AYABACA PIURA,,1922,,,AYABACA,,1864,,,,,,PIURA,,1922,PUESTO DE SALUD ANDURCO,,AYABACA,200201,,ACTIVO,,,ACTIVO,,,,,,,"PUESTO DE SALUD ANDURCO, AYABACA, AYABACA, PIURA, PERU","OTROS CASERIO ANDURCO CASERIO ANDURCO AYABACA AYABACA PIURA, AYABACA, AYABACA, PIURA, PERU","AYABACA, AYABACA, PIURA, PERU",-4.6400714,-79.7152245,CACHE,LOW,FALLBACK,SUCCESS,,PRIMARY,"AYABACA, AYABACA, PIURA, PERU",2,NOMINATIM,2026-05-16T03:00:44.022509,"Ayabaca, Distrito de Ayabaca, Ayabaca, Piura, Perú",town,0.3107481395685246,"['-4.6800714', '-4.6000714', '-79.7552245', '-79.6752245']",-4.64007,-79.71522
,OTROS CASERIO HUACHUMA - AYABACA CASERIO HUACHUMA - AYABACA AYABACA AYABACA PIURA,,1924,,,AYABACA,,1866,,,,,,PIURA,,1924,PUESTO DE SALUD HUACHUMA,,AYABACA,200201,,ACTIVO,,,ACTIVO,,,,,,,"PUESTO DE SALUD HUACHUMA, AYABACA, AYABACA, PIURA, PERU","OTROS CASERIO HUACHUMA - AYABACA CASERIO HUACHUMA - AYABACA AYABACA AYABACA PIURA, AYABACA, AYABACA, PIURA, PERU","AYABACA, AYABACA, PIURA, PERU",-4.6400714,-79.7152245,CACHE,LOW,FALLBACK,SUCCESS,,PRIMARY,"AYABACA, AYABACA, PIURA, PERU",2,NOMINATIM,2026-05-16T03:00:53.347302,"Ayabaca, Distrito de Ayabaca, Ayabaca, Piura, Perú",town,0.3107481395685246,"['-4.6800714', '-4.6000714', '-79.7552245', '-79.6752245']",-4.64007,-79.71522
,OTROS CASERIO SAUSAL - AYABACA CASERIO SAUSAL - AYABACA AYABACA AYABACA PIURA,,1925,,,AYABACA,,1867,,,,,,PIURA,,1925,PUESTO DE SALUD SAUSAL,,AYABACA,200201,,ACTIVO,,,ACTIVO,,,,,,,"PUESTO DE SALUD SAUSAL, AYABACA, AYABACA, PIURA, PERU","OTROS CASERIO SAUSAL - AYABACA CASERIO SAUSAL - AYABACA AYABACA AYABACA PIURA, AYABACA, AYABACA, PIURA, PERU","AYABACA, AYABACA, PIURA, PERU",-4.6400714,-79.7152245,CACHE,LOW,FALLBACK,SUCCESS,,PRIMARY,"AYABACA, AYABACA, PIURA, PERU",2,NOMINATIM,2026-05-16T03:00:59.124850,"Ayabaca, Distrito de Ayabaca, Ayabaca, Piura, Perú",town,0.3107481395685246,"['-4.6800714', '-4.6000714', '-79.7552245', '-79.6752245']",-4.64007,-79.71522
,OTROS CASERIO SAMANGUILLA - AYABACA CASERIO SAMANGUILLA - AYABACA AYABACA AYABACA PIURA,,1927,,,AYABACA,,1869,,,,,,PIURA,,1927,PUESTO DE SALUD SAMANGUILLA,,AYABACA,200201,,ACTIVO,,,ACTIVO,,,,,,,"PUESTO DE SALUD SAMANGUILLA, AYABACA, AYABACA, PIURA, PERU","OTROS CASERIO SAMANGUILLA - AYABACA CASERIO SAMANGUILLA - AYABACA AYABACA AYABACA PIURA, AYABACA, AYABACA, PIURA, PERU","AYABACA, AYABACA, PIURA, PERU",-4.6400714,-79.7152245,CACHE,LOW,FALLBACK,SUCCESS,,PRIMARY,"AYABACA, AYABACA, PIURA, PERU",2,NOMINATIM,2026-05-16T03:01:07.247723,"Ayabaca, Distrito de Ayabaca, Ayabaca, Piura, Perú",town,0.3107481395685246,"['-4.6800714', '-4.6000714', '-79.7552245', '-79.6752245']",-4.64007,-79.71522
,OTROS CASERIO CHARAN - AYABACA CASERIO CHARAN - AYABACA AYABACA AYABACA PIURA,,1928,,,AYABACA,,1870,,,,,,PIURA,,1928,PUESTO DE SALUD CHARAN,,AYABACA,200201,,ACTIVO,,,ACTIVO,,,,,,,"PUESTO DE SALUD CHARAN, AYABACA, AYABACA, PIURA, PERU","OTROS CASERIO CHARAN - AYABACA CASERIO CHARAN - AYABACA AYABACA AYABACA PIURA, AYABACA, AYABACA, PIURA, PERU","AYABACA, AYABACA, PIURA, PERU",-4.6400714,-79.7152245,CACHE,LOW,FALLBACK,SUCCESS,,PRIMARY,"AYABACA, AYABACA, PIURA, PERU",2,NOMINATIM,2026-05-16T03:01:12.944336,"Ayabaca, Distrito de Ayabaca, Ayabaca, Piura, Perú",town,0.3107481395685246,"['-4.6800714', '-4.6000714', '-79.7552245', '-79.6752245']",-4.64007,-79.71522
,OTROS CASERIO LAGUNAS DE CANGLY CASERIO LAGUNAS DE CANGLY AYABACA AYABACA PIURA,,1929,,,AYABACA,,1871,,,,,,PIURA,,1929,PUESTO DE SALUD LAGUNAS DE CANGLY,,AYABACA,200201,,ACTIVO,,,ACTIVO,,,,,,,"PUESTO DE SALUD LAGUNAS DE CANGLY, AYABACA, AYABACA, PIURA, PERU","OTROS CASERIO LAGUNAS DE CANGLY CASERIO LAGUNAS DE CANGLY AYABACA AYABACA PIURA, AYABACA, AYABACA, PIURA, PERU","AYABACA, AYABACA, PIURA, PERU",-4.6400714,-79.7152245,CACHE,LOW,FALLBACK,SUCCESS,,PRIMARY,"AYABACA, AYABACA, PIURA, PERU",2,NOMINATIM,2026-05-16T03:01:18.366432,"Ayabaca, Distrito de Ayabaca, Ayabaca, Piura, Perú",town,0.3107481395685246,"['-4.6800714', '-4.6000714', '-79.7552245', '-79.6752245']",-4.64007,-79.71522
,OTROS CASERIO PORTACHUELO YANTA - AYABACA CASERIO PORTACHUELO YANTA - AYABACA AYABACA AYABACA PIURA,,1930,,,AYABACA,,1872,,,,,,PIURA,,1930,PUESTO DE SALUD PORTACHUELO DE YANTA,,AYABACA,200201,,ACTIVO,,,ACTIVO,,,,,,,"PUESTO DE SALUD PORTACHUELO DE YANTA, AYABACA, AYABACA, PIURA, PERU","OTROS CASERIO PORTACHUELO YANTA - AYABACA CASERIO PORTACHUELO YANTA - AYABACA AYABACA AYABACA PIURA, AYABACA, AYABACA, PIURA, PERU","AYABACA, AYABACA, PIURA, PERU",-4.6400714,-79.7152245,CACHE,LOW,FALLBACK,SUCCESS,,PRIMARY,"AYABACA, AYABACA, PIURA, PERU",2,NOMINATIM,2026-05-16T03:01:23.704411,"Ayabaca, Distrito de Ayabaca, Ayabaca, Piura, Perú",town,0.3107481395685246,"['-4.6800714', '-4.6000714', '-79.7552245', '-79.6752245']",-4.64007,-79.71522
,OTROS CASERÍO GICLAS - AYABACA CASERÍO GICLAS - AYABACA AYABACA AYABACA PIURA,,1931,,,AYABACA,,1873,,,,,,PIURA,,1931,PUESTO DE SALUD GICLAS,,AYABACA,200201,,ACTIVO,,,ACTIVO,,,,,,,"PUESTO DE SALUD GICLAS, AYABACA, AYABACA, PIURA, PERU","OTROS CASERÍO GICLAS - AYABACA CASERÍO GICLAS - AYABACA AYABACA AYABACA PIURA, AYABACA, AYABACA, PIURA, PERU","AYABACA, AYABACA, PIURA, PERU",-4.6400714,-79.7152245,CACHE,LOW,FALLBACK,SUCCESS,,PRIMARY,"AYABACA, AYABACA, PIURA, PERU",2,NOMINATIM,2026-05-16T03:01:29.081082,"Ayabaca, Distrito de Ayabaca, Ayabaca, Piura, Perú",town,0.3107481395685246,"['-4.6800714', '-4.6000714', '-79.7552245', '-79.6752245']",-4.64007,-79.71522
,OTROS CASERIO POTRERILO LAS LOMAS CASERIO POTRERILO LAS LOMAS LAS LOMAS PIURA PIURA,,1933,,,PIURA,,1875,,,,,,PIURA,,1933,PUESTO DE SALUD POTRERILLO,,LAS LOMAS,200111,,ACTIVO,,,ACTIVO,,,,,,,"PUESTO DE SALUD POTRERILLO, LAS LOMAS, PIURA, PIURA, PERU","OTROS CASERIO POTRERILO LAS LOMAS CASERIO POTRERILO LAS LOMAS LAS LOMAS PIURA PIURA, LAS LOMAS, PIURA, PIURA, PERU","LAS LOMAS, PIURA, PIURA, PERU",-4.7076581,-80.1040871,NOMINATIM,LOW,FALLBACK,SUCCESS,,PRIMARY,"LAS LOMAS, PIURA, PIURA, PERU",3,NOMINATIM,2026-05-16T03:01:40.812317,"Las Lomas, Piura, Perú",administrative,0.3504960478298851,"['-4.8305878', '-4.5851075', '-80.3711757', '-80.0084531']",-4.70766,-80.10409
,OTROS CASERÍO EL SAUCE - LAS LOMAS CASERÍO EL SAUCE - LAS LOMAS LAS LOMAS PIURA PIURA,,1935,,,PIURA,,1877,,,,,,PIURA,,1935,PUESTO DE SALUD EL SAUCE-LAS LOMAS,,LAS LOMAS,200111,,ACTIVO,,,ACTIVO,,,,,,,"PUESTO DE SALUD EL SAUCE-LAS LOMAS, LAS LOMAS, PIURA, PIURA, PERU","OTROS CASERÍO EL SAUCE - LAS LOMAS CASERÍO EL SAUCE - LAS LOMAS LAS LOMAS PIURA PIURA, LAS LOMAS, PIURA, PIURA, PERU","LAS LOMAS, PIURA, PIURA, PERU",-4.7076581,-80.1040871,CACHE,LOW,FALLBACK,SUCCESS,,PRIMARY,"LAS LOMAS, PIURA, PIURA, PERU",2,NOMINATIM,2026-05-16T03:01:49.292577,"Las Lomas, Piura, Perú",administrative,0.3504960478298851,"['-4.8305878', '-4.5851075', '-80.3711757', '-80.0084531']",-4.70766,-80.10409
,OTROS CASERIO PELINGARA LAS LOMAS CASERIO PELINGARA LAS LOMAS LAS LOMAS PIURA PIURA,,1937,,,PIURA,,1879,,,,,,PIURA,,1937,PUESTO DE SALUD PELINGARA,,LAS LOMAS,200111,,ACTIVO,,,ACTIVO,,,,,,,"PUESTO DE SALUD PELINGARA, LAS LOMAS, PIURA, PIURA, PERU","OTROS CASERIO PELINGARA LAS LOMAS CASERIO PELINGARA LAS LOMAS LAS LOMAS PIURA PIURA, LAS LOMAS, PIURA, PIURA, PERU","LAS LOMAS, PIURA, PIURA, PERU",-4.7076581,-80.1040871,CACHE,LOW,FALLBACK,SUCCESS,,PRIMARY,"LAS LOMAS, PIURA, PIURA, PERU",2,NOMINATIM,2026-05-16T03:01:56.462290,"Las Lomas, Piura, Perú",administrative,0.3504960478298851,"['-4.8305878', '-4.5851075', '-80.3711757', '-80.0084531']",-4.70766,-80.10409
,OTROS CASERIO HUACHUMA ALTA - LAS LOMAS CASERIO HUACHUMA ALTA - LAS LOMAS LAS LOMAS PIURA PIURA,,1938,,,PIURA,,1880,,,,,,PIURA,,1938,PUESTO DE SALUD HUACHUMA ALTA,,LAS LOMAS,200111,,ACTIVO,,,ACTIVO,,,,,,,"PUESTO DE SALUD HUACHUMA ALTA, LAS LOMAS, PIURA, PIURA, PERU","OTROS CASERIO HUACHUMA ALTA - LAS LOMAS CASERIO HUACHUMA ALTA - LAS LOMAS LAS LOMAS PIURA PIURA, LAS LOMAS, PIURA, PIURA, PERU","LAS LOMAS, PIURA, PIURA, PERU",-4.7076581,-80.1040871,CACHE,LOW,FALLBACK,SUCCESS,,PRIMARY,"LAS LOMAS, PIURA, PIURA, PERU",2,NOMINATIM,2026-05-16T03:02:01.562700,"Las Lomas, Piura, Perú",administrative,0.3504960478298851,"['-4.8305878', '-4.5851075', '-80.3711757', '-80.0084531']",-4.70766,-80.10409
,OTROS CASERIO SANTA ELENA - LAS LOMAS CASERIO SANTA ELENA - LAS LOMAS LAS LOMAS PIURA PIURA,,1940,,,PIURA,,1882,,,,,,PIURA,,1940,PUESTO DE SALUD SANTA ELENA - LAS LOMAS,,LAS LOMAS,200111,,ACTIVO,,,ACTIVO,,,,,,,"PUESTO DE SALUD SANTA ELENA - LAS LOMAS, LAS LOMAS, PIURA, PIURA, PERU","OTROS CASERIO SANTA ELENA - LAS LOMAS CASERIO SANTA ELENA - LAS LOMAS LAS LOMAS PIURA PIURA, LAS LOMAS, PIURA, PIURA, PERU","LAS LOMAS, PIURA, PIURA, PERU",-4.7076581,-80.1040871,CACHE,LOW,FALLBACK,SUCCESS,,PRIMARY,"LAS LOMAS, PIURA, PIURA, PERU",2,NOMINATIM,2026-05-16T03:02:10.847479,"Las Lomas, Piura, Perú",administrative,0.3504960478298851,"['-4.8305878', '-4.5851075', '-80.3711757', '-80.0084531']",-4.70766,-80.10409
,OTROS CASERIO PUERTA PULACHE CASERIO PUERTA PULACHE LAS LOMAS PIURA PIURA,,1941,,,PIURA,,1883,,,,,,PIURA,,1941,PUESTO DE SALUD PUERTA PULACHE,,LAS LOMAS,200111,,ACTIVO,,,ACTIVO,,,,,,,"PUESTO DE SALUD PUERTA PULACHE, LAS LOMAS, PIURA, PIURA, PERU","OTROS CASERIO PUERTA PULACHE CASERIO PUERTA PULACHE LAS LOMAS PIURA PIURA, LAS LOMAS, PIURA, PIURA, PERU","LAS LOMAS, PIURA, PIURA, PERU",-4.7076581,-80.1040871,CACHE,LOW,FALLBACK,SUCCESS,,PRIMARY,"LAS LOMAS, PIURA, PIURA, PERU",2,NOMINATIM,2026-05-16T03:02:16.320845,"Las Lomas, Piura, Perú",administrative,0.3504960478298851,"['-4.8305878', '-4.5851075', '-80.3711757', '-80.0084531']",-4.70766,-80.10409
,OTROS CASERIO CHIRINOS - SUYO - AYABACA CASERIO CHIRINOS - SUYO - AYABACA SUYO AYABACA PIURA,,1946,,,AYABACA,,1888,,,,,,PIURA,,1946,PUESTO DE SALUD CHIRINOS,,SUYO,200210,,ACTIVO,,,ACTIVO,,,,,,,"PUESTO DE SALUD CHIRINOS, SUYO, AYABACA, PIURA, PERU","OTROS CASERIO CHIRINOS - SUYO - AYABACA CASERIO CHIRINOS - SUYO - AYABACA SUYO AYABACA PIURA, SUYO, AYABACA, PIURA, PERU","SUYO, AYABACA, PIURA, PERU",-4.5125226,-80.0025827,NOMINATIM,LOW,FALLBACK,SUCCESS,,PRIMARY,"SUYO, AYABACA, PIURA, PERU",3,NOMINATIM,2026-05-16T03:02:35.419883,"Suyo, Ayabaca, Piura, Perú",administrative,0.3504960478298851,"['-4.6041913', '-4.2854506', '-80.2970949', '-79.8378965']",-4.51252,-80.00258
,OTROS CASERIO PAMPA LARGA GUITARRAS - SUYO - AYABACA CASERIO PAMPA LARGA GUITARRAS - SUYO - AYABACA SUYO AYABACA PIURA,,1947,,,AYABACA,,1889,,,,,,PIURA,,1947,PUESTO DE SALUD PAMPA LARGA GUITARRAS,,SUYO,200210,,ACTIVO,,,ACTIVO,,,,,,,"PUESTO DE SALUD PAMPA LARGA GUITARRAS, SUYO, AYABACA, PIURA, PERU","OTROS CASERIO PAMPA LARGA GUITARRAS - SUYO - AYABACA CASERIO PAMPA LARGA GUITARRAS - SUYO - AYABACA SUYO AYABACA PIURA, SUYO, AYABACA, PIURA, PERU","SUYO, AYABACA, PIURA, PERU",-4.5125226,-80.0025827,CACHE,LOW,FALLBACK,SUCCESS,,PRIMARY,"SUYO, AYABACA, PIURA, PERU",3,NOMINATIM,2026-05-16T03:02:47.614498,"Suyo, Ayabaca, Piura, Perú",administrative,0.3504960478298851,"['-4.6041913', '-4.2854506', '-80.2970949', '-79.8378965']",-4.51252,-80.00258
,OTROS CASERIO LA TINA - SUYO - AYABACA CASERIO LA TINA - SUYO - AYABACA SUYO AYABACA PIURA,,1948,,,AYABACA,,1890,,,,,,PIURA,,1948,PUESTO DE SALUD LA TINA,,SUYO,200210,,ACTIVO,,,ACTIVO,,,,,,,"PUESTO DE SALUD LA TINA, SUYO, AYABACA, PIURA, PERU","OTROS CASERIO LA TINA - SUYO - AYABACA CASERIO LA TINA - SUYO - AYABACA SUYO AYABACA PIURA, SUYO, AYABACA, PIURA, PERU","SUYO, AYABACA, PIURA, PERU",-4.5125226,-80.0025827,CACHE,LOW,FALLBACK,SUCCESS,,PRIMARY,"SUYO, AYABACA, PIURA, PERU",2,NOMINATIM,2026-05-16T03:02:52.625641,"Suyo, Ayabaca, Piura, Perú",administrative,0.3504960478298851,"['-4.6041913', '-4.2854506', '-80.2970949', '-79.8378965']",-4.51252,-80.00258
,OTROS CASERIO LA TIENDA - SUYO - AYABACA CASERIO LA TIENDA - SUYO - AYABACA SUYO AYABACA PIURA,,1949,,,AYABACA,,1891,,,,,,PIURA,,1949,PUESTO DE SALUD LA TIENDA,,SUYO,200210,,ACTIVO,,,ACTIVO,,,,,,,"PUESTO DE SALUD LA TIENDA, SUYO, AYABACA, PIURA, PERU","OTROS CASERIO LA TIENDA - SUYO - AYABACA CASERIO LA TIENDA - SUYO - AYABACA SUYO AYABACA PIURA, SUYO, AYABACA, PIURA, PERU","SUYO, AYABACA, PIURA, PERU",-4.5125226,-80.0025827,CACHE,LOW,FALLBACK,SUCCESS,,PRIMARY,"SUYO, AYABACA, PIURA, PERU",2,NOMINATIM,2026-05-16T03:02:58.037462,"Suyo, Ayabaca, Piura, Perú",administrative,0.3504960478298851,"['-4.6041913', '-4.2854506', '-80.2970949', '-79.8378965']",-4.51252,-80.00258
,OTROS CASERIO SURPAMPA - SUYO - AYABACA CASERIO SURPAMPA - SUYO - AYABACA SUYO AYABACA PIURA,,1950,,,AYABACA,,1892,,,,,,PIURA,,1950,SURPAMPA,,SUYO,200210,,ACTIVO,,,ACTIVO,,,,,,,"SURPAMPA, SUYO, AYABACA, PIURA, PERU","OTROS CASERIO SURPAMPA - SUYO - AYABACA CASERIO SURPAMPA - SUYO - AYABACA SUYO AYABACA PIURA, SUYO, AYABACA, PIURA, PERU","SUYO, AYABACA, PIURA, PERU",-4.5125226,-80.0025827,CACHE,LOW,FALLBACK,SUCCESS,,PRIMARY,"SUYO, AYABACA, PIURA, PERU",2,NOMINATIM,2026-05-16T03:03:03.732358,"Suyo, Ayabaca, Piura, Perú",administrative,0.3504960478298851,"['-4.6041913', '-4.2854506', '-80.2970949', '-79.8378965']",-4.51252,-80.00258
,OTROS CASERIO SARAYUYO - SUYO- AYABACA CASERIO SARAYUYO - SUYO- AYABACA SUYO AYABACA PIURA,,1951,,,AYABACA,,1893,,,,,,PIURA,,1951,PUESTO DE SALUD SARAYUYO,,SUYO,200210,,ACTIVO,,,ACTIVO,,,,,,,"PUESTO DE SALUD SARAYUYO, SUYO, AYABACA, PIURA, PERU","OTROS CASERIO SARAYUYO - SUYO- AYABACA CASERIO SARAYUYO - SUYO- AYABACA SUYO AYABACA PIURA, SUYO, AYABACA, PIURA, PERU","SUYO, AYABACA, PIURA, PERU",-4.5125226,-80.0025827,CACHE,LOW,FALLBACK,SUCCESS,,PRIMARY,"SUYO, AYABACA, PIURA, PERU",2,NOMINATIM,2026-05-16T03:03:09.122273,"Suyo, Ayabaca, Piura, Perú",administrative,0.3504960478298851,"['-4.6041913', '-4.2854506', '-80.2970949', '-79.8378965']",-4.51252,-80.00258
,OTROS ALTURA DE PUENTE INTERNACIONAL ALTURA DE PUENTE INTERNACIONAL SUYO AYABACA PIURA,,1952,,,AYABACA,,1894,,,,,,PIURA,,1952,PUESTO DE SALUD PUENTE INTERNACIONAL,,SUYO,200210,,ACTIVO,,,ACTIVO,,,,,,,"PUESTO DE SALUD PUENTE INTERNACIONAL, SUYO, AYABACA, PIURA, PERU","OTROS ALTURA DE PUENTE INTERNACIONAL ALTURA DE PUENTE INTERNACIONAL SUYO AYABACA PIURA, SUYO, AYABACA, PIURA, PERU","SUYO, AYABACA, PIURA, PERU",-4.5125226,-80.0025827,CACHE,LOW,FALLBACK,SUCCESS,,PRIMARY,"SUYO, AYABACA, PIURA, PERU",2,NOMINATIM,2026-05-16T03:03:14.335621,"Suyo, Ayabaca, Piura, Perú",administrative,0.3504960478298851,"['-4.6041913', '-4.2854506', '-80.2970949', '-79.8378965']",-4.51252,-80.00258
,OTROS CASERIO LA LAGUNA CASERIO LA LAGUNA SUYO AYABACA PIURA,,1954,,,AYABACA,,1896,,,,,,PIURA,,1954,PUESTO DE SALUD LA LAGUNA,,SUYO,200210,,ACTIVO,,,ACTIVO,,,,,,,"PUESTO DE SALUD LA LAGUNA, SUYO, AYABACA, PIURA, PERU","OTROS CASERIO LA LAGUNA CASERIO LA LAGUNA SUYO AYABACA PIURA, SUYO, AYABACA, PIURA, PERU","SUYO, AYABACA, PIURA, PERU",-4.5125226,-80.0025827,CACHE,LOW,FALLBACK,SUCCESS,,PRIMARY,"SUYO, AYABACA, PIURA, PERU",2,NOMINATIM,2026-05-16T03:03:22.272681,"Suyo, Ayabaca, Piura, Perú",administrative,0.3504960478298851,"['-4.6041913', '-4.2854506', '-80.2970949', '-79.8378965']",-4.51252,-80.00258
,OTROS CASERIO TASAJERAS CASERIO TASAJERAS SAPILLICA AYABACA PIURA,,1956,,,AYABACA,,1898,,,,,,PIURA,,1956,PUESTO DE SALUD TASAJERAS,,SAPILLICA,200208,,ACTIVO,,,ACTIVO,,,,,,,"PUESTO DE SALUD TASAJERAS, SAPILLICA, AYABACA, PIURA, PERU","OTROS CASERIO TASAJERAS CASERIO TASAJERAS SAPILLICA AYABACA PIURA, SAPILLICA, AYABACA, PIURA, PERU","SAPILLICA, AYABACA, PIURA, PERU",-4.7814669,-79.9901191,NOMINATIM,LOW,FALLBACK,SUCCESS,,PRIMARY,"SAPILLICA, AYABACA, PIURA, PERU",3,NOMINATIM,2026-05-16T03:03:33.096441,"Sapillica, Ayabaca, Piura, Perú",administrative,0.3378692872294172,"['-4.8691953', '-4.6946132', '-80.0967579', '-79.8775937']",-4.78147,-79.99012
,OTROS CASERIO COLETAS CHACHACOMAL CASERIO COLETAS CHACHACOMAL SAPILLICA AYABACA PIURA,,1957,,,AYABACA,,1899,,,,,,PIURA,,1957,PUESTO DE SALUD COLETAS DE CHACHACOMAL,,SAPILLICA,200208,,ACTIVO,,,ACTIVO,,,,,,,"PUESTO DE SALUD COLETAS DE CHACHACOMAL, SAPILLICA, AYABACA, PIURA, PERU","OTROS CASERIO COLETAS CHACHACOMAL CASERIO COLETAS CHACHACOMAL SAPILLICA AYABACA PIURA, SAPILLICA, AYABACA, PIURA, PERU","SAPILLICA, AYABACA, PIURA, PERU",-4.7814669,-79.9901191,CACHE,LOW,FALLBACK,SUCCESS,,PRIMARY,"SAPILLICA, AYABACA, PIURA, PERU",2,NOMINATIM,2026-05-16T03:03:38.491098,"Sapillica, Ayabaca, Piura, Perú",administrative,0.3378692872294172,"['-4.8691953', '-4.6946132', '-80.0967579', '-79.8775937']",-4.78147,-79.99012
,OTROS CASERIO EL SAUCE -SAPILLICA CASERIO EL SAUCE -SAPILLICA SAPILLICA AYABACA PIURA,,1958,,,AYABACA,,1900,,,,,,PIURA,,1958,PUESTO DE SALUD EL SAUCE - SAPILLICA,,SAPILLICA,200208,,ACTIVO,,,ACTIVO,,,,,,,"PUESTO DE SALUD EL SAUCE - SAPILLICA, SAPILLICA, AYABACA, PIURA, PERU","OTROS CASERIO EL SAUCE -SAPILLICA CASERIO EL SAUCE -SAPILLICA SAPILLICA AYABACA PIURA, SAPILLICA, AYABACA, PIURA, PERU","SAPILLICA, AYABACA, PIURA, PERU",-4.7814669,-79.9901191,CACHE,LOW,FALLBACK,SUCCESS,,PRIMARY,"SAPILLICA, AYABACA, PIURA, PERU",2,NOMINATIM,2026-05-16T03:03:44.187922,"Sapillica, Ayabaca, Piura, Perú",administrative,0.3378692872294172,"['-4.8691953', '-4.6946132', '-80.0967579', '-79.8775937']",-4.78147,-79.99012
,OTROS CASERIO LA SAUCHA -PAIMAS CASERIO LA SAUCHA -PAIMAS PAIMAS AYABACA PIURA,,1960,,,AYABACA,,1902,,,,,,PIURA,,1960,PUESTO SALUD LA SAUCHA,,PAIMAS,200207,,ACTIVO,,,ACTIVO,,,,,,,"PUESTO SALUD LA SAUCHA, PAIMAS, AYABACA, PIURA, PERU","OTROS CASERIO LA SAUCHA -PAIMAS CASERIO LA SAUCHA -PAIMAS PAIMAS AYABACA PIURA, PAIMAS, AYABACA, PIURA, PERU","PAIMAS, AYABACA, PIURA, PERU",-4.6534463,-80.0176435,NOMINATIM,LOW,FALLBACK,SUCCESS,,PRIMARY,"PAIMAS, AYABACA, PIURA, PERU",3,NOMINATIM,2026-05-16T03:04:02.046855,"Paimas, Ayabaca, Piura, Perú",administrative,0.3245597611328047,"['-4.7426463', '-4.5645567', '-80.1534199', '-79.8770704']",-4.65345,-80.01764
,OTROS CASERIO TONDOPA-PAIMAS CASERIO TONDOPA-PAIMAS PAIMAS AYABACA PIURA,,1961,,,AYABACA,,1903,,,,,,PIURA,,1961,PUESTO DE SALUD TONDOPA,,PAIMAS,200207,,ACTIVO,,,ACTIVO,,,,,,,"PUESTO DE SALUD TONDOPA, PAIMAS, AYABACA, PIURA, PERU","OTROS CASERIO TONDOPA-PAIMAS CASERIO TONDOPA-PAIMAS PAIMAS AYABACA PIURA, PAIMAS, AYABACA, PIURA, PERU","PAIMAS, AYABACA, PIURA, PERU",-4.6534463,-80.0176435,CACHE,LOW,FALLBACK,SUCCESS,,PRIMARY,"PAIMAS, AYABACA, PIURA, PERU",2,NOMINATIM,2026-05-16T03:04:07.212344,"Paimas, Ayabaca, Piura, Perú",administrative,0.3245597611328047,"['-4.7426463', '-4.5645567', '-80.1534199', '-79.8770704']",-4.65345,-80.01764
,OTROS CASERÍO ANCHALAY -JILILI CASERÍO ANCHALAY -JILILI JILILI AYABACA PIURA,,1963,,,AYABACA,,1905,,,,,,PIURA,,1963,PUESTO DE SALUD ANCHALAY,,JILILI,200203,,ACTIVO,,,ACTIVO,,,,,,,"PUESTO DE SALUD ANCHALAY, JILILI, AYABACA, PIURA, PERU","OTROS CASERÍO ANCHALAY -JILILI CASERÍO ANCHALAY -JILILI JILILI AYABACA PIURA, JILILI, AYABACA, PIURA, PERU","JILILI, AYABACA, PIURA, PERU",-4.530123,-79.8341286,NOMINATIM,LOW,FALLBACK,SUCCESS,,PRIMARY,"JILILI, AYABACA, PIURA, PERU",3,NOMINATIM,2026-05-16T03:04:17.617756,"Jililí, Ayabaca, Piura, Perú",administrative,0.3151525238377993,"['-4.6100371', '-4.4501634', '-79.8786485', '-79.7814101']",-4.53012,-79.83413
,OTROS CASERIO CUCUYAS - JILILI CASERIO CUCUYAS - JILILI JILILI AYABACA PIURA,,1964,,,AYABACA,,1906,,,,,,PIURA,,1964,CUCUYAS,,JILILI,200203,,ACTIVO,,,ACTIVO,,,,,,,"CUCUYAS, JILILI, AYABACA, PIURA, PERU","OTROS CASERIO CUCUYAS - JILILI CASERIO CUCUYAS - JILILI JILILI AYABACA PIURA, JILILI, AYABACA, PIURA, PERU","JILILI, AYABACA, PIURA, PERU",-4.470137,-79.8431105,NOMINATIM,MEDIUM,PRIMARY,SUCCESS,,PRIMARY,"CUCUYAS, JILILI, AYABACA, PIURA, PERU",1,NOMINATIM,2026-05-16T03:04:20.327584,"Cucuyas, Jililí, Ayabaca, Piura, Perú",village,0.1467116678110932,"['-4.4901370', '-4.4501370', '-79.8631105', '-79.8231105']",-4.47014,-79.84311
,OTROS CASERIO EL LUCUMO S/N S/N CASERIO EL LUCUMO S/N LAGUNAS AYABACA PIURA,,1966,,,AYABACA,,1908,,,,,,PIURA,,1966,PUESTO SALUD EL LUCUMO,,LAGUNAS,200204,,ACTIVO,,,ACTIVO,,,,,,,"PUESTO SALUD EL LUCUMO, LAGUNAS, AYABACA, PIURA, PERU","OTROS CASERIO EL LUCUMO S/N S/N CASERIO EL LUCUMO S/N LAGUNAS AYABACA PIURA, LAGUNAS, AYABACA, PIURA, PERU","LAGUNAS, AYABACA, PIURA, PERU",-4.7830205,-79.8468326,NOMINATIM,LOW,FALLBACK,SUCCESS,,PRIMARY,"LAGUNAS, AYABACA, PIURA, PERU",3,NOMINATIM,2026-05-16T03:04:31.090347,"Lagunas, Ayabaca, Piura, Perú",administrative,0.3347868108024497,"['-4.8794297', '-4.6869395', '-79.9201934', '-79.7695879']",-4.78302,-79.84683
,OTROS CASERIO SALVIA CASERIO SALVIA LAGUNAS AYABACA PIURA,,1967,,,AYABACA,,1909,,,,,,PIURA,,1967,PUESTO DE SALUD SALVIA,,LAGUNAS,200204,,ACTIVO,,,ACTIVO,,,,,,,"PUESTO DE SALUD SALVIA, LAGUNAS, AYABACA, PIURA, PERU","OTROS CASERIO SALVIA CASERIO SALVIA LAGUNAS AYABACA PIURA, LAGUNAS, AYABACA, PIURA, PERU","LAGUNAS, AYABACA, PIURA, PERU",-4.7830205,-79.8468326,CACHE,LOW,FALLBACK,SUCCESS,,PRIMARY,"LAGUNAS, AYABACA, PIURA, PERU",2,NOMINATIM,2026-05-16T03:04:36.532816,"Lagunas, Ayabaca, Piura, Perú",administrative,0.3347868108024497,"['-4.8794297', '-4.6869395', '-79.9201934', '-79.7695879']",-4.78302,-79.84683
,OTROS CASERIO SAN JUAN DE LAGUNAS CASERIO SAN JUAN DE LAGUNAS LAGUNAS AYABACA PIURA,,1968,,,AYABACA,,1910,,,,,,PIURA,,1968,PUESTO DE SALUD SAN JUAN DE LAGUNAS,,LAGUNAS,200204,,ACTIVO,,,ACTIVO,,,,,,,"PUESTO DE SALUD SAN JUAN DE LAGUNAS, LAGUNAS, AYABACA, PIURA, PERU","OTROS CASERIO SAN JUAN DE LAGUNAS CASERIO SAN JUAN DE LAGUNAS LAGUNAS AYABACA PIURA, LAGUNAS, AYABACA, PIURA, PERU","LAGUNAS, AYABACA, PIURA, PERU",-4.7830205,-79.8468326,CACHE,LOW,FALLBACK,SUCCESS,,PRIMARY,"LAGUNAS, AYABACA, PIURA, PERU",2,NOMINATIM,2026-05-16T03:04:42.266423,"Lagunas, Ayabaca, Piura, Perú",administrative,0.3347868108024497,"['-4.8794297', '-4.6869395', '-79.9201934', '-79.7695879']",-4.78302,-79.84683
,OTROS CASERIO PILLO S/N S/N CASERIO PILLO S/N LAGUNAS AYABACA PIURA,,1969,,,AYABACA,,1911,,,,,,PIURA,,1969,PUESTO SALUD PILLO,,LAGUNAS,200204,,ACTIVO,,,ACTIVO,,,,,,,"PUESTO SALUD PILLO, LAGUNAS, AYABACA, PIURA, PERU","OTROS CASERIO PILLO S/N S/N CASERIO PILLO S/N LAGUNAS AYABACA PIURA, LAGUNAS, AYABACA, PIURA, PERU","LAGUNAS, AYABACA, PIURA, PERU",-4.7830205,-79.8468326,CACHE,LOW,FALLBACK,SUCCESS,,PRIMARY,"LAGUNAS, AYABACA, PIURA, PERU",2,NOMINATIM,2026-05-16T03:04:47.697029,"Lagunas, Ayabaca, Piura, Perú",administrative,0.3347868108024497,"['-4.8794297', '-4.6869395', '-79.9201934', '-79.7695879']",-4.78302,-79.84683
,OTROS CASERIO SICACATE - MONTERO CASERIO SICACATE - MONTERO MONTERO AYABACA PIURA,,1971,,,AYABACA,,1913,,,,,,PIURA,,1971,PUESTO DE SALUD SICACATE,,MONTERO,200205,,ACTIVO,,,ACTIVO,,,,,,,"PUESTO DE SALUD SICACATE, MONTERO, AYABACA, PIURA, PERU","OTROS CASERIO SICACATE - MONTERO CASERIO SICACATE - MONTERO MONTERO AYABACA PIURA, MONTERO, AYABACA, PIURA, PERU","MONTERO, AYABACA, PIURA, PERU",-4.6470498,-79.8502482,NOMINATIM,LOW,FALLBACK,SUCCESS,,PRIMARY,"MONTERO, AYABACA, PIURA, PERU",3,NOMINATIM,2026-05-16T03:04:58.986465,"Montero, Ayabaca, Piura, Perú",administrative,0.3285843364682054,"['-4.7109121', '-4.5830430', '-79.9087559', '-79.7628085']",-4.64705,-79.85025
,OTROS CASERIO MARMAS ALTO CASERIO MARMAS ALTO MONTERO AYABACA PIURA,,1972,,,AYABACA,,1914,,,,,,PIURA,,1972,PUESTO DE SALUD MARMAS ALTO,,MONTERO,200205,,ACTIVO,,,ACTIVO,,,,,,,"PUESTO DE SALUD MARMAS ALTO, MONTERO, AYABACA, PIURA, PERU","OTROS CASERIO MARMAS ALTO CASERIO MARMAS ALTO MONTERO AYABACA PIURA, MONTERO, AYABACA, PIURA, PERU","MONTERO, AYABACA, PIURA, PERU",-4.6470498,-79.8502482,CACHE,LOW,FALLBACK,SUCCESS,,PRIMARY,"MONTERO, AYABACA, PIURA, PERU",2,NOMINATIM,2026-05-16T03:05:04.534276,"Montero, Ayabaca, Piura, Perú",administrative,0.3285843364682054,"['-4.7109121', '-4.5830430', '-79.9087559', '-79.7628085']",-4.64705,-79.85025
,OTROS CASERIO QUEBRADA DE AGUA MONTERO CASERIO QUEBRADA DE AGUA MONTERO MONTERO AYABACA PIURA,,1973,,,AYABACA,,1915,,,,,,PIURA,,1973,PUESTO DE SALUD QUEBRADA DE AGUA,,MONTERO,200205,,ACTIVO,,,ACTIVO,,,,,,,"PUESTO DE SALUD QUEBRADA DE AGUA, MONTERO, AYABACA, PIURA, PERU","OTROS CASERIO QUEBRADA DE AGUA MONTERO CASERIO QUEBRADA DE AGUA MONTERO MONTERO AYABACA PIURA, MONTERO, AYABACA, PIURA, PERU","MONTERO, AYABACA, PIURA, PERU",-4.6470498,-79.8502482,CACHE,LOW,FALLBACK,SUCCESS,,PRIMARY,"MONTERO, AYABACA, PIURA, PERU",2,NOMINATIM,2026-05-16T03:05:09.413667,"Montero, Ayabaca, Piura, Perú",administrative,0.3285843364682054,"['-4.7109121', '-4.5830430', '-79.9087559', '-79.7628085']",-4.64705,-79.85025
,OTROS CASERIO OXAHUAY - SICCHEZ CASERIO OXAHUAY - SICCHEZ SICCHEZ AYABACA PIURA,,1975,,,AYABACA,,1917,,,,,,PIURA,,1975,PUESTO DE SALUD OXAHUAY,,SICCHEZ,200209,,ACTIVO,,,ACTIVO,,,,,,,"PUESTO DE SALUD OXAHUAY, SICCHEZ, AYABACA, PIURA, PERU","OTROS CASERIO OXAHUAY - SICCHEZ CASERIO OXAHUAY - SICCHEZ SICCHEZ AYABACA PIURA, SICCHEZ, AYABACA, PIURA, PERU","SICCHEZ, AYABACA, PIURA, PERU",-4.5694091,-79.7777647,NOMINATIM,LOW,FALLBACK,SUCCESS,,PRIMARY,"SICCHEZ, AYABACA, PIURA, PERU",3,NOMINATIM,2026-05-16T03:05:19.784607,"Sícchez, Ayabaca, Piura, Perú",administrative,0.3135353914498189,"['-4.6175450', '-4.5215801', '-79.8059297', '-79.7448841']",-4.56941,-79.77776
,OTROS CASERIOI AMBASAL CASERIOI AMBASAL SICCHEZ AYABACA PIURA,,1976,,,AYABACA,,1918,,,,,,PIURA,,1976,PUESTO DE SALUD AMBASAL,,SICCHEZ,200209,,ACTIVO,,,ACTIVO,,,,,,,"PUESTO DE SALUD AMBASAL, SICCHEZ, AYABACA, PIURA, PERU","OTROS CASERIOI AMBASAL CASERIOI AMBASAL SICCHEZ AYABACA PIURA, SICCHEZ, AYABACA, PIURA, PERU","SICCHEZ, AYABACA, PIURA, PERU",-4.5694091,-79.7777647,CACHE,LOW,FALLBACK,SUCCESS,,PRIMARY,"SICCHEZ, AYABACA, PIURA, PERU",2,NOMINATIM,2026-05-16T03:05:25.347325,"Sícchez, Ayabaca, Piura, Perú",administrative,0.3135353914498189,"['-4.6175450', '-4.5215801', '-79.8059297', '-79.7448841']",-4.56941,-79.77776
,OTROS CASERIO CRUCETA TAMBOGRANDE CASERIO CRUCETA TAMBOGRANDE TAMBO GRANDE PIURA PIURA,,1979,,,PIURA,,1921,,,,,,PIURA,,1979,PUESTO DE SALUD CRUCETA,,TAMBO GRANDE,200114,,ACTIVO,,,ACTIVO,,,,,,,"PUESTO DE SALUD CRUCETA, TAMBO GRANDE, PIURA, PIURA, PERU","OTROS CASERIO CRUCETA TAMBOGRANDE CASERIO CRUCETA TAMBOGRANDE TAMBO GRANDE PIURA PIURA, TAMBO GRANDE, PIURA, PIURA, PERU","TAMBO GRANDE, PIURA, PIURA, PERU",-4.9150244,-80.3561593,NOMINATIM,LOW,FALLBACK,SUCCESS,,PRIMARY,"TAMBO GRANDE, PIURA, PIURA, PERU",3,NOMINATIM,2026-05-16T03:05:39.082761,"Tambo Grande, Piura, Perú",administrative,0.3728855590490345,"['-5.1472871', '-4.6832285', '-80.6299550', '-80.0768047']",-4.91502,-80.35616
,OTROS CENTRO POBLADO DE TEJEDORES CENTRO POBLADO DE TEJEDORES TAMBO GRANDE PIURA PIURA,,1980,,,PIURA,,1922,,,,,,PIURA,,1980,PUESTO SALUD TEJEDORES,,TAMBO GRANDE,200114,,ACTIVO,,,ACTIVO,,,,,,,"PUESTO SALUD TEJEDORES, TAMBO GRANDE, PIURA, PIURA, PERU","OTROS CENTRO POBLADO DE TEJEDORES CENTRO POBLADO DE TEJEDORES TAMBO GRANDE PIURA PIURA, TAMBO GRANDE, PIURA, PIURA, PERU","TAMBO GRANDE, PIURA, PIURA, PERU",-4.9150244,-80.3561593,CACHE,LOW,FALLBACK,SUCCESS,,PRIMARY,"TAMBO GRANDE, PIURA, PIURA, PERU",2,NOMINATIM,2026-05-16T03:05:44.317798,"Tambo Grande, Piura, Perú",administrative,0.3728855590490345,"['-5.1472871', '-4.6832285', '-80.6299550', '-80.0768047']",-4.91502,-80.35616
,OTROS CASERIO MALINGAS -TAMBOGRANDE CASERIO MALINGAS -TAMBOGRANDE TAMBO GRANDE PIURA PIURA,,1981,,,PIURA,,1923,,,,,,PIURA,,1981,CENTRO DE SALUD MALINGAS,,TAMBO GRANDE,200114,,ACTIVO,,,ACTIVO,,,,,,,"CENTRO DE SALUD MALINGAS, TAMBO GRANDE, PIURA, PIURA, PERU","OTROS CASERIO MALINGAS -TAMBOGRANDE CASERIO MALINGAS -TAMBOGRANDE TAMBO GRANDE PIURA PIURA, TAMBO GRANDE, PIURA, PIURA, PERU","TAMBO GRANDE, PIURA, PIURA, PERU",-4.9150244,-80.3561593,CACHE,LOW,FALLBACK,SUCCESS,,PRIMARY,"TAMBO GRANDE, PIURA, PIURA, PERU",2,NOMINATIM,2026-05-16T03:05:49.748602,"Tambo Grande, Piura, Perú",administrative,0.3728855590490345,"['-5.1472871', '-4.6832285', '-80.6299550', '-80.0768047']",-4.91502,-80.35616
,OTROS CASERIO MALINGUITAS CASERIO MALINGUITAS TAMBO GRANDE PIURA PIURA,,1982,,,PIURA,,1924,,,,,,PIURA,,1982,PUESTO DE SALUD MALINGUITAS,,TAMBO GRANDE,200114,,ACTIVO,,,ACTIVO,,,,,,,"PUESTO DE SALUD MALINGUITAS, TAMBO GRANDE, PIURA, PIURA, PERU","OTROS CASERIO MALINGUITAS CASERIO MALINGUITAS TAMBO GRANDE PIURA PIURA, TAMBO GRANDE, PIURA, PIURA, PERU","TAMBO GRANDE, PIURA, PIURA, PERU",-4.9150244,-80.3561593,CACHE,LOW,FALLBACK,SUCCESS,,PRIMARY,"TAMBO GRANDE, PIURA, PIURA, PERU",2,NOMINATIM,2026-05-16T03:05:55.305537,"Tambo Grande, Piura, Perú",administrative,0.3728855590490345,"['-5.1472871', '-4.6832285', '-80.6299550', '-80.0768047']",-4.91502,-80.35616
,OTROS CASERIO PAPAYO ALGARROBO CASERIO PAPAYO ALGARROBO TAMBO GRANDE PIURA PIURA,,1983,,,PIURA,,1925,,,,,,PIURA,,1983,PUESTO DE SALUD PAPAYO - EL ALGARROBO,,TAMBO GRANDE,200114,,ACTIVO,,,ACTIVO,,,,,,,"PUESTO DE SALUD PAPAYO - EL ALGARROBO, TAMBO GRANDE, PIURA, PIURA, PERU","OTROS CASERIO PAPAYO ALGARROBO CASERIO PAPAYO ALGARROBO TAMBO GRANDE PIURA PIURA, TAMBO GRANDE, PIURA, PIURA, PERU","TAMBO GRANDE, PIURA, PIURA, PERU",-4.9150244,-80.3561593,CACHE,LOW,FALLBACK,SUCCESS,,PRIMARY,"TAMBO GRANDE, PIURA, PIURA, PERU",2,NOMINATIM,2026-05-16T03:06:00.432353,"Tambo Grande, Piura, Perú",administrative,0.3728855590490345,"['-5.1472871', '-4.6832285', '-80.6299550', '-80.0768047']",-4.91502,-80.35616
,OTROS CENTRO POBLADO SANTA ANA MZ X LOTE 59 CENTRO POBLADO SANTA ANA MZ X LOTE 59 TAMBO GRANDE PIURA PIURA,,1984,,,PIURA,,1926,,,,,,PIURA,,1984,PUESTO DE SALUD SANTA ANA,,TAMBO GRANDE,200114,,ACTIVO,,,ACTIVO,,,,,,,"PUESTO DE SALUD SANTA ANA, TAMBO GRANDE, PIURA, PIURA, PERU","OTROS CENTRO POBLADO SANTA ANA MZ X LOTE 59 CENTRO POBLADO SANTA ANA MZ X LOTE 59 TAMBO GRANDE PIURA PIURA, TAMBO GRANDE, PIURA, PIURA, PERU","TAMBO GRANDE, PIURA, PIURA, PERU",-4.9150244,-80.3561593,CACHE,LOW,FALLBACK,SUCCESS,,PRIMARY,"TAMBO GRANDE, PIURA, PIURA, PERU",2,NOMINATIM,2026-05-16T03:06:05.812329,"Tambo Grande, Piura, Perú",administrative,0.3728855590490345,"['-5.1472871', '-4.6832285', '-80.6299550', '-80.0768047']",-4.91502,-80.35616
,OTROS CASERIO LA PEÑITA - TAMBOGRANDE CASERIO LA PEÑITA - TAMBOGRANDE TAMBO GRANDE PIURA PIURA,,1985,,,PIURA,,1927,,,,,,PIURA,,1985,PUESTO DE SALUD LA PEÑITA,,TAMBO GRANDE,200114,,ACTIVO,,,ACTIVO,,,,,,,"PUESTO DE SALUD LA PEÑITA, TAMBO GRANDE, PIURA, PIURA, PERU","OTROS CASERIO LA PEÑITA - TAMBOGRANDE CASERIO LA PEÑITA - TAMBOGRANDE TAMBO GRANDE PIURA PIURA, TAMBO GRANDE, PIURA, PIURA, PERU","TAMBO GRANDE, PIURA, PIURA, PERU",-4.9150244,-80.3561593,CACHE,LOW,FALLBACK,SUCCESS,,PRIMARY,"TAMBO GRANDE, PIURA, PIURA, PERU",2,NOMINATIM,2026-05-16T03:06:11.303132,"Tambo Grande, Piura, Perú",administrative,0.3728855590490345,"['-5.1472871', '-4.6832285', '-80.6299550', '-80.0768047']",-4.91502,-80.35616
,OTROS CASERIO PEDREGAL - TAMBOGRANDE CASERIO PEDREGAL - TAMBOGRANDE TAMBO GRANDE PIURA PIURA,,1989,,,PIURA,,1931,,,,,,PIURA,,1989,PUESTO DE SALUD PEDREGAL,,TAMBO GRANDE,200114,,ACTIVO,,,ACTIVO,,,,,,,"PUESTO DE SALUD PEDREGAL, TAMBO GRANDE, PIURA, PIURA, PERU","OTROS CASERIO PEDREGAL - TAMBOGRANDE CASERIO PEDREGAL - TAMBOGRANDE TAMBO GRANDE PIURA PIURA, TAMBO GRANDE, PIURA, PIURA, PERU","TAMBO GRANDE, PIURA, PIURA, PERU",-4.9150244,-80.3561593,CACHE,LOW,FALLBACK,SUCCESS,,PRIMARY,"TAMBO GRANDE, PIURA, PIURA, PERU",2,NOMINATIM,2026-05-16T03:06:25.606775,"Tambo Grande, Piura, Perú",administrative,0.3728855590490345,"['-5.1472871', '-4.6832285', '-80.6299550', '-80.0768047']",-4.91502,-80.35616
,OTROS CASERIO PALOMINOS CASERIO PALOMINOS TAMBO GRANDE PIURA PIURA,,1990,,,PIURA,,1932,,,,,,PIURA,,1990,PUESTO DE SALUD PALOMINOS,,TAMBO GRANDE,200114,,ACTIVO,,,ACTIVO,,,,,,,"PUESTO DE SALUD PALOMINOS, TAMBO GRANDE, PIURA, PIURA, PERU","OTROS CASERIO PALOMINOS CASERIO PALOMINOS TAMBO GRANDE PIURA PIURA, TAMBO GRANDE, PIURA, PIURA, PERU","TAMBO GRANDE, PIURA, PIURA, PERU",-4.9150244,-80.3561593,CACHE,LOW,FALLBACK,SUCCESS,,PRIMARY,"TAMBO GRANDE, PIURA, PIURA, PERU",2,NOMINATIM,2026-05-16T03:06:30.985656,"Tambo Grande, Piura, Perú",administrative,0.3728855590490345,"['-5.1472871', '-4.6832285', '-80.6299550', '-80.0768047']",-4.91502,-80.35616
,OTROS CASERIO LLOQUE YUPANQUI CASERIO LLOQUE YUPANQUI TAMBO GRANDE PIURA PIURA,,1991,,,PIURA,,1933,,,,,,PIURA,,1991,PUESTO DE SALUD LLOQUE YUPANQUI,,TAMBO GRANDE,200114,,ACTIVO,,,ACTIVO,,,,,,,"PUESTO DE SALUD LLOQUE YUPANQUI, TAMBO GRANDE, PIURA, PIURA, PERU","OTROS CASERIO LLOQUE YUPANQUI CASERIO LLOQUE YUPANQUI TAMBO GRANDE PIURA PIURA, TAMBO GRANDE, PIURA, PIURA, PERU","TAMBO GRANDE, PIURA, PIURA, PERU",-4.9150244,-80.3561593,CACHE,LOW,FALLBACK,SUCCESS,,PRIMARY,"TAMBO GRANDE, PIURA, PIURA, PERU",2,NOMINATIM,2026-05-16T03:06:36.172687,"Tambo Grande, Piura, Perú",administrative,0.3728855590490345,"['-5.1472871', '-4.6832285', '-80.6299550', '-80.0768047']",-4.91502,-80.35616
,CALLE EL PORVENIR - HUALTACO III S/N CASERIO EL PORVENIR TAMBO GRANDE PIURA PIURA,,1992,,,PIURA,,1934,,,,,,PIURA,,1992,PUESTO DE SALUD EL PORVENIR,,TAMBO GRANDE,200114,,ACTIVO,,,ACTIVO,,,,,,,"PUESTO DE SALUD EL PORVENIR, TAMBO GRANDE, PIURA, PIURA, PERU","CALLE EL PORVENIR - HUALTACO III S/N CASERIO EL PORVENIR TAMBO GRANDE PIURA PIURA, TAMBO GRANDE, PIURA, PIURA, PERU","TAMBO GRANDE, PIURA, PIURA, PERU",-4.9150244,-80.3561593,CACHE,LOW,FALLBACK,SUCCESS,,PRIMARY,"TAMBO GRANDE, PIURA, PIURA, PERU",2,NOMINATIM,2026-05-16T03:06:41.932660,"Tambo Grande, Piura, Perú",administrative,0.3728855590490345,"['-5.1472871', '-4.6832285', '-80.6299550', '-80.0768047']",-4.91502,-80.35616
,OTROS CASERIO YAHUAR HUACA CASERIO YAHUAR HUACA TAMBO GRANDE PIURA PIURA,,1993,,,PIURA,,1935,,,,,,PIURA,,1993,PUESTO SALUD YAHUAR HUACA,,TAMBO GRANDE,200114,,ACTIVO,,,ACTIVO,,,,,,,"PUESTO SALUD YAHUAR HUACA, TAMBO GRANDE, PIURA, PIURA, PERU","OTROS CASERIO YAHUAR HUACA CASERIO YAHUAR HUACA TAMBO GRANDE PIURA PIURA, TAMBO GRANDE, PIURA, PIURA, PERU","TAMBO GRANDE, PIURA, PIURA, PERU",-4.9150244,-80.3561593,CACHE,LOW,FALLBACK,SUCCESS,,PRIMARY,"TAMBO GRANDE, PIURA, PIURA, PERU",2,NOMINATIM,2026-05-16T03:06:47.952502,"Tambo Grande, Piura, Perú",administrative,0.3728855590490345,"['-5.1472871', '-4.6832285', '-80.6299550', '-80.0768047']",-4.91502,-80.35616
,OTROS CASERIO OCOTO ALTO CASERIO OCOTO ALTO TAMBO GRANDE PIURA PIURA,,1994,,,PIURA,,1936,,,,,,PIURA,,1994,PUESTO DE SALUD OCOTO ALTO,,TAMBO GRANDE,200114,,ACTIVO,,,ACTIVO,,,,,,,"PUESTO DE SALUD OCOTO ALTO, TAMBO GRANDE, PIURA, PIURA, PERU","OTROS CASERIO OCOTO ALTO CASERIO OCOTO ALTO TAMBO GRANDE PIURA PIURA, TAMBO GRANDE, PIURA, PIURA, PERU","TAMBO GRANDE, PIURA, PIURA, PERU",-4.9150244,-80.3561593,CACHE,LOW,FALLBACK,SUCCESS,,PRIMARY,"TAMBO GRANDE, PIURA, PIURA, PERU",2,NOMINATIM,2026-05-16T03:06:54.512632,"Tambo Grande, Piura, Perú",administrative,0.3728855590490345,"['-5.1472871', '-4.6832285', '-80.6299550', '-80.0768047']",-4.91502,-80.35616
,OTROS CASERIO PROGRESO BAJO CASERIO PROGRESO BAJO TAMBO GRANDE PIURA PIURA,,1995,,,PIURA,,1937,,,,,,PIURA,,1995,PUESTO DE SALUD PROGRESO BAJO,,TAMBO GRANDE,200114,,ACTIVO,,,ACTIVO,,,,,,,"PUESTO DE SALUD PROGRESO BAJO, TAMBO GRANDE, PIURA, PIURA, PERU","OTROS CASERIO PROGRESO BAJO CASERIO PROGRESO BAJO TAMBO GRANDE PIURA PIURA, TAMBO GRANDE, PIURA, PIURA, PERU","TAMBO GRANDE, PIURA, PIURA, PERU",-4.9150244,-80.3561593,CACHE,LOW,FALLBACK,SUCCESS,,PRIMARY,"TAMBO GRANDE, PIURA, PIURA, PERU",2,NOMINATIM,2026-05-16T03:07:00.754447,"Tambo Grande, Piura, Perú",administrative,0.3728855590490345,"['-5.1472871', '-4.6832285', '-80.6299550', '-80.0768047']",-4.91502,-80.35616
,OTROS CASERIO CP4 DISTRITO TAMBO GRANDE PROVINCIA PIURA DEPARTAMENTO PIURA,,1997,,,PIURA,,1939,,,,,,PIURA,,1997,PUESTO DE SALUD CP4,,TAMBO GRANDE,200114,,ACTIVO,,,ACTIVO,,,,,,,"PUESTO DE SALUD CP4, TAMBO GRANDE, PIURA, PIURA, PERU","OTROS CASERIO CP4 DISTRITO TAMBO GRANDE PROVINCIA PIURA DEPARTAMENTO PIURA, TAMBO GRANDE, PIURA, PIURA, PERU","TAMBO GRANDE, PIURA, PIURA, PERU",-4.9150244,-80.3561593,CACHE,LOW,FALLBACK,SUCCESS,,PRIMARY,"TAMBO GRANDE, PIURA, PIURA, PERU",2,NOMINATIM,2026-05-16T03:07:10.242556,"Tambo Grande, Piura, Perú",administrative,0.3728855590490345,"['-5.1472871', '-4.6832285', '-80.6299550', '-80.0768047']",-4.91502,-80.35616
,OTROS CASERIO GUARAGUAOS CASERIO GUARAGUAOS TAMBO GRANDE PIURA PIURA,,1998,,,PIURA,,1940,,,,,,PIURA,,1998,PUESTO DE SALUD GUARAGUAOS,,TAMBO GRANDE,200114,,ACTIVO,,,ACTIVO,,,,,,,"PUESTO DE SALUD GUARAGUAOS, TAMBO GRANDE, PIURA, PIURA, PERU","OTROS CASERIO GUARAGUAOS CASERIO GUARAGUAOS TAMBO GRANDE PIURA PIURA, TAMBO GRANDE, PIURA, PIURA, PERU","TAMBO GRANDE, PIURA, PIURA, PERU",-4.9150244,-80.3561593,CACHE,LOW,FALLBACK,SUCCESS,,PRIMARY,"TAMBO GRANDE, PIURA, PIURA, PERU",2,NOMINATIM,2026-05-16T03:07:16.009004,"Tambo Grande, Piura, Perú",administrative,0.3728855590490345,"['-5.1472871', '-4.6832285', '-80.6299550', '-80.0768047']",-4.91502,-80.35616
,AVENIDA AV. INTERNACIONAL S/N CENTRO POBLADO LA GREDA NUEVA S/N AV. INTERNACIONAL S/N CENTRO POBLADO LA GREDA NUEVA TAMBO GRANDE PIURA PIURA,,1999,,,PIURA,,1941,,,,,,PIURA,,1999,PUESTO DE SALUD LA GREDA,,TAMBO GRANDE,200114,,ACTIVO,,,ACTIVO,,,,,,,"PUESTO DE SALUD LA GREDA, TAMBO GRANDE, PIURA, PIURA, PERU","AVENIDA AV. INTERNACIONAL S/N CENTRO POBLADO LA GREDA NUEVA S/N AV. INTERNACIONAL S/N CENTRO POBLADO LA GREDA NUEVA TAMBO GRANDE PIURA PIURA, TAMBO GRANDE, PIURA, PIURA, PERU","TAMBO GRANDE, PIURA, PIURA, PERU",-4.9150244,-80.3561593,CACHE,LOW,FALLBACK,SUCCESS,,PRIMARY,"TAMBO GRANDE, PIURA, PIURA, PERU",2,NOMINATIM,2026-05-16T03:07:22.702709,"Tambo Grande, Piura, Perú",administrative,0.3728855590490345,"['-5.1472871', '-4.6832285', '-80.6299550', '-80.0768047']",-4.91502,-80.35616
,OTROS CASERIO LA RITA - TAMBOGRANDE CASERIO LA RITA - TAMBOGRANDE TAMBO GRANDE PIURA PIURA,,2000,,,PIURA,,1942,,,,,,PIURA,,2000,PUESTO SALUD LA RITA,,TAMBO GRANDE,200114,,ACTIVO,,,ACTIVO,,,,,,,"PUESTO SALUD LA RITA, TAMBO GRANDE, PIURA, PIURA, PERU","OTROS CASERIO LA RITA - TAMBOGRANDE CASERIO LA RITA - TAMBOGRANDE TAMBO GRANDE PIURA PIURA, TAMBO GRANDE, PIURA, PIURA, PERU","TAMBO GRANDE, PIURA, PIURA, PERU",-4.9150244,-80.3561593,CACHE,LOW,FALLBACK,SUCCESS,,PRIMARY,"TAMBO GRANDE, PIURA, PIURA, PERU",2,NOMINATIM,2026-05-16T03:07:28.842795,"Tambo Grande, Piura, Perú",administrative,0.3728855590490345,"['-5.1472871', '-4.6832285', '-80.6299550', '-80.0768047']",-4.91502,-80.35616
,OTROS SOMATE SOMATE SULLANA SULLANA PIURA,,2002,,,SULLANA,,1944,,,,,,PIURA,,2002,PUESTO DE SALUD SOMATE CENTRO DE SERVICIOS,,SULLANA,200601,,ACTIVO,,,ACTIVO,,,,,,,"PUESTO DE SALUD SOMATE CENTRO DE SERVICIOS, SULLANA, SULLANA, PIURA, PERU","OTROS SOMATE SOMATE SULLANA SULLANA PIURA, SULLANA, SULLANA, PIURA, PERU","SULLANA, SULLANA, PIURA, PERU",-4.8900643,-80.6873604,NOMINATIM,LOW,FALLBACK,SUCCESS,,PRIMARY,"SULLANA, SULLANA, PIURA, PERU",3,NOMINATIM,2026-05-16T03:07:42.126594,"Sullana, Piura, 20100, Perú",city,0.4313318996474294,"['-5.0500643', '-4.7300643', '-80.8473604', '-80.5273604']",-4.89006,-80.68736
,OTROS HUANGALA HUANGALA SULLANA SULLANA PIURA,,2003,,,SULLANA,,1945,,,,,,PIURA,,2003,PUESTO SALUD DE HUANGALA,,SULLANA,200601,,ACTIVO,,,ACTIVO,,,,,,,"PUESTO SALUD DE HUANGALA, SULLANA, SULLANA, PIURA, PERU","OTROS HUANGALA HUANGALA SULLANA SULLANA PIURA, SULLANA, SULLANA, PIURA, PERU","SULLANA, SULLANA, PIURA, PERU",-4.8900643,-80.6873604,CACHE,LOW,FALLBACK,SUCCESS,,PRIMARY,"SULLANA, SULLANA, PIURA, PERU",2,NOMINATIM,2026-05-16T03:07:47.634901,"Sullana, Piura, 20100, Perú",city,0.4313318996474294,"['-5.0500643', '-4.7300643', '-80.8473604', '-80.5273604']",-4.89006,-80.68736
,OTROS CHALACALA CHALACALA SULLANA SULLANA PIURA,,2004,,,SULLANA,,1946,,,,,,PIURA,,2004,PUESTO DE SALUD CHALACALA BAJA,,SULLANA,200601,,ACTIVO,,,ACTIVO,,,,,,,"PUESTO DE SALUD CHALACALA BAJA, SULLANA, SULLANA, PIURA, PERU","OTROS CHALACALA CHALACALA SULLANA SULLANA PIURA, SULLANA, SULLANA, PIURA, PERU","SULLANA, SULLANA, PIURA, PERU",-4.8900643,-80.6873604,CACHE,LOW,FALLBACK,SUCCESS,,PRIMARY,"SULLANA, SULLANA, PIURA, PERU",2,NOMINATIM,2026-05-16T03:07:52.586925,"Sullana, Piura, 20100, Perú",city,0.4313318996474294,"['-5.0500643', '-4.7300643', '-80.8473604', '-80.5273604']",-4.89006,-80.68736
,"OTROS CASERIO STA, ROSA DE PIEDRA RODADA CASERIO STA, ROSA DE PIEDRA RODADA SULLANA SULLANA PIURA",,2005,,,SULLANA,,1947,,,,,,PIURA,,2005,PUESTO DE SALUD STA. ROSA DE PIEDRA RODADA,,SULLANA,200601,,ACTIVO,,,ACTIVO,,,,,,,"PUESTO DE SALUD STA. ROSA DE PIEDRA RODADA, SULLANA, SULLANA, PIURA, PERU","OTROS CASERIO STA, ROSA DE PIEDRA RODADA CASERIO STA, ROSA DE PIEDRA RODADA SULLANA SULLANA PIURA, SULLANA, SULLANA, PIURA, PERU","SULLANA, SULLANA, PIURA, PERU",-4.8900643,-80.6873604,CACHE,LOW,FALLBACK,SUCCESS,,PRIMARY,"SULLANA, SULLANA, PIURA, PERU",2,NOMINATIM,2026-05-16T03:07:57.857760,"Sullana, Piura, 20100, Perú",city,0.4313318996474294,"['-5.0500643', '-4.7300643', '-80.8473604', '-80.5273604']",-4.89006,-80.68736
,OTROS SOMATE BAJO SOMATE BAJO SULLANA SULLANA PIURA,,2006,,,SULLANA,,1948,,,,,,PIURA,,2006,PUESTO DE SALUD SOMATE BAJO,,SULLANA,200601,,ACTIVO,,,ACTIVO,,,,,,,"PUESTO DE SALUD SOMATE BAJO, SULLANA, SULLANA, PIURA, PERU","OTROS SOMATE BAJO SOMATE BAJO SULLANA SULLANA PIURA, SULLANA, SULLANA, PIURA, PERU","SULLANA, SULLANA, PIURA, PERU",-4.8900643,-80.6873604,CACHE,LOW,FALLBACK,SUCCESS,,PRIMARY,"SULLANA, SULLANA, PIURA, PERU",2,NOMINATIM,2026-05-16T03:08:02.599893,"Sullana, Piura, 20100, Perú",city,0.4313318996474294,"['-5.0500643', '-4.7300643', '-80.8473604', '-80.5273604']",-4.89006,-80.68736
,OTROS SAN VICENTE DE PIEDRA RODADA SAN VICENTE DE PIEDRA RODADA SULLANA SULLANA PIURA,,2007,,,SULLANA,,1949,,,,,,PIURA,,2007,PUESTO DE SALUD SAN VICENTE-PIEDRA RODADA,,SULLANA,200601,,ACTIVO,,,ACTIVO,,,,,,,"PUESTO DE SALUD SAN VICENTE-PIEDRA RODADA, SULLANA, SULLANA, PIURA, PERU","OTROS SAN VICENTE DE PIEDRA RODADA SAN VICENTE DE PIEDRA RODADA SULLANA SULLANA PIURA, SULLANA, SULLANA, PIURA, PERU","SULLANA, SULLANA, PIURA, PERU",-4.8900643,-80.6873604,CACHE,LOW,FALLBACK,SUCCESS,,PRIMARY,"SULLANA, SULLANA, PIURA, PERU",2,NOMINATIM,2026-05-16T03:08:07.817848,"Sullana, Piura, 20100, Perú",city,0.4313318996474294,"['-5.0500643', '-4.7300643', '-80.8473604', '-80.5273604']",-4.89006,-80.68736
,OTROS SOMATE ALTO S/N BELLAVISTA S/N SOMATE ALTO S/N BELLAVISTA SULLANA SULLANA PIURA,,2008,,,SULLANA,,1950,,,,,,PIURA,,2008,PUESTO DE SALUD SOMATE ALTO,,SULLANA,200601,,ACTIVO,,,ACTIVO,,,,,,,"PUESTO DE SALUD SOMATE ALTO, SULLANA, SULLANA, PIURA, PERU","OTROS SOMATE ALTO S/N BELLAVISTA S/N SOMATE ALTO S/N BELLAVISTA SULLANA SULLANA PIURA, SULLANA, SULLANA, PIURA, PERU","SULLANA, SULLANA, PIURA, PERU",-4.8900643,-80.6873604,CACHE,LOW,FALLBACK,SUCCESS,,PRIMARY,"SULLANA, SULLANA, PIURA, PERU",2,NOMINATIM,2026-05-16T03:08:13.123814,"Sullana, Piura, 20100, Perú",city,0.4313318996474294,"['-5.0500643', '-4.7300643', '-80.8473604', '-80.5273604']",-4.89006,-80.68736
,AVENIDA CENTRO POBLADO EL CUCHO AV. LATINA S/N S/N CENTRO POBLADO EL CUCHO AV. LATINA S/N SULLANA SULLANA PIURA,,2009,,,SULLANA,,1951,,,,,,PIURA,,2009,PUESTO DE SALUD EL CUCHO,,SULLANA,200601,,ACTIVO,,,ACTIVO,,,,,,,"PUESTO DE SALUD EL CUCHO, SULLANA, SULLANA, PIURA, PERU","AVENIDA CENTRO POBLADO EL CUCHO AV. LATINA S/N S/N CENTRO POBLADO EL CUCHO AV. LATINA S/N SULLANA SULLANA PIURA, SULLANA, SULLANA, PIURA, PERU","SULLANA, SULLANA, PIURA, PERU",-4.8900643,-80.6873604,CACHE,LOW,FALLBACK,SUCCESS,,PRIMARY,"SULLANA, SULLANA, PIURA, PERU",2,NOMINATIM,2026-05-16T03:08:18.417273,"Sullana, Piura, 20100, Perú",city,0.4313318996474294,"['-5.0500643', '-4.7300643', '-80.8473604', '-80.5273604']",-4.89006,-80.68736
,OTROS CASERIO JOSE OLAYA CASERIO JOSE OLAYA SULLANA SULLANA PIURA,,2010,,,SULLANA,,1952,,,,,,PIURA,,2010,PUESTO DE SALUD JOSE OLAYA,,SULLANA,200601,,ACTIVO,,,ACTIVO,,,,,,,"PUESTO DE SALUD JOSE OLAYA, SULLANA, SULLANA, PIURA, PERU","OTROS CASERIO JOSE OLAYA CASERIO JOSE OLAYA SULLANA SULLANA PIURA, SULLANA, SULLANA, PIURA, PERU","SULLANA, SULLANA, PIURA, PERU",-4.8900643,-80.6873604,CACHE,LOW,FALLBACK,SUCCESS,,PRIMARY,"SULLANA, SULLANA, PIURA, PERU",2,NOMINATIM,2026-05-16T03:08:23.619846,"Sullana, Piura, 20100, Perú",city,0.4313318996474294,"['-5.0500643', '-4.7300643', '-80.8473604', '-80.5273604']",-4.89006,-80.68736
,OTROS VICHAYAL Nº1101 NUEVE DE OCTUBRE VICHAYAL Nº1101 NUEVE DE OCTUBRE SULLANA SULLANA PIURA,,2013,,,SULLANA,,1955,,,,,,PIURA,,2013,CENTRO DE SALUD NUEVE DE OCTUBRE,,SULLANA,200601,,ACTIVO,,,ACTIVO,,,,,,,"CENTRO DE SALUD NUEVE DE OCTUBRE, SULLANA, SULLANA, PIURA, PERU","OTROS VICHAYAL Nº1101 NUEVE DE OCTUBRE VICHAYAL Nº1101 NUEVE DE OCTUBRE SULLANA SULLANA PIURA, SULLANA, SULLANA, PIURA, PERU","SULLANA, SULLANA, PIURA, PERU",-4.8900643,-80.6873604,CACHE,LOW,FALLBACK,SUCCESS,,PRIMARY,"SULLANA, SULLANA, PIURA, PERU",2,NOMINATIM,2026-05-16T03:08:34.083415,"Sullana, Piura, 20100, Perú",city,0.4313318996474294,"['-5.0500643', '-4.7300643', '-80.8473604', '-80.5273604']",-4.89006,-80.68736
,OTROS ASENTAMIENTO HUMANO EL OBRERO ASENTAMIENTO HUMANO EL OBRERO SULLANA SULLANA PIURA,,2014,,,SULLANA,,1956,,,,,,PIURA,,2014,CENTRO DE SALUD EL OBRERO,,SULLANA,200601,,ACTIVO,,,ACTIVO,,,,,,,"CENTRO DE SALUD EL OBRERO, SULLANA, SULLANA, PIURA, PERU","OTROS ASENTAMIENTO HUMANO EL OBRERO ASENTAMIENTO HUMANO EL OBRERO SULLANA SULLANA PIURA, SULLANA, SULLANA, PIURA, PERU","SULLANA, SULLANA, PIURA, PERU",-4.8900643,-80.6873604,CACHE,LOW,FALLBACK,SUCCESS,,PRIMARY,"SULLANA, SULLANA, PIURA, PERU",2,NOMINATIM,2026-05-16T03:08:39.134223,"Sullana, Piura, 20100, Perú",city,0.4313318996474294,"['-5.0500643', '-4.7300643', '-80.8473604', '-80.5273604']",-4.89006,-80.68736
,OTROS CASERIO CIENEGUILLO CENTRO CASERIO CIENEGUILLO CENTRO SULLANA SULLANA PIURA,,2015,,,SULLANA,,1957,,,,,,PIURA,,2015,PUESTO DE SALUD CIENEGUILLO CENTRO,,SULLANA,200601,,ACTIVO,,,ACTIVO,,,,,,,"PUESTO DE SALUD CIENEGUILLO CENTRO, SULLANA, SULLANA, PIURA, PERU","OTROS CASERIO CIENEGUILLO CENTRO CASERIO CIENEGUILLO CENTRO SULLANA SULLANA PIURA, SULLANA, SULLANA, PIURA, PERU","SULLANA, SULLANA, PIURA, PERU",-4.8900643,-80.6873604,CACHE,LOW,FALLBACK,SUCCESS,,PRIMARY,"SULLANA, SULLANA, PIURA, PERU",2,NOMINATIM,2026-05-16T03:08:43.882579,"Sullana, Piura, 20100, Perú",city,0.4313318996474294,"['-5.0500643', '-4.7300643', '-80.8473604', '-80.5273604']",-4.89006,-80.68736
,OTROS LOS PESCADORES S/N LA PUNTA S/N LOS PESCADORES S/N LA PUNTA PAITA PAITA PIURA,,2021,,,PAITA,,1963,,,,,,PIURA,,2021,HOSPITAL DE APOYO II - 1 NUESTRA SEÑORA DE LAS MERCEDES - PAITA,,PAITA,200501,,ACTIVO,,,ACTIVO,,,,,,,"HOSPITAL DE APOYO II - 1 NUESTRA SEÑORA DE LAS MERCEDES - PAITA, PAITA, PAITA, PIURA, PERU","OTROS LOS PESCADORES S/N LA PUNTA S/N LOS PESCADORES S/N LA PUNTA PAITA PAITA PIURA, PAITA, PAITA, PIURA, PERU","PAITA, PAITA, PIURA, PERU",-5.0851637,-81.1136793,NOMINATIM,LOW,FALLBACK,SUCCESS,,PRIMARY,"PAITA, PAITA, PIURA, PERU",3,NOMINATIM,2026-05-16T03:09:04.213467,"Paita, Piura, Perú",city,0.4237761158482558,"['-5.2451637', '-4.9251637', '-81.2736793', '-80.9536793']",-5.08516,-81.11368
,OTROS CASERIO LA ISLA SAN LORENZO CASERIO LA ISLA SAN LORENZO VICHAYAL PAITA PIURA,,2031,,,PAITA,,1973,,,,,,PIURA,,2031,PUESTO DE SALUD LA ISLA SAN LORENZO,,VICHAYAL,200507,,ACTIVO,,,ACTIVO,,,,,,,"PUESTO DE SALUD LA ISLA SAN LORENZO, VICHAYAL, PAITA, PIURA, PERU","OTROS CASERIO LA ISLA SAN LORENZO CASERIO LA ISLA SAN LORENZO VICHAYAL PAITA PIURA, VICHAYAL, PAITA, PIURA, PERU","VICHAYAL, PAITA, PIURA, PERU",-4.84546,-81.104945,NOMINATIM,LOW,FALLBACK,SUCCESS,,PRIMARY,"VICHAYAL, PAITA, PIURA, PERU",3,NOMINATIM,2026-05-16T03:09:35.762670,"Vichayal, Paita, Piura, Perú",administrative,0.3078369698940717,"['-4.9054981', '-4.7854257', '-81.2119724', '-81.0161250']",-4.84546,-81.10494
,AVENIDA AV. GRAU S-N LA GOLONDRINA AV. GRAU S-N LA GOLONDRINA MARCAVELICA SULLANA PIURA,,2034,,,SULLANA,,1976,,,,,,PIURA,,2034,LA GOLONDRINA,,MARCAVELICA,200605,,ACTIVO,,,ACTIVO,,,,,,,"LA GOLONDRINA, MARCAVELICA, SULLANA, PIURA, PERU","AVENIDA AV. GRAU S-N LA GOLONDRINA AV. GRAU S-N LA GOLONDRINA MARCAVELICA SULLANA PIURA, MARCAVELICA, SULLANA, PIURA, PERU","MARCAVELICA, SULLANA, PIURA, PERU",-4.8497334,-80.7842577,NOMINATIM,MEDIUM,PRIMARY,SUCCESS,,PRIMARY,"LA GOLONDRINA, MARCAVELICA, SULLANA, PIURA, PERU",1,NOMINATIM,2026-05-16T03:09:43.297662,"La Golondrina, Marcavelica, Sullana, Piura, Perú",village,0.146704168001831,"['-4.8697334', '-4.8297334', '-80.8042577', '-80.7642577']",-4.84973,-80.78426
,AVENIDA AV. GRAU S/N MONTERON S/N AV. GRAU S/N MONTERON MARCAVELICA SULLANA PIURA,,2036,,,SULLANA,,1978,,,,,,PIURA,,2036,PUESTO DE SALUD MONTERON,,MARCAVELICA,200605,,ACTIVO,,,ACTIVO,,,,,,,"PUESTO DE SALUD MONTERON, MARCAVELICA, SULLANA, PIURA, PERU","AVENIDA AV. GRAU S/N MONTERON S/N AV. GRAU S/N MONTERON MARCAVELICA SULLANA PIURA, MARCAVELICA, SULLANA, PIURA, PERU","MARCAVELICA, SULLANA, PIURA, PERU",-4.5364131,-80.7924755,NOMINATIM,LOW,FALLBACK,SUCCESS,,PRIMARY,"MARCAVELICA, SULLANA, PIURA, PERU",3,NOMINATIM,2026-05-16T03:09:53.305942,"Marcavelica, Sullana, Piura, Perú",administrative,0.3382445921771202,"['-4.9041875', '-4.1687968', '-80.9377051', '-80.6290312']",-4.53641,-80.79248
,OTROS CASERIO VISTA FLORIDA - MARCAVELICA CASERIO VISTA FLORIDA - MARCAVELICA MARCAVELICA SULLANA PIURA,,2039,,,SULLANA,,1981,,,,,,PIURA,,2039,PUESTO DE SALUD VISTA FLORIDA,,MARCAVELICA,200605,,ACTIVO,,,ACTIVO,,,,,,,"PUESTO DE SALUD VISTA FLORIDA, MARCAVELICA, SULLANA, PIURA, PERU","OTROS CASERIO VISTA FLORIDA - MARCAVELICA CASERIO VISTA FLORIDA - MARCAVELICA MARCAVELICA SULLANA PIURA, MARCAVELICA, SULLANA, PIURA, PERU","MARCAVELICA, SULLANA, PIURA, PERU",-4.5364131,-80.7924755,CACHE,LOW,FALLBACK,SUCCESS,,PRIMARY,"MARCAVELICA, SULLANA, PIURA, PERU",2,NOMINATIM,2026-05-16T03:10:05.427634,"Marcavelica, Sullana, Piura, Perú",administrative,0.3382445921771202,"['-4.9041875', '-4.1687968', '-80.9377051', '-80.6290312']",-4.53641,-80.79248
,OTROS BARRIO CENTRO S-N LA QUINTA BARRIO CENTRO S-N LA QUINTA MARCAVELICA SULLANA PIURA,,2041,,,SULLANA,,1983,,,,,,PIURA,,2041,PUESTO DE SALUD LA QUINTA,,MARCAVELICA,200605,,ACTIVO,,,ACTIVO,,,,,,,"PUESTO DE SALUD LA QUINTA, MARCAVELICA, SULLANA, PIURA, PERU","OTROS BARRIO CENTRO S-N LA QUINTA BARRIO CENTRO S-N LA QUINTA MARCAVELICA SULLANA PIURA, MARCAVELICA, SULLANA, PIURA, PERU","MARCAVELICA, SULLANA, PIURA, PERU",-4.5364131,-80.7924755,CACHE,LOW,FALLBACK,SUCCESS,,PRIMARY,"MARCAVELICA, SULLANA, PIURA, PERU",2,NOMINATIM,2026-05-16T03:10:15.532214,"Marcavelica, Sullana, Piura, Perú",administrative,0.3382445921771202,"['-4.9041875', '-4.1687968', '-80.9377051', '-80.6290312']",-4.53641,-80.79248
,OTROS CASERIO LA PEÑA -LA HORCA CASERIO LA PEÑA -LA HORCA QUERECOTILLO SULLANA PIURA,,2053,,,SULLANA,,1994,,,,,,PIURA,,2053,PUESTO DE SALUD LA PEÑA - LA HORCA,,QUERECOTILLO,200607,,ACTIVO,,,ACTIVO,,,,,,,"PUESTO DE SALUD LA PEÑA - LA HORCA, QUERECOTILLO, SULLANA, PIURA, PERU","OTROS CASERIO LA PEÑA -LA HORCA CASERIO LA PEÑA -LA HORCA QUERECOTILLO SULLANA PIURA, QUERECOTILLO, SULLANA, PIURA, PERU","QUERECOTILLO, SULLANA, PIURA, PERU",-4.7434023,-80.61271,NOMINATIM,LOW,FALLBACK,SUCCESS,,PRIMARY,"QUERECOTILLO, SULLANA, PIURA, PERU",3,NOMINATIM,2026-05-16T03:11:06.203877,"Querecotillo, Sullana, Piura, Perú",administrative,0.3146179042636486,"['-4.8652950', '-4.6217402', '-80.6808261', '-80.5092579']",-4.7434,-80.61271
,OTROS LA MARGARITA LA MARGARITA QUERECOTILLO SULLANA PIURA,,2054,,,SULLANA,,1995,,,,,,PIURA,,2054,PUESTO DE SALUD LA MARGARITA,,QUERECOTILLO,200607,,ACTIVO,,,ACTIVO,,,,,,,"PUESTO DE SALUD LA MARGARITA, QUERECOTILLO, SULLANA, PIURA, PERU","OTROS LA MARGARITA LA MARGARITA QUERECOTILLO SULLANA PIURA, QUERECOTILLO, SULLANA, PIURA, PERU","QUERECOTILLO, SULLANA, PIURA, PERU",-4.7434023,-80.61271,CACHE,LOW,FALLBACK,SUCCESS,,PRIMARY,"QUERECOTILLO, SULLANA, PIURA, PERU",2,NOMINATIM,2026-05-16T03:11:12.430735,"Querecotillo, Sullana, Piura, Perú",administrative,0.3146179042636486,"['-4.8652950', '-4.6217402', '-80.6808261', '-80.5092579']",-4.7434,-80.61271
,OTROS CASERIO SANTA VICTORIA CASERIO SANTA VICTORIA QUERECOTILLO SULLANA PIURA,,2055,,,SULLANA,,1996,,,,,,PIURA,,2055,PUESTO SALUD SANTA VICTORIA,,QUERECOTILLO,200607,,ACTIVO,,,ACTIVO,,,,,,,"PUESTO SALUD SANTA VICTORIA, QUERECOTILLO, SULLANA, PIURA, PERU","OTROS CASERIO SANTA VICTORIA CASERIO SANTA VICTORIA QUERECOTILLO SULLANA PIURA, QUERECOTILLO, SULLANA, PIURA, PERU","QUERECOTILLO, SULLANA, PIURA, PERU",-4.7434023,-80.61271,CACHE,LOW,FALLBACK,SUCCESS,,PRIMARY,"QUERECOTILLO, SULLANA, PIURA, PERU",2,NOMINATIM,2026-05-16T03:11:18.490901,"Querecotillo, Sullana, Piura, Perú",administrative,0.3146179042636486,"['-4.8652950', '-4.6217402', '-80.6808261', '-80.5092579']",-4.7434,-80.61271
,OTROS CASERIO STA. CRUZ CASERIO STA. CRUZ QUERECOTILLO SULLANA PIURA,,2057,,,SULLANA,,1998,,,,,,PIURA,,2057,PUESTO DE SALUD SANTA CRUZ,,QUERECOTILLO,200607,,ACTIVO,,,ACTIVO,,,,,,,"PUESTO DE SALUD SANTA CRUZ, QUERECOTILLO, SULLANA, PIURA, PERU","OTROS CASERIO STA. CRUZ CASERIO STA. CRUZ QUERECOTILLO SULLANA PIURA, QUERECOTILLO, SULLANA, PIURA, PERU","QUERECOTILLO, SULLANA, PIURA, PERU",-4.7434023,-80.61271,CACHE,LOW,FALLBACK,SUCCESS,,PRIMARY,"QUERECOTILLO, SULLANA, PIURA, PERU",2,NOMINATIM,2026-05-16T03:11:27.152587,"Querecotillo, Sullana, Piura, Perú",administrative,0.3146179042636486,"['-4.8652950', '-4.6217402', '-80.6808261', '-80.5092579']",-4.7434,-80.61271
,CALLE CALLE BOLIVAR S/N - MIRAFLORES S/N CALLE BOLIVAR S/N - MIRAFLORES SALITRAL SULLANA PIURA,,2059,,,SULLANA,,2000,,,,,,PIURA,,2059,PUESTO DE SALUD MIRAFLORES,,SALITRAL,200608,,ACTIVO,,,ACTIVO,,,,,,,"PUESTO DE SALUD MIRAFLORES, SALITRAL, SULLANA, PIURA, PERU","CALLE CALLE BOLIVAR S/N - MIRAFLORES S/N CALLE BOLIVAR S/N - MIRAFLORES SALITRAL SULLANA PIURA, SALITRAL, SULLANA, PIURA, PERU","SALITRAL, SULLANA, PIURA, PERU",-4.841207,-80.6852047,NOMINATIM,LOW,FALLBACK,SUCCESS,,PRIMARY,"SALITRAL, SULLANA, PIURA, PERU",3,NOMINATIM,2026-05-16T03:11:40.190329,"Salitral, Sullana, Piura, Perú",administrative,0.306026056337308,"['-4.8931836', '-4.7893222', '-80.7009299', '-80.6563985']",-4.84121,-80.6852
,OTROS CASERIO ENCUENTRO DE PILARES CASERIO ENCUENTRO DE PILARES LANCONES SULLANA PIURA,,2061,,,SULLANA,,2002,,,,,,PIURA,,2061,PUESTO DE SALUD ENCUENTRO DE PILARES,,LANCONES,200604,,ACTIVO,,,ACTIVO,,,,,,,"PUESTO DE SALUD ENCUENTRO DE PILARES, LANCONES, SULLANA, PIURA, PERU","OTROS CASERIO ENCUENTRO DE PILARES CASERIO ENCUENTRO DE PILARES LANCONES SULLANA PIURA, LANCONES, SULLANA, PIURA, PERU","LANCONES, SULLANA, PIURA, PERU",-4.4252883,-80.5916729,NOMINATIM,LOW,FALLBACK,SUCCESS,,PRIMARY,"LANCONES, SULLANA, PIURA, PERU",3,NOMINATIM,2026-05-16T03:11:52.346649,"Lancones, Sullana, Piura, Perú",administrative,0.3649233439058235,"['-4.7709981', '-4.0793275', '-80.7697597', '-80.2014805']",-4.42529,-80.59167
,OTROS CASERIO JAHUAY NEGRO - LANCONES CASERIO JAHUAY NEGRO - LANCONES LANCONES SULLANA PIURA,,2062,,,SULLANA,,2003,,,,,,PIURA,,2062,PUESTO DE SALUD JAHUAY NEGRO,,LANCONES,200604,,ACTIVO,,,ACTIVO,,,,,,,"PUESTO DE SALUD JAHUAY NEGRO, LANCONES, SULLANA, PIURA, PERU","OTROS CASERIO JAHUAY NEGRO - LANCONES CASERIO JAHUAY NEGRO - LANCONES LANCONES SULLANA PIURA, LANCONES, SULLANA, PIURA, PERU","LANCONES, SULLANA, PIURA, PERU",-4.4252883,-80.5916729,CACHE,LOW,FALLBACK,SUCCESS,,PRIMARY,"LANCONES, SULLANA, PIURA, PERU",2,NOMINATIM,2026-05-16T03:11:58.645841,"Lancones, Sullana, Piura, Perú",administrative,0.3649233439058235,"['-4.7709981', '-4.0793275', '-80.7697597', '-80.2014805']",-4.42529,-80.59167
,OTROS CASERIO HUASIMAL DE LA SOLANA CASERIO HUASIMAL DE LA SOLANA LANCONES SULLANA PIURA,,2063,,,SULLANA,,2004,,,,,,PIURA,,2063,PUESTO DE SALUD HUASIMAL DE LA SOLANA,,LANCONES,200604,,ACTIVO,,,ACTIVO,,,,,,,"PUESTO DE SALUD HUASIMAL DE LA SOLANA, LANCONES, SULLANA, PIURA, PERU","OTROS CASERIO HUASIMAL DE LA SOLANA CASERIO HUASIMAL DE LA SOLANA LANCONES SULLANA PIURA, LANCONES, SULLANA, PIURA, PERU","LANCONES, SULLANA, PIURA, PERU",-4.4252883,-80.5916729,CACHE,LOW,FALLBACK,SUCCESS,,PRIMARY,"LANCONES, SULLANA, PIURA, PERU",2,NOMINATIM,2026-05-16T03:12:05.048621,"Lancones, Sullana, Piura, Perú",administrative,0.3649233439058235,"['-4.7709981', '-4.0793275', '-80.7697597', '-80.2014805']",-4.42529,-80.59167
,OTROS CASERIO PLAYAS DE ROMERO CASERIO PLAYAS DE ROMERO LANCONES SULLANA PIURA,,2064,,,SULLANA,,2005,,,,,,PIURA,,2064,PUESTO DE SALUD PLAYAS DE ROMERO,,LANCONES,200604,,ACTIVO,,,ACTIVO,,,,,,,"PUESTO DE SALUD PLAYAS DE ROMERO, LANCONES, SULLANA, PIURA, PERU","OTROS CASERIO PLAYAS DE ROMERO CASERIO PLAYAS DE ROMERO LANCONES SULLANA PIURA, LANCONES, SULLANA, PIURA, PERU","LANCONES, SULLANA, PIURA, PERU",-4.4252883,-80.5916729,CACHE,LOW,FALLBACK,SUCCESS,,PRIMARY,"LANCONES, SULLANA, PIURA, PERU",2,NOMINATIM,2026-05-16T03:12:11.574881,"Lancones, Sullana, Piura, Perú",administrative,0.3649233439058235,"['-4.7709981', '-4.0793275', '-80.7697597', '-80.2014805']",-4.42529,-80.59167
,OTROS CASERIO QUEBRADA SECA CASERIO QUEBRADA SECA LANCONES SULLANA PIURA,,2066,,,SULLANA,,2007,,,,,,PIURA,,2066,PUESTO DE SALUD QUEBRADA SECA,,LANCONES,200604,,ACTIVO,,,ACTIVO,,,,,,,"PUESTO DE SALUD QUEBRADA SECA, LANCONES, SULLANA, PIURA, PERU","OTROS CASERIO QUEBRADA SECA CASERIO QUEBRADA SECA LANCONES SULLANA PIURA, LANCONES, SULLANA, PIURA, PERU","LANCONES, SULLANA, PIURA, PERU",-4.4252883,-80.5916729,CACHE,LOW,FALLBACK,SUCCESS,,PRIMARY,"LANCONES, SULLANA, PIURA, PERU",2,NOMINATIM,2026-05-16T03:12:20.702387,"Lancones, Sullana, Piura, Perú",administrative,0.3649233439058235,"['-4.7709981', '-4.0793275', '-80.7697597', '-80.2014805']",-4.42529,-80.59167
,OTROS CASERIO EL PITAYO DISTRITO LANCONES PROVINCIA SULLANA DEPARTAMENTO PIURA,,2067,,,SULLANA,,2008,,,,,,PIURA,,2067,PUESTO DE SALUD EL PITAYO,,LANCONES,200604,,ACTIVO,,,ACTIVO,,,,,,,"PUESTO DE SALUD EL PITAYO, LANCONES, SULLANA, PIURA, PERU","OTROS CASERIO EL PITAYO DISTRITO LANCONES PROVINCIA SULLANA DEPARTAMENTO PIURA, LANCONES, SULLANA, PIURA, PERU","LANCONES, SULLANA, PIURA, PERU",-4.4252883,-80.5916729,CACHE,LOW,FALLBACK,SUCCESS,,PRIMARY,"LANCONES, SULLANA, PIURA, PERU",2,NOMINATIM,2026-05-16T03:12:26.924430,"Lancones, Sullana, Piura, Perú",administrative,0.3649233439058235,"['-4.7709981', '-4.0793275', '-80.7697597', '-80.2014805']",-4.42529,-80.59167
,OTROS CASERIO CHILACO PELADOS CASERIO CHILACO PELADOS LANCONES SULLANA PIURA,,2068,,,SULLANA,,2009,,,,,,PIURA,,2068,PUESTO DE SALUD CHILACO PELADOS,,LANCONES,200604,,ACTIVO,,,ACTIVO,,,,,,,"PUESTO DE SALUD CHILACO PELADOS, LANCONES, SULLANA, PIURA, PERU","OTROS CASERIO CHILACO PELADOS CASERIO CHILACO PELADOS LANCONES SULLANA PIURA, LANCONES, SULLANA, PIURA, PERU","LANCONES, SULLANA, PIURA, PERU",-4.4252883,-80.5916729,CACHE,LOW,FALLBACK,SUCCESS,,PRIMARY,"LANCONES, SULLANA, PIURA, PERU",2,NOMINATIM,2026-05-16T03:12:32.693125,"Lancones, Sullana, Piura, Perú",administrative,0.3649233439058235,"['-4.7709981', '-4.0793275', '-80.7697597', '-80.2014805']",-4.42529,-80.59167
,OTROS CASERIO PILARES CASERIO PILARES LANCONES SULLANA PIURA,,2069,,,SULLANA,,2010,,,,,,PIURA,,2069,PUESTO DE SALUD PILARES,,LANCONES,200604,,ACTIVO,,,ACTIVO,,,,,,,"PUESTO DE SALUD PILARES, LANCONES, SULLANA, PIURA, PERU","OTROS CASERIO PILARES CASERIO PILARES LANCONES SULLANA PIURA, LANCONES, SULLANA, PIURA, PERU","LANCONES, SULLANA, PIURA, PERU",-4.4252883,-80.5916729,CACHE,LOW,FALLBACK,SUCCESS,,PRIMARY,"LANCONES, SULLANA, PIURA, PERU",2,NOMINATIM,2026-05-16T03:12:37.814872,"Lancones, Sullana, Piura, Perú",administrative,0.3649233439058235,"['-4.7709981', '-4.0793275', '-80.7697597', '-80.2014805']",-4.42529,-80.59167
,OTROS CASERIO CHORRERA DE PULGUERAS CASERIO CHORRERA DE PULGUERAS LANCONES SULLANA PIURA,,2070,,,SULLANA,,2011,,,,,,PIURA,,2070,PUESTO DE SALUD CHORRERA DE PULGUERAS,,LANCONES,200604,,ACTIVO,,,ACTIVO,,,,,,,"PUESTO DE SALUD CHORRERA DE PULGUERAS, LANCONES, SULLANA, PIURA, PERU","OTROS CASERIO CHORRERA DE PULGUERAS CASERIO CHORRERA DE PULGUERAS LANCONES SULLANA PIURA, LANCONES, SULLANA, PIURA, PERU","LANCONES, SULLANA, PIURA, PERU",-4.4252883,-80.5916729,CACHE,LOW,FALLBACK,SUCCESS,,PRIMARY,"LANCONES, SULLANA, PIURA, PERU",2,NOMINATIM,2026-05-16T03:12:43.373429,"Lancones, Sullana, Piura, Perú",administrative,0.3649233439058235,"['-4.7709981', '-4.0793275', '-80.7697597', '-80.2014805']",-4.42529,-80.59167
,OTROS CASERÍO LA PEÑITA - LANCONES CASERÍO LA PEÑITA - LANCONES LANCONES SULLANA PIURA,,2071,,,SULLANA,,2012,,,,,,PIURA,,2071,PUESTO DE SALUD LA PEÑITA - LANCONES,,LANCONES,200604,,ACTIVO,,,ACTIVO,,,,,,,"PUESTO DE SALUD LA PEÑITA - LANCONES, LANCONES, SULLANA, PIURA, PERU","OTROS CASERÍO LA PEÑITA - LANCONES CASERÍO LA PEÑITA - LANCONES LANCONES SULLANA PIURA, LANCONES, SULLANA, PIURA, PERU","LANCONES, SULLANA, PIURA, PERU",-4.4252883,-80.5916729,CACHE,LOW,FALLBACK,SUCCESS,,PRIMARY,"LANCONES, SULLANA, PIURA, PERU",2,NOMINATIM,2026-05-16T03:12:49.706637,"Lancones, Sullana, Piura, Perú",administrative,0.3649233439058235,"['-4.7709981', '-4.0793275', '-80.7697597', '-80.2014805']",-4.42529,-80.59167
,OTROS CASERIO CASAS QUEMADAS - LANCONES CASERIO CASAS QUEMADAS - LANCONES LANCONES SULLANA PIURA,,2072,,,SULLANA,,2013,,,,,,PIURA,,2072,PUESTO DE SALUD CASAS QUEMADAS,,LANCONES,200604,,ACTIVO,,,ACTIVO,,,,,,,"PUESTO DE SALUD CASAS QUEMADAS, LANCONES, SULLANA, PIURA, PERU","OTROS CASERIO CASAS QUEMADAS - LANCONES CASERIO CASAS QUEMADAS - LANCONES LANCONES SULLANA PIURA, LANCONES, SULLANA, PIURA, PERU","LANCONES, SULLANA, PIURA, PERU",-4.4252883,-80.5916729,CACHE,LOW,FALLBACK,SUCCESS,,PRIMARY,"LANCONES, SULLANA, PIURA, PERU",2,NOMINATIM,2026-05-16T03:12:56.043205,"Lancones, Sullana, Piura, Perú",administrative,0.3649233439058235,"['-4.7709981', '-4.0793275', '-80.7697597', '-80.2014805']",-4.42529,-80.59167
,OTROS BARRIO PLOMO S/N. EL ALTO S/N BARRIO PLOMO S/N. EL ALTO EL ALTO TALARA PIURA,,2082,,,TALARA,,2023,,,,,,PIURA,,2082,EL ALTO,,EL ALTO,200702,,ACTIVO,,,ACTIVO,,,,,,,"EL ALTO, EL ALTO, TALARA, PIURA, PERU","OTROS BARRIO PLOMO S/N. EL ALTO S/N BARRIO PLOMO S/N. EL ALTO EL ALTO TALARA PIURA, EL ALTO, TALARA, PIURA, PERU","EL ALTO, TALARA, PIURA, PERU",-4.2679,-81.2191059,NOMINATIM,MEDIUM,PRIMARY,SUCCESS,,PRIMARY,"EL ALTO, EL ALTO, TALARA, PIURA, PERU",1,NOMINATIM,2026-05-16T03:13:26.998830,"El Alto, Talara, Piura, Perú",village,0.1274386950599089,"['-4.2879000', '-4.2479000', '-81.2391059', '-81.1991059']",-4.2679,-81.21911
,OTROS CASERIO ENCUENTRO DE ROMEROS CASERIO ENCUENTRO DE ROMEROS LANCONES SULLANA PIURA,,6709,,,SULLANA,,6526,,,,,,PIURA,,6709,PUESTO DE SALUD ENCUENTRO DE ROMEROS,,LANCONES,200604,,ACTIVO,,,ACTIVO,,,,,,,"PUESTO DE SALUD ENCUENTRO DE ROMEROS, LANCONES, SULLANA, PIURA, PERU","OTROS CASERIO ENCUENTRO DE ROMEROS CASERIO ENCUENTRO DE ROMEROS LANCONES SULLANA PIURA, LANCONES, SULLANA, PIURA, PERU","LANCONES, SULLANA, PIURA, PERU",-4.4252883,-80.5916729,CACHE,LOW,FALLBACK,SUCCESS,,PRIMARY,"LANCONES, SULLANA, PIURA, PERU",2,NOMINATIM,2026-05-16T03:13:41.014754,"Lancones, Sullana, Piura, Perú",administrative,0.3649233439058235,"['-4.7709981', '-4.0793275', '-80.7697597', '-80.2014805']",-4.42529,-80.59167
,OTROS CASERIO JAMBUR PAIMAS CASERIO JAMBUR PAIMAS PAIMAS AYABACA PIURA,,6790,,,AYABACA,,6595,,,,,,PIURA,,6790,PUESTO DE SALUD JAMBUR,,PAIMAS,200207,,ACTIVO,,,ACTIVO,,,,,,,"PUESTO DE SALUD JAMBUR, PAIMAS, AYABACA, PIURA, PERU","OTROS CASERIO JAMBUR PAIMAS CASERIO JAMBUR PAIMAS PAIMAS AYABACA PIURA, PAIMAS, AYABACA, PIURA, PERU","PAIMAS, AYABACA, PIURA, PERU",-4.6534463,-80.0176435,CACHE,LOW,FALLBACK,SUCCESS,,PRIMARY,"PAIMAS, AYABACA, PIURA, PERU",2,NOMINATIM,2026-05-16T03:13:47.539035,"Paimas, Ayabaca, Piura, Perú",administrative,0.3245597611328047,"['-4.7426463', '-4.5645567', '-80.1534199', '-79.8770704']",-4.65345,-80.01764
,OTROS CASERIO CHALACALA ALTA - BELLAVISTA CASERIO CHALACALA ALTA - BELLAVISTA SULLANA SULLANA PIURA,,6935,,,SULLANA,,6725,,,,,,PIURA,,6935,PUESTO DE SALUD CHALACALA ALTA,,SULLANA,200601,,ACTIVO,,,ACTIVO,,,,,,,"PUESTO DE SALUD CHALACALA ALTA, SULLANA, SULLANA, PIURA, PERU","OTROS CASERIO CHALACALA ALTA - BELLAVISTA CASERIO CHALACALA ALTA - BELLAVISTA SULLANA SULLANA PIURA, SULLANA, SULLANA, PIURA, PERU","SULLANA, SULLANA, PIURA, PERU",-4.8900643,-80.6873604,CACHE,LOW,FALLBACK,SUCCESS,,PRIMARY,"SULLANA, SULLANA, PIURA, PERU",2,NOMINATIM,2026-05-16T03:13:53.647687,"Sullana, Piura, 20100, Perú",city,0.4313318996474294,"['-5.0500643', '-4.7300643', '-80.8473604', '-80.5273604']",-4.89006,-80.68736
,OTROS CASERIO VENADOS - LANCONES CASERIO VENADOS - LANCONES LANCONES SULLANA PIURA,,7104,,,SULLANA,,6889,,,,,,PIURA,,7104,PUESTO DE SALUD VENADOS,,LANCONES,200604,,ACTIVO,,,ACTIVO,,,,,,,"PUESTO DE SALUD VENADOS, LANCONES, SULLANA, PIURA, PERU","OTROS CASERIO VENADOS - LANCONES CASERIO VENADOS - LANCONES LANCONES SULLANA PIURA, LANCONES, SULLANA, PIURA, PERU","LANCONES, SULLANA, PIURA, PERU",-4.4252883,-80.5916729,CACHE,LOW,FALLBACK,SUCCESS,,PRIMARY,"LANCONES, SULLANA, PIURA, PERU",2,NOMINATIM,2026-05-16T03:13:59.938860,"Lancones, Sullana, Piura, Perú",administrative,0.3649233439058235,"['-4.7709981', '-4.0793275', '-80.7697597', '-80.2014805']",-4.42529,-80.59167
,OTROS CASERIO CP5 CASERIO CP5 LAS LOMAS PIURA PIURA,,7173,,,PIURA,,6954,,,,,,PIURA,,7173,PUESTO DE SALUD CP-5,,LAS LOMAS,200111,,ACTIVO,,,ACTIVO,,,,,,,"PUESTO DE SALUD CP-5, LAS LOMAS, PIURA, PIURA, PERU","OTROS CASERIO CP5 CASERIO CP5 LAS LOMAS PIURA PIURA, LAS LOMAS, PIURA, PIURA, PERU","LAS LOMAS, PIURA, PIURA, PERU",-4.7076581,-80.1040871,CACHE,LOW,FALLBACK,SUCCESS,,PRIMARY,"LAS LOMAS, PIURA, PIURA, PERU",2,NOMINATIM,2026-05-16T03:14:07.374391,"Las Lomas, Piura, Perú",administrative,0.3504960478298851,"['-4.8305878', '-4.5851075', '-80.3711757', '-80.0084531']",-4.70766,-80.10409
,OTROS CENTRO POBLADO GIGANTE CENTRO POBLADO GIGANTE AYABACA AYABACA PIURA,,7320,,,AYABACA,,7095,,,,,,PIURA,,7320,PUESTO DE SALUD GIGANTE,,AYABACA,200201,,ACTIVO,,,ACTIVO,,,,,,,"PUESTO DE SALUD GIGANTE, AYABACA, AYABACA, PIURA, PERU","OTROS CENTRO POBLADO GIGANTE CENTRO POBLADO GIGANTE AYABACA AYABACA PIURA, AYABACA, AYABACA, PIURA, PERU","AYABACA, AYABACA, PIURA, PERU",-4.6400714,-79.7152245,CACHE,LOW,FALLBACK,SUCCESS,,PRIMARY,"AYABACA, AYABACA, PIURA, PERU",2,NOMINATIM,2026-05-16T03:14:12.364802,"Ayabaca, Distrito de Ayabaca, Ayabaca, Piura, Perú",town,0.3107481395685246,"['-4.6800714', '-4.6000714', '-79.7552245', '-79.6752245']",-4.64007,-79.71522
,OTROS CASERIO BLAS -LANCONES CASERIO BLAS -LANCONES LANCONES SULLANA PIURA,,7721,,,SULLANA,,7214,,,,,,PIURA,,7721,PUESTO DE SALUD BLAS,,LANCONES,200604,,ACTIVO,,,ACTIVO,,,,,,,"PUESTO DE SALUD BLAS, LANCONES, SULLANA, PIURA, PERU","OTROS CASERIO BLAS -LANCONES CASERIO BLAS -LANCONES LANCONES SULLANA PIURA, LANCONES, SULLANA, PIURA, PERU","LANCONES, SULLANA, PIURA, PERU",-4.4252883,-80.5916729,CACHE,LOW,FALLBACK,SUCCESS,,PRIMARY,"LANCONES, SULLANA, PIURA, PERU",2,NOMINATIM,2026-05-16T03:14:19.854668,"Lancones, Sullana, Piura, Perú",administrative,0.3649233439058235,"['-4.7709981', '-4.0793275', '-80.7697597', '-80.2014805']",-4.42529,-80.59167
,CALLE CALLE RODRIGUEZ N° 284 CALLE RODRIGUEZ N° 284 QUERECOTILLO SULLANA PIURA,,10418,,,SULLANA,,10381,,,,,,PIURA,,10418,CENTRO DE INVESTIGACIÓN Y CAPACITACION EN ENTOMOLOGIA - CICE.,,QUERECOTILLO,200607,,ACTIVO,,,ACTIVO,,,,,,,"CENTRO DE INVESTIGACIÓN Y CAPACITACION EN ENTOMOLOGIA - CICE., QUERECOTILLO, SULLANA, PIURA, PERU","CALLE CALLE RODRIGUEZ N° 284 CALLE RODRIGUEZ N° 284 QUERECOTILLO SULLANA PIURA, QUERECOTILLO, SULLANA, PIURA, PERU","QUERECOTILLO, SULLANA, PIURA, PERU",-4.7434023,-80.61271,CACHE,LOW,FALLBACK,SUCCESS,,PRIMARY,"QUERECOTILLO, SULLANA, PIURA, PERU",2,NOMINATIM,2026-05-16T03:14:24.836575,"Querecotillo, Sullana, Piura, Perú",administrative,0.3146179042636486,"['-4.8652950', '-4.6217402', '-80.6808261', '-80.5092579']",-4.7434,-80.61271
,OTROS TRANSVERSAL TUMBES S/N S/N TRANSVERSAL TUMBES S/N SULLANA SULLANA PIURA,,10422,,,SULLANA,,10393,,,,,,PIURA,,10422,LABORATORIO REFERENCIAL DE SALUD LUCIANO CASTILLO COLONNA,,SULLANA,200601,,ACTIVO,,,ACTIVO,,,,,,,"LABORATORIO REFERENCIAL DE SALUD LUCIANO CASTILLO COLONNA, SULLANA, SULLANA, PIURA, PERU","OTROS TRANSVERSAL TUMBES S/N S/N TRANSVERSAL TUMBES S/N SULLANA SULLANA PIURA, SULLANA, SULLANA, PIURA, PERU","SULLANA, SULLANA, PIURA, PERU",-4.8900643,-80.6873604,CACHE,LOW,FALLBACK,SUCCESS,,PRIMARY,"SULLANA, SULLANA, PIURA, PERU",2,NOMINATIM,2026-05-16T03:14:29.972716,"Sullana, Piura, 20100, Perú",city,0.4313318996474294,"['-5.0500643', '-4.7300643', '-80.8473604', '-80.5273604']",-4.89006,-80.68736
,OTROS CASERIO PICHONES BAJO-LAS LOMAS CASERIO PICHONES BAJO-LAS LOMAS LAS LOMAS PIURA PIURA,,10421,,,PIURA,,10398,,,,,,PIURA,,10421,PUESTO DE SALUD PICHONES BAJO,,LAS LOMAS,200111,,ACTIVO,,,ACTIVO,,,,,,,"PUESTO DE SALUD PICHONES BAJO, LAS LOMAS, PIURA, PIURA, PERU","OTROS CASERIO PICHONES BAJO-LAS LOMAS CASERIO PICHONES BAJO-LAS LOMAS LAS LOMAS PIURA PIURA, LAS LOMAS, PIURA, PIURA, PERU","LAS LOMAS, PIURA, PIURA, PERU",-4.7076581,-80.1040871,CACHE,LOW,FALLBACK,SUCCESS,,PRIMARY,"LAS LOMAS, PIURA, PIURA, PERU",2,NOMINATIM,2026-05-16T03:14:36.499195,"Las Lomas, Piura, Perú",administrative,0.3504960478298851,"['-4.8305878', '-4.5851075', '-80.3711757', '-80.0084531']",-4.70766,-80.10409
,OTROS CASERIO SAUSAL DEL QUIROZ - AYABACA CASERIO SAUSAL DEL QUIROZ - AYABACA AYABACA AYABACA PIURA,,18426,,,AYABACA,,18079,,,,,,PIURA,,18426,PUESTO DE SALUD SAUSAL DEL QUIROZ,,AYABACA,200201,,ACTIVO,,,ACTIVO,,,,,,,"PUESTO DE SALUD SAUSAL DEL QUIROZ, AYABACA, AYABACA, PIURA, PERU","OTROS CASERIO SAUSAL DEL QUIROZ - AYABACA CASERIO SAUSAL DEL QUIROZ - AYABACA AYABACA AYABACA PIURA, AYABACA, AYABACA, PIURA, PERU","AYABACA, AYABACA, PIURA, PERU",-4.6400714,-79.7152245,CACHE,LOW,FALLBACK,SUCCESS,,PRIMARY,"AYABACA, AYABACA, PIURA, PERU",2,NOMINATIM,2026-05-16T03:14:49.009918,"Ayabaca, Distrito de Ayabaca, Ayabaca, Piura, Perú",town,0.3107481395685246,"['-4.6800714', '-4.6000714', '-79.7552245', '-79.6752245']",-4.64007,-79.71522
,OTROS CASERIO ANIA - AYABACA CASERIO ANIA - AYABACA AYABACA AYABACA PIURA,,19836,,,AYABACA,,19445,,,,,,PIURA,,19836,PUESTO SALUD ANIA,,AYABACA,200201,,ACTIVO,,,ACTIVO,,,,,,,"PUESTO SALUD ANIA, AYABACA, AYABACA, PIURA, PERU","OTROS CASERIO ANIA - AYABACA CASERIO ANIA - AYABACA AYABACA AYABACA PIURA, AYABACA, AYABACA, PIURA, PERU","AYABACA, AYABACA, PIURA, PERU",-4.6400714,-79.7152245,CACHE,LOW,FALLBACK,SUCCESS,,PRIMARY,"AYABACA, AYABACA, PIURA, PERU",2,NOMINATIM,2026-05-16T03:14:58.395999,"Ayabaca, Distrito de Ayabaca, Ayabaca, Piura, Perú",town,0.3107481395685246,"['-4.6800714', '-4.6000714', '-79.7552245', '-79.6752245']",-4.64007,-79.71522
,CARRETERA PANAMERICANA NORTE PIURA A SULLANA 21 CARRETERA PIURA A SULLANA SULLANA SULLANA PIURA,,24065,,,SULLANA,,22701,,,,,,PIURA,,24065,PUESTO DE SALUD CIENEGUILLO SUR ALTO,,SULLANA,200601,,ACTIVO,,,ACTIVO,,,,,,,"PUESTO DE SALUD CIENEGUILLO SUR ALTO, SULLANA, SULLANA, PIURA, PERU","CARRETERA PANAMERICANA NORTE PIURA A SULLANA 21 CARRETERA PIURA A SULLANA SULLANA SULLANA PIURA, SULLANA, SULLANA, PIURA, PERU","SULLANA, SULLANA, PIURA, PERU",-4.8900643,-80.6873604,CACHE,LOW,FALLBACK,SUCCESS,,PRIMARY,"SULLANA, SULLANA, PIURA, PERU",2,NOMINATIM,2026-05-16T03:15:10.823358,"Sullana, Piura, 20100, Perú",city,0.4313318996474294,"['-5.0500643', '-4.7300643', '-80.8473604', '-80.5273604']",-4.89006,-80.68736
,OTROS ASENTAMIENTO HUMANO JUAN VALER SANDOVAL S/N CH 01 ASENTAMIENTO HUMANO JUAN VALER SANDOVAL DE PAITA PAITA PAITA PIURA,,24958,,,PAITA,,23544,,,,,,PIURA,,24958,"CENTRO DE SALUD ""JUAN VALER SANDOVAL""",,PAITA,200501,,ACTIVO,,,ACTIVO,,,,,,,"CENTRO DE SALUD ""JUAN VALER SANDOVAL"", PAITA, PAITA, PIURA, PERU","OTROS ASENTAMIENTO HUMANO JUAN VALER SANDOVAL S/N CH 01 ASENTAMIENTO HUMANO JUAN VALER SANDOVAL DE PAITA PAITA PAITA PIURA, PAITA, PAITA, PIURA, PERU","PAITA, PAITA, PIURA, PERU",-5.0851637,-81.1136793,CACHE,LOW,FALLBACK,SUCCESS,,PRIMARY,"PAITA, PAITA, PIURA, PERU",2,NOMINATIM,2026-05-16T03:15:16.817470,"Paita, Piura, Perú",city,0.4237761158482558,"['-5.2451637', '-4.9251637', '-81.2736793', '-80.9536793']",-5.08516,-81.11368
,CALLE SECTOR A E 12 NUEVA ESPERANZA CERCA AL CENTRO DE SALUD DE NUEVO SULLANA SULLANA SULLANA PIURA,,24988,,,SULLANA,,23749,,,,,,PIURA,,24988,"CENTRO DE SALUD MENTAL COMUNITARIO ""JESÚS REDENTOR""",,SULLANA,200601,,ACTIVO,,,ACTIVO,,,,,,,"CENTRO DE SALUD MENTAL COMUNITARIO ""JESÚS REDENTOR"", SULLANA, SULLANA, PIURA, PERU","CALLE SECTOR A E 12 NUEVA ESPERANZA CERCA AL CENTRO DE SALUD DE NUEVO SULLANA SULLANA SULLANA PIURA, SULLANA, SULLANA, PIURA, PERU","SULLANA, SULLANA, PIURA, PERU",-4.8900643,-80.6873604,CACHE,LOW,FALLBACK,SUCCESS,,PRIMARY,"SULLANA, SULLANA, PIURA, PERU",2,NOMINATIM,2026-05-16T03:15:23.521615,"Sullana, Piura, 20100, Perú",city,0.4313318996474294,"['-5.0500643', '-4.7300643', '-80.8473604', '-80.5273604']",-4.89006,-80.68736
,CALLE SECTOR A E 12 BELLAVISTA SULLANA PIURA,,25214,,,SULLANA,,23752,,,,,,PIURA,,25214,"CENTRO DE SALUD MENTAL COMUNITARIO ""MADRE DEL PERPETUO SOCORRO""",,BELLAVISTA,200602,,ACTIVO,,,ACTIVO,,,,,,,"CENTRO DE SALUD MENTAL COMUNITARIO ""MADRE DEL PERPETUO SOCORRO"", BELLAVISTA, SULLANA, PIURA, PERU","CALLE SECTOR A E 12 BELLAVISTA SULLANA PIURA, BELLAVISTA, SULLANA, PIURA, PERU","BELLAVISTA, SULLANA, PIURA, PERU",-4.8895143,-80.6758366,NOMINATIM,LOW,FALLBACK,SUCCESS,,PRIMARY,"BELLAVISTA, SULLANA, PIURA, PERU",3,NOMINATIM,2026-05-16T03:15:33.082985,"Bellavista, Sullana, Piura, Perú",administrative,0.3101761662023189,"['-4.8982773', '-4.8810410', '-80.6830079', '-80.6680761']",-4.88951,-80.67584
,CAMINO AFIRMADO ASENTAMIENTO HUMANO ALAN GARCIA MZ. 29 29 1 EX HOSPITAL LAS MERCEDES DE PAITA PAITA PAITA PIURA,,25892,,,PAITA,,24365,,,,,,PIURA,,25892,CENTRO DE SALUD MENTAL COMUNITARIO SAN ALFONSO,,PAITA,200501,,ACTIVO,,,ACTIVO,,,,,,,"CENTRO DE SALUD MENTAL COMUNITARIO SAN ALFONSO, PAITA, PAITA, PIURA, PERU","CAMINO AFIRMADO ASENTAMIENTO HUMANO ALAN GARCIA MZ. 29 29 1 EX HOSPITAL LAS MERCEDES DE PAITA PAITA PAITA PIURA, PAITA, PAITA, PIURA, PERU","PAITA, PAITA, PIURA, PERU",-5.0851637,-81.1136793,CACHE,LOW,FALLBACK,SUCCESS,,PRIMARY,"PAITA, PAITA, PIURA, PERU",2,NOMINATIM,2026-05-16T03:15:39.239812,"Paita, Piura, Perú",city,0.4237761158482558,"['-5.2451637', '-4.9251637', '-81.2736793', '-80.9536793']",-5.08516,-81.11368
,JIRÓN SALITRAL SN 1 AL COSTADO DEL COLISEO TAMBO GRANDE PIURA PIURA,,27663,,,PIURA,,26189,,,,,,PIURA,,27663,"CENTRO DE SALUD MENTAL COMUNITARIO ""SAN GERARDO""",,TAMBO GRANDE,200114,,ACTIVO,,,ACTIVO,,,,,,,"CENTRO DE SALUD MENTAL COMUNITARIO ""SAN GERARDO"", TAMBO GRANDE, PIURA, PIURA, PERU","JIRÓN SALITRAL SN 1 AL COSTADO DEL COLISEO TAMBO GRANDE PIURA PIURA, TAMBO GRANDE, PIURA, PIURA, PERU","TAMBO GRANDE, PIURA, PIURA, PERU",-4.9150244,-80.3561593,CACHE,LOW,FALLBACK,SUCCESS,,PRIMARY,"TAMBO GRANDE, PIURA, PIURA, PERU",2,NOMINATIM,2026-05-16T03:15:45.345436,"Tambo Grande, Piura, Perú",administrative,0.3728855590490345,"['-5.1472871', '-4.6832285', '-80.6299550', '-80.0768047']",-4.91502,-80.35616
,AVENIDA A 514 1 1 TALARA ALTA ANTES DE LLEGAR AL PEAJE DE TALARA PARIÑAS TALARA PIURA,,28678,,,TALARA,,27202,,,,,,PIURA,,28678,"CENTRO DE SALUD MENTAL COMUNITARIO ""SAN CLEMENTE""",,PARIÑAS,200701,,ACTIVO,,,ACTIVO,,,,,,,"CENTRO DE SALUD MENTAL COMUNITARIO ""SAN CLEMENTE"", PARIÑAS, TALARA, PIURA, PERU","AVENIDA A 514 1 1 TALARA ALTA ANTES DE LLEGAR AL PEAJE DE TALARA PARIÑAS TALARA PIURA, PARIÑAS, TALARA, PIURA, PERU","PARIÑAS, TALARA, PIURA, PERU",-4.488083,-81.0619503,NOMINATIM,LOW,FALLBACK,SUCCESS,,PRIMARY,"PARIÑAS, TALARA, PIURA, PERU",3,NOMINATIM,2026-05-16T03:15:54.739617,"Pariñas, Talara, Piura, 20811, Perú",administrative,0.3140788844789178,"['-4.6686075', '-4.3078027', '-81.2987907', '-80.8285156']",-4.48808,-81.06195
,"OTROS COMUNIDAD CAMPESINA DE CHOCAN, SECTOR TABLAS - AYABACA S/N CARRETERA ENTRE HUACHUMA Y TABLAS AYABACA AYABACA PIURA",,28663,,,AYABACA,,27207,,,,,,PIURA,,28663,PUESTO DE SALUD TABLAS,,AYABACA,200201,,ACTIVO,,,ACTIVO,,,,,,,"PUESTO DE SALUD TABLAS, AYABACA, AYABACA, PIURA, PERU","OTROS COMUNIDAD CAMPESINA DE CHOCAN, SECTOR TABLAS - AYABACA S/N CARRETERA ENTRE HUACHUMA Y TABLAS AYABACA AYABACA PIURA, AYABACA, AYABACA, PIURA, PERU","AYABACA, AYABACA, PIURA, PERU",-4.6400714,-79.7152245,CACHE,LOW,FALLBACK,SUCCESS,,PRIMARY,"AYABACA, AYABACA, PIURA, PERU",2,NOMINATIM,2026-05-16T03:16:01.059861,"Ayabaca, Distrito de Ayabaca, Ayabaca, Piura, Perú",town,0.3107481395685246,"['-4.6800714', '-4.6000714', '-79.7552245', '-79.6752245']",-4.64007,-79.71522
,OTROS ASENTAMIENTO HUMANO CIUDAD ROJA S2 08 ASENTAMIENTO HUMANO CIUDAD ROJA PAITA PAITA PIURA,,28853,,,PAITA,,27509,,,,,,PIURA,,28853,HOGAR PROTEGIDO,,PAITA,200501,,ACTIVO,,,ACTIVO,,,,,,,"HOGAR PROTEGIDO, PAITA, PAITA, PIURA, PERU","OTROS ASENTAMIENTO HUMANO CIUDAD ROJA S2 08 ASENTAMIENTO HUMANO CIUDAD ROJA PAITA PAITA PIURA, PAITA, PAITA, PIURA, PERU","PAITA, PAITA, PIURA, PERU",-5.0851637,-81.1136793,CACHE,LOW,FALLBACK,SUCCESS,,PRIMARY,"PAITA, PAITA, PIURA, PERU",2,NOMINATIM,2026-05-16T03:16:07.228870,"Paita, Piura, Perú",city,0.4237761158482558,"['-5.2451637', '-4.9251637', '-81.2736793', '-80.9536793']",-5.08516,-81.11368
,AVENIDA FERNANDO BELAUNDE TERRY P 3 CARRETERA AYABACA PAIMAS AYABACA PIURA,,31459,,,AYABACA,,29832,,,,,,PIURA,,31459,"CENTRO DE SALUD MENTAL COMUNITARIO ""EL BUEN SAMARITANO""",,PAIMAS,200207,,ACTIVO,,,ACTIVO,,,,,,,"CENTRO DE SALUD MENTAL COMUNITARIO ""EL BUEN SAMARITANO"", PAIMAS, AYABACA, PIURA, PERU","AVENIDA FERNANDO BELAUNDE TERRY P 3 CARRETERA AYABACA PAIMAS AYABACA PIURA, PAIMAS, AYABACA, PIURA, PERU","PAIMAS, AYABACA, PIURA, PERU",-4.6534463,-80.0176435,CACHE,LOW,FALLBACK,SUCCESS,,PRIMARY,"PAIMAS, AYABACA, PIURA, PERU",2,NOMINATIM,2026-05-16T03:16:13.365147,"Paimas, Ayabaca, Piura, Perú",administrative,0.3245597611328047,"['-4.7426463', '-4.5645567', '-80.1534199', '-79.8770704']",-4.65345,-80.01764
,CALLE RODRIGUEZ 31 1 CERCA AL CENTRO DE SALUD QUERECOTILLO SULLANA PIURA,,31452,,,SULLANA,,29833,,,,,,PIURA,,31452,"CENTRO DE SALUD MENTAL COMUNITARIO ""SEÑOR DE CHOCAN""",,QUERECOTILLO,200607,,ACTIVO,,,ACTIVO,,,,,,,"CENTRO DE SALUD MENTAL COMUNITARIO ""SEÑOR DE CHOCAN"", QUERECOTILLO, SULLANA, PIURA, PERU","CALLE RODRIGUEZ 31 1 CERCA AL CENTRO DE SALUD QUERECOTILLO SULLANA PIURA, QUERECOTILLO, SULLANA, PIURA, PERU","QUERECOTILLO, SULLANA, PIURA, PERU",-4.7434023,-80.61271,CACHE,LOW,FALLBACK,SUCCESS,,PRIMARY,"QUERECOTILLO, SULLANA, PIURA, PERU",2,NOMINATIM,2026-05-16T03:16:18.841132,"Querecotillo, Sullana, Piura, Perú",administrative,0.3146179042636486,"['-4.8652950', '-4.6217402', '-80.6808261', '-80.5092579']",-4.7434,-80.61271
,CAMINO AFIRMADO NUEVA ESPERANZA LL 22 URBANIZACION POPULAR NUEVA ESPERANZA SULLANA SULLANA PIURA,,31453,,,SULLANA,,29834,,,,,,PIURA,,31453,HOGAR PROTEGIDO DE SULLANA,,SULLANA,200601,,ACTIVO,,,ACTIVO,,,,,,,"HOGAR PROTEGIDO DE SULLANA, SULLANA, SULLANA, PIURA, PERU","CAMINO AFIRMADO NUEVA ESPERANZA LL 22 URBANIZACION POPULAR NUEVA ESPERANZA SULLANA SULLANA PIURA, SULLANA, SULLANA, PIURA, PERU","SULLANA, SULLANA, PIURA, PERU",-4.8900643,-80.6873604,CACHE,LOW,FALLBACK,SUCCESS,,PRIMARY,"SULLANA, SULLANA, PIURA, PERU",2,NOMINATIM,2026-05-16T03:16:24.092679,"Sullana, Piura, 20100, Perú",city,0.4313318996474294,"['-5.0500643', '-4.7300643', '-80.8473604', '-80.5273604']",-4.89006,-80.68736
,OTROS CASERIO EL CONVENTO - MALINGAS ALTO TAMBO GRANDE PIURA PIURA,,33302,,,PIURA,,31748,,,,,,PIURA,,33302,PUESTO DE SALUD EL CONVENTO,,TAMBO GRANDE,200114,,ACTIVO,,,ACTIVO,,,,,,,"PUESTO DE SALUD EL CONVENTO, TAMBO GRANDE, PIURA, PIURA, PERU","OTROS CASERIO EL CONVENTO - MALINGAS ALTO TAMBO GRANDE PIURA PIURA, TAMBO GRANDE, PIURA, PIURA, PERU","TAMBO GRANDE, PIURA, PIURA, PERU",-4.9150244,-80.3561593,CACHE,LOW,FALLBACK,SUCCESS,,PRIMARY,"TAMBO GRANDE, PIURA, PIURA, PERU",2,NOMINATIM,2026-05-16T03:16:29.232737,"Tambo Grande, Piura, Perú",administrative,0.3728855590490345,"['-5.1472871', '-4.6832285', '-80.6299550', '-80.0768047']",-4.91502,-80.35616
,"OTROS COMUNIDAD CAMPESINA ""VIRGEN DEL ROSARIO"" PILLO - SECTOR CANALES SAPILLICA AYABACA PIURA",,33304,,,AYABACA,,31749,,,,,,PIURA,,33304,PUESTO DE SALUD CANALES,,SAPILLICA,200208,,ACTIVO,,,ACTIVO,,,,,,,"PUESTO DE SALUD CANALES, SAPILLICA, AYABACA, PIURA, PERU","OTROS COMUNIDAD CAMPESINA ""VIRGEN DEL ROSARIO"" PILLO - SECTOR CANALES SAPILLICA AYABACA PIURA, SAPILLICA, AYABACA, PIURA, PERU","SAPILLICA, AYABACA, PIURA, PERU",-4.7814669,-79.9901191,CACHE,LOW,FALLBACK,SUCCESS,,PRIMARY,"SAPILLICA, AYABACA, PIURA, PERU",2,NOMINATIM,2026-05-16T03:16:33.957389,"Sapillica, Ayabaca, Piura, Perú",administrative,0.3378692872294172,"['-4.8691953', '-4.6946132', '-80.0967579', '-79.8775937']",-4.78147,-79.99012
,OTROS CASERIO ARRENDAMIENTOS LAGUNAS AYABACA PIURA,,33303,,,AYABACA,,31750,,,,,,PIURA,,33303,PUESTO DE SALUD ARRENDAMIENTOS,,LAGUNAS,200204,,ACTIVO,,,ACTIVO,,,,,,,"PUESTO DE SALUD ARRENDAMIENTOS, LAGUNAS, AYABACA, PIURA, PERU","OTROS CASERIO ARRENDAMIENTOS LAGUNAS AYABACA PIURA, LAGUNAS, AYABACA, PIURA, PERU","LAGUNAS, AYABACA, PIURA, PERU",-4.7830205,-79.8468326,CACHE,LOW,FALLBACK,SUCCESS,,PRIMARY,"LAGUNAS, AYABACA, PIURA, PERU",2,NOMINATIM,2026-05-16T03:16:38.948910,"Lagunas, Ayabaca, Piura, Perú",administrative,0.3347868108024497,"['-4.8794297', '-4.6869395', '-79.9201934', '-79.7695879']",-4.78302,-79.84683
,AVENIDA CACERES 109 FRENTE A LA COMISARIA AYABACA AYABACA PIURA,,35130,,,AYABACA,,33193,,,,,,PIURA,,35130,"CENTRO DE SALUD MENTAL COMUNITARIO ""SEÑOR CAUTIVO DE AYABACA""",,AYABACA,200201,,ACTIVO,,,ACTIVO,,,,,,,"CENTRO DE SALUD MENTAL COMUNITARIO ""SEÑOR CAUTIVO DE AYABACA"", AYABACA, AYABACA, PIURA, PERU","AVENIDA CACERES 109 FRENTE A LA COMISARIA AYABACA AYABACA PIURA, AYABACA, AYABACA, PIURA, PERU","AYABACA, AYABACA, PIURA, PERU",-4.6400714,-79.7152245,CACHE,LOW,FALLBACK,SUCCESS,,PRIMARY,"AYABACA, AYABACA, PIURA, PERU",2,NOMINATIM,2026-05-16T03:16:44.383004,"Ayabaca, Distrito de Ayabaca, Ayabaca, Piura, Perú",town,0.3107481395685246,"['-4.6800714', '-4.6000714', '-79.7552245', '-79.6752245']",-4.64007,-79.71522
