responsable,direccion,unidadejec,codigounico,idunidadejec,disa,provincia,horaatencion,id,categoria,telefeno,idred,situacion,clasificacion,departamento,inicioactividad,codigounico2,nombrerazonsocial,idautosanit,distrito,ubigeo,tipodocumentocategoria,estado,institucion,red,condicion,fecha_inspecion,tipo,numerocategoria,microred,inspecion,idmicrored,query_primary,query_secondary,query_fallback,latitude,longitude,geocode_source,geocode_confidence,geocode_level,geocode_status,geocode_notes,geocode_priority
,JIRÓN JR. MONTERO 400 AYABACA JR. MONTERO 400 AYABACA AYABACA AYABACA PIURA,,1911,,,AYABACA,,1853,,,,,,PIURA,,1911,CENTRO DE SALUD AYABACA,,AYABACA,200201,,ACTIVO,,,ACTIVO,,,,,,,"CENTRO DE SALUD AYABACA, AYABACA, AYABACA, PIURA, PERU","JIRÓN JR. MONTERO 400 AYABACA JR. MONTERO 400 AYABACA AYABACA AYABACA PIURA, AYABACA, AYABACA, PIURA, PERU","AYABACA, AYABACA, PIURA, PERU",,,,,,PENDING,,PRIMARY
,OTROS CASERIO TAPAL- AYABACA CASERIO TAPAL- AYABACA AYABACA AYABACA PIURA,,1912,,,AYABACA,,1854,,,,,,PIURA,,1912,PUESTO DE SALUD DE TAPAL,,AYABACA,200201,,ACTIVO,,,ACTIVO,,,,,,,"PUESTO DE SALUD DE TAPAL, AYABACA, AYABACA, PIURA, PERU","OTROS CASERIO TAPAL- AYABACA CASERIO TAPAL- AYABACA AYABACA AYABACA PIURA, AYABACA, AYABACA, PIURA, PERU","AYABACA, AYABACA, PIURA, PERU",,,,,,PENDING,,PRIMARY
,OTROS CASERIO CHIN CHIN - AYABACA CASERIO CHIN CHIN - AYABACA AYABACA AYABACA PIURA,,1913,,,AYABACA,,1855,,,,,,PIURA,,1913,PUESTO DE SALUD DE CHINCHIN,,AYABACA,200201,,ACTIVO,,,ACTIVO,,,,,,,"PUESTO DE SALUD DE CHINCHIN, AYABACA, AYABACA, PIURA, PERU","OTROS CASERIO CHIN CHIN - AYABACA CASERIO CHIN CHIN - AYABACA AYABACA AYABACA PIURA, AYABACA, AYABACA, PIURA, PERU","AYABACA, AYABACA, PIURA, PERU",,,,,,PENDING,,PRIMARY
,OTROS CASERIO OLLEROS - AYABACA CASERIO OLLEROS - AYABACA AYABACA AYABACA PIURA,,1914,,,AYABACA,,1856,,,,,,PIURA,,1914,PUESTO DE SALUD OLLEROS,,AYABACA,200201,,ACTIVO,,,ACTIVO,,,,,,,"PUESTO DE SALUD OLLEROS, AYABACA, AYABACA, PIURA, PERU","OTROS CASERIO OLLEROS - AYABACA CASERIO OLLEROS - AYABACA AYABACA AYABACA PIURA, AYABACA, AYABACA, PIURA, PERU","AYABACA, AYABACA, PIURA, PERU",,,,,,PENDING,,PRIMARY
,OTROS CASERIO ARAGOTO- AYABACA CASERIO ARAGOTO- AYABACA AYABACA AYABACA PIURA,,1915,,,AYABACA,,1857,,,,,,PIURA,,1915,PUESTO DE SALUD ARAGOTO,,AYABACA,200201,,ACTIVO,,,ACTIVO,,,,,,,"PUESTO DE SALUD ARAGOTO, AYABACA, AYABACA, PIURA, PERU","OTROS CASERIO ARAGOTO- AYABACA CASERIO ARAGOTO- AYABACA AYABACA AYABACA PIURA, AYABACA, AYABACA, PIURA, PERU","AYABACA, AYABACA, PIURA, PERU",,,,,,PENDING,,PRIMARY
,OTROS CASERIO CHOCAN - AYABACA CASERIO CHOCAN - AYABACA AYABACA AYABACA PIURA,,1916,,,AYABACA,,1858,,,,,,PIURA,,1916,PUESTO DE SALUD CHOCAN,,AYABACA,200201,,ACTIVO,,,ACTIVO,,,,,,,"PUESTO DE SALUD CHOCAN, AYABACA, AYABACA, PIURA, PERU","OTROS CASERIO CHOCAN - AYABACA CASERIO CHOCAN - AYABACA AYABACA AYABACA PIURA, AYABACA, AYABACA, PIURA, PERU","AYABACA, AYABACA, PIURA, PERU",,,,,,PENDING,,PRIMARY
,OTROS CCOMUNIDAD TACALPO SECTOR YANCHALA - AYABACA CCOMUNIDAD TACALPO SECTOR YANCHALA - AYABACA AYABACA AYABACA PIURA,,1917,,,AYABACA,,1859,,,,,,PIURA,,1917,PUESTO DE SALUD YANCHALA,,AYABACA,200201,,ACTIVO,,,ACTIVO,,,,,,,"PUESTO DE SALUD YANCHALA, AYABACA, AYABACA, PIURA, PERU","OTROS CCOMUNIDAD TACALPO SECTOR YANCHALA - AYABACA CCOMUNIDAD TACALPO SECTOR YANCHALA - AYABACA AYABACA AYABACA PIURA, AYABACA, AYABACA, PIURA, PERU","AYABACA, AYABACA, PIURA, PERU",,,,,,PENDING,,PRIMARY
,OTROS CASERIO ARREYPITE PINGOLA - AYABACA CASERIO ARREYPITE PINGOLA - AYABACA AYABACA AYABACA PIURA,,1918,,,AYABACA,,1860,,,,,,PIURA,,1918,PUESTO DE SALUD ARREYPITE - PINGOLA,,AYABACA,200201,,ACTIVO,,,ACTIVO,,,,,,,"PUESTO DE SALUD ARREYPITE - PINGOLA, AYABACA, AYABACA, PIURA, PERU","OTROS CASERIO ARREYPITE PINGOLA - AYABACA CASERIO ARREYPITE PINGOLA - AYABACA AYABACA AYABACA PIURA, AYABACA, AYABACA, PIURA, PERU","AYABACA, AYABACA, PIURA, PERU",,,,,,PENDING,,PRIMARY
,OTROS CASERIO CALVAS DE SAMANGA - AYABACA CASERIO CALVAS DE SAMANGA - AYABACA AYABACA AYABACA PIURA,,1919,,,AYABACA,,1861,,,,,,PIURA,,1919,PUESTO DE SALUD CALVAS DE SAMANGA,,AYABACA,200201,,ACTIVO,,,ACTIVO,,,,,,,"PUESTO DE SALUD CALVAS DE SAMANGA, AYABACA, AYABACA, PIURA, PERU","OTROS CASERIO CALVAS DE SAMANGA - AYABACA CASERIO CALVAS DE SAMANGA - AYABACA AYABACA AYABACA PIURA, AYABACA, AYABACA, PIURA, PERU","AYABACA, AYABACA, PIURA, PERU",,,,,,PENDING,,PRIMARY
,OTROS CASERIO DE ESPINDOLA COMUNIDAD DE SAMANGA CASERIO DE ESPINDOLA COMUNIDAD DE SAMANGA AYABACA AYABACA PIURA,,1920,,,AYABACA,,1862,,,,,,PIURA,,1920,PUESTO DE SALUD ESPINDOLA,,AYABACA,200201,,ACTIVO,,,ACTIVO,,,,,,,"PUESTO DE SALUD ESPINDOLA, AYABACA, AYABACA, PIURA, PERU","OTROS CASERIO DE ESPINDOLA COMUNIDAD DE SAMANGA CASERIO DE ESPINDOLA COMUNIDAD DE SAMANGA AYABACA AYABACA PIURA, AYABACA, AYABACA, PIURA, PERU","AYABACA, AYABACA, PIURA, PERU",,,,,,PENDING,,PRIMARY
,OTROS CASERIO REMOLINOS- AYABACA CASERIO REMOLINOS- AYABACA AYABACA AYABACA PIURA,,1921,,,AYABACA,,1863,,,,,,PIURA,,1921,PUESTO DE SALUD REMOLINOS,,AYABACA,200201,,ACTIVO,,,ACTIVO,,,,,,,"PUESTO DE SALUD REMOLINOS, AYABACA, AYABACA, PIURA, PERU","OTROS CASERIO REMOLINOS- AYABACA CASERIO REMOLINOS- AYABACA AYABACA AYABACA PIURA, AYABACA, AYABACA, PIURA, PERU","AYABACA, AYABACA, PIURA, PERU",,,,,,PENDING,,PRIMARY
,OTROS CASERIO ANDURCO CASERIO ANDURCO AYABACA AYABACA PIURA,,1922,,,AYABACA,,1864,,,,,,PIURA,,1922,PUESTO DE SALUD ANDURCO,,AYABACA,200201,,ACTIVO,,,ACTIVO,,,,,,,"PUESTO DE SALUD ANDURCO, AYABACA, AYABACA, PIURA, PERU","OTROS CASERIO ANDURCO CASERIO ANDURCO AYABACA AYABACA PIURA, AYABACA, AYABACA, PIURA, PERU","AYABACA, AYABACA, PIURA, PERU",,,,,,PENDING,,PRIMARY
,OTROS CASERIO HUIRIQUINGUE- AYABACA CASERIO HUIRIQUINGUE- AYABACA AYABACA AYABACA PIURA,,1923,,,AYABACA,,1865,,,,,,PIURA,,1923,PUESTO DE SALUD HUIRIQUINGUE,,AYABACA,200201,,ACTIVO,,,ACTIVO,,,,,,,"PUESTO DE SALUD HUIRIQUINGUE, AYABACA, AYABACA, PIURA, PERU","OTROS CASERIO HUIRIQUINGUE- AYABACA CASERIO HUIRIQUINGUE- AYABACA AYABACA AYABACA PIURA, AYABACA, AYABACA, PIURA, PERU","AYABACA, AYABACA, PIURA, PERU",,,,,,PENDING,,PRIMARY
,OTROS CASERIO HUACHUMA - AYABACA CASERIO HUACHUMA - AYABACA AYABACA AYABACA PIURA,,1924,,,AYABACA,,1866,,,,,,PIURA,,1924,PUESTO DE SALUD HUACHUMA,,AYABACA,200201,,ACTIVO,,,ACTIVO,,,,,,,"PUESTO DE SALUD HUACHUMA, AYABACA, AYABACA, PIURA, PERU","OTROS CASERIO HUACHUMA - AYABACA CASERIO HUACHUMA - AYABACA AYABACA AYABACA PIURA, AYABACA, AYABACA, PIURA, PERU","AYABACA, AYABACA, PIURA, PERU",,,,,,PENDING,,PRIMARY
,OTROS CASERIO SAUSAL - AYABACA CASERIO SAUSAL - AYABACA AYABACA AYABACA PIURA,,1925,,,AYABACA,,1867,,,,,,PIURA,,1925,PUESTO DE SALUD SAUSAL,,AYABACA,200201,,ACTIVO,,,ACTIVO,,,,,,,"PUESTO DE SALUD SAUSAL, AYABACA, AYABACA, PIURA, PERU","OTROS CASERIO SAUSAL - AYABACA CASERIO SAUSAL - AYABACA AYABACA AYABACA PIURA, AYABACA, AYABACA, PIURA, PERU","AYABACA, AYABACA, PIURA, PERU",,,,,,PENDING,,PRIMARY
,OTROS CASERIO EL TOLDO CASERIO EL TOLDO AYABACA AYABACA PIURA,,1926,,,AYABACA,,1868,,,,,,PIURA,,1926,PUESTO DE SALUD EL TOLDO,,AYABACA,200201,,ACTIVO,,,ACTIVO,,,,,,,"PUESTO DE SALUD EL TOLDO, AYABACA, AYABACA, PIURA, PERU","OTROS CASERIO EL TOLDO CASERIO EL TOLDO AYABACA AYABACA PIURA, AYABACA, AYABACA, PIURA, PERU","AYABACA, AYABACA, PIURA, PERU",,,,,,PENDING,,PRIMARY
,OTROS CASERIO SAMANGUILLA - AYABACA CASERIO SAMANGUILLA - AYABACA AYABACA AYABACA PIURA,,1927,,,AYABACA,,1869,,,,,,PIURA,,1927,PUESTO DE SALUD SAMANGUILLA,,AYABACA,200201,,ACTIVO,,,ACTIVO,,,,,,,"PUESTO DE SALUD SAMANGUILLA, AYABACA, AYABACA, PIURA, PERU","OTROS CASERIO SAMANGUILLA - AYABACA CASERIO SAMANGUILLA - AYABACA AYABACA AYABACA PIURA, AYABACA, AYABACA, PIURA, PERU","AYABACA, AYABACA, PIURA, PERU",,,,,,PENDING,,PRIMARY
,OTROS CASERIO CHARAN - AYABACA CASERIO CHARAN - AYABACA AYABACA AYABACA PIURA,,1928,,,AYABACA,,1870,,,,,,PIURA,,1928,PUESTO DE SALUD CHARAN,,AYABACA,200201,,ACTIVO,,,ACTIVO,,,,,,,"PUESTO DE SALUD CHARAN, AYABACA, AYABACA, PIURA, PERU","OTROS CASERIO CHARAN - AYABACA CASERIO CHARAN - AYABACA AYABACA AYABACA PIURA, AYABACA, AYABACA, PIURA, PERU","AYABACA, AYABACA, PIURA, PERU",,,,,,PENDING,,PRIMARY
,OTROS CASERIO LAGUNAS DE CANGLY CASERIO LAGUNAS DE CANGLY AYABACA AYABACA PIURA,,1929,,,AYABACA,,1871,,,,,,PIURA,,1929,PUESTO DE SALUD LAGUNAS DE CANGLY,,AYABACA,200201,,ACTIVO,,,ACTIVO,,,,,,,"PUESTO DE SALUD LAGUNAS DE CANGLY, AYABACA, AYABACA, PIURA, PERU","OTROS CASERIO LAGUNAS DE CANGLY CASERIO LAGUNAS DE CANGLY AYABACA AYABACA PIURA, AYABACA, AYABACA, PIURA, PERU","AYABACA, AYABACA, PIURA, PERU",,,,,,PENDING,,PRIMARY
,OTROS CASERIO PORTACHUELO YANTA - AYABACA CASERIO PORTACHUELO YANTA - AYABACA AYABACA AYABACA PIURA,,1930,,,AYABACA,,1872,,,,,,PIURA,,1930,PUESTO DE SALUD PORTACHUELO DE YANTA,,AYABACA,200201,,ACTIVO,,,ACTIVO,,,,,,,"PUESTO DE SALUD PORTACHUELO DE YANTA, AYABACA, AYABACA, PIURA, PERU","OTROS CASERIO PORTACHUELO YANTA - AYABACA CASERIO PORTACHUELO YANTA - AYABACA AYABACA AYABACA PIURA, AYABACA, AYABACA, PIURA, PERU","AYABACA, AYABACA, PIURA, PERU",,,,,,PENDING,,PRIMARY
,OTROS CASERÍO GICLAS - AYABACA CASERÍO GICLAS - AYABACA AYABACA AYABACA PIURA,,1931,,,AYABACA,,1873,,,,,,PIURA,,1931,PUESTO DE SALUD GICLAS,,AYABACA,200201,,ACTIVO,,,ACTIVO,,,,,,,"PUESTO DE SALUD GICLAS, AYABACA, AYABACA, PIURA, PERU","OTROS CASERÍO GICLAS - AYABACA CASERÍO GICLAS - AYABACA AYABACA AYABACA PIURA, AYABACA, AYABACA, PIURA, PERU","AYABACA, AYABACA, PIURA, PERU",,,,,,PENDING,,PRIMARY
,JIRÓN JR. CUZCO S/N BARRIO JUAN VELASCO A. S/N JR. CUZCO S/N BARRIO JUAN VELASCO A. LAS LOMAS PIURA PIURA,,1932,,,PIURA,,1874,,,,,,PIURA,,1932,CENTRO DE SALUD LAS LOMAS,,LAS LOMAS,200111,,ACTIVO,,,ACTIVO,,,,,,,"CENTRO DE SALUD LAS LOMAS, LAS LOMAS, PIURA, PIURA, PERU","JIRÓN JR. CUZCO S/N BARRIO JUAN VELASCO A. S/N JR. CUZCO S/N BARRIO JUAN VELASCO A. LAS LOMAS PIURA PIURA, LAS LOMAS, PIURA, PIURA, PERU","LAS LOMAS, PIURA, PIURA, PERU",,,,,,PENDING,,PRIMARY
,OTROS CASERIO POTRERILO LAS LOMAS CASERIO POTRERILO LAS LOMAS LAS LOMAS PIURA PIURA,,1933,,,PIURA,,1875,,,,,,PIURA,,1933,PUESTO DE SALUD POTRERILLO,,LAS LOMAS,200111,,ACTIVO,,,ACTIVO,,,,,,,"PUESTO DE SALUD POTRERILLO, LAS LOMAS, PIURA, PIURA, PERU","OTROS CASERIO POTRERILO LAS LOMAS CASERIO POTRERILO LAS LOMAS LAS LOMAS PIURA PIURA, LAS LOMAS, PIURA, PIURA, PERU","LAS LOMAS, PIURA, PIURA, PERU",,,,,,PENDING,,PRIMARY
,OTROS CASERIO CHIPILLICO CASERIO CHIPILLICO LAS LOMAS PIURA PIURA,,1934,,,PIURA,,1876,,,,,,PIURA,,1934,PUESTO DE SALUD CHIPILLICO,,LAS LOMAS,200111,,ACTIVO,,,ACTIVO,,,,,,,"PUESTO DE SALUD CHIPILLICO, LAS LOMAS, PIURA, PIURA, PERU","OTROS CASERIO CHIPILLICO CASERIO CHIPILLICO LAS LOMAS PIURA PIURA, LAS LOMAS, PIURA, PIURA, PERU","LAS LOMAS, PIURA, PIURA, PERU",,,,,,PENDING,,PRIMARY
,OTROS CASERÍO EL SAUCE - LAS LOMAS CASERÍO EL SAUCE - LAS LOMAS LAS LOMAS PIURA PIURA,,1935,,,PIURA,,1877,,,,,,PIURA,,1935,PUESTO DE SALUD EL SAUCE-LAS LOMAS,,LAS LOMAS,200111,,ACTIVO,,,ACTIVO,,,,,,,"PUESTO DE SALUD EL SAUCE-LAS LOMAS, LAS LOMAS, PIURA, PIURA, PERU","OTROS CASERÍO EL SAUCE - LAS LOMAS CASERÍO EL SAUCE - LAS LOMAS LAS LOMAS PIURA PIURA, LAS LOMAS, PIURA, PIURA, PERU","LAS LOMAS, PIURA, PIURA, PERU",,,,,,PENDING,,PRIMARY
,OTROS CASERIO PAMPA ELERA BAJA CASERIO PAMPA ELERA BAJA LAS LOMAS PIURA PIURA,,1936,,,PIURA,,1878,,,,,,PIURA,,1936,PUESTO DE SALUD PAMPA ELERA BAJA,,LAS LOMAS,200111,,ACTIVO,,,ACTIVO,,,,,,,"PUESTO DE SALUD PAMPA ELERA BAJA, LAS LOMAS, PIURA, PIURA, PERU","OTROS CASERIO PAMPA ELERA BAJA CASERIO PAMPA ELERA BAJA LAS LOMAS PIURA PIURA, LAS LOMAS, PIURA, PIURA, PERU","LAS LOMAS, PIURA, PIURA, PERU",,,,,,PENDING,,PRIMARY
,OTROS CASERIO PELINGARA LAS LOMAS CASERIO PELINGARA LAS LOMAS LAS LOMAS PIURA PIURA,,1937,,,PIURA,,1879,,,,,,PIURA,,1937,PUESTO DE SALUD PELINGARA,,LAS LOMAS,200111,,ACTIVO,,,ACTIVO,,,,,,,"PUESTO DE SALUD PELINGARA, LAS LOMAS, PIURA, PIURA, PERU","OTROS CASERIO PELINGARA LAS LOMAS CASERIO PELINGARA LAS LOMAS LAS LOMAS PIURA PIURA, LAS LOMAS, PIURA, PIURA, PERU","LAS LOMAS, PIURA, PIURA, PERU",,,,,,PENDING,,PRIMARY
,OTROS CASERIO HUACHUMA ALTA - LAS LOMAS CASERIO HUACHUMA ALTA - LAS LOMAS LAS LOMAS PIURA PIURA,,1938,,,PIURA,,1880,,,,,,PIURA,,1938,PUESTO DE SALUD HUACHUMA ALTA,,LAS LOMAS,200111,,ACTIVO,,,ACTIVO,,,,,,,"PUESTO DE SALUD HUACHUMA ALTA, LAS LOMAS, PIURA, PIURA, PERU","OTROS CASERIO HUACHUMA ALTA - LAS LOMAS CASERIO HUACHUMA ALTA - LAS LOMAS LAS LOMAS PIURA PIURA, LAS LOMAS, PIURA, PIURA, PERU","LAS LOMAS, PIURA, PIURA, PERU",,,,,,PENDING,,PRIMARY
,OTROS CASERIO SAN FRANCISCO DE PAMPA ELERA CASERIO SAN FRANCISCO DE PAMPA ELERA LAS LOMAS PIURA PIURA,,1939,,,PIURA,,1881,,,,,,PIURA,,1939,PUESTO DE SALUD SAN FRANCISCO DE PAMPA ELERA,,LAS LOMAS,200111,,ACTIVO,,,ACTIVO,,,,,,,"PUESTO DE SALUD SAN FRANCISCO DE PAMPA ELERA, LAS LOMAS, PIURA, PIURA, PERU","OTROS CASERIO SAN FRANCISCO DE PAMPA ELERA CASERIO SAN FRANCISCO DE PAMPA ELERA LAS LOMAS PIURA PIURA, LAS LOMAS, PIURA, PIURA, PERU","LAS LOMAS, PIURA, PIURA, PERU",,,,,,PENDING,,PRIMARY
,OTROS CASERIO SANTA ELENA - LAS LOMAS CASERIO SANTA ELENA - LAS LOMAS LAS LOMAS PIURA PIURA,,1940,,,PIURA,,1882,,,,,,PIURA,,1940,PUESTO DE SALUD SANTA ELENA - LAS LOMAS,,LAS LOMAS,200111,,ACTIVO,,,ACTIVO,,,,,,,"PUESTO DE SALUD SANTA ELENA - LAS LOMAS, LAS LOMAS, PIURA, PIURA, PERU","OTROS CASERIO SANTA ELENA - LAS LOMAS CASERIO SANTA ELENA - LAS LOMAS LAS LOMAS PIURA PIURA, LAS LOMAS, PIURA, PIURA, PERU","LAS LOMAS, PIURA, PIURA, PERU",,,,,,PENDING,,PRIMARY
,OTROS CASERIO PUERTA PULACHE CASERIO PUERTA PULACHE LAS LOMAS PIURA PIURA,,1941,,,PIURA,,1883,,,,,,PIURA,,1941,PUESTO DE SALUD PUERTA PULACHE,,LAS LOMAS,200111,,ACTIVO,,,ACTIVO,,,,,,,"PUESTO DE SALUD PUERTA PULACHE, LAS LOMAS, PIURA, PIURA, PERU","OTROS CASERIO PUERTA PULACHE CASERIO PUERTA PULACHE LAS LOMAS PIURA PIURA, LAS LOMAS, PIURA, PIURA, PERU","LAS LOMAS, PIURA, PIURA, PERU",,,,,,PENDING,,PRIMARY
,OTROS CASERIO GARABATO LAS LOMAS CASERIO GARABATO LAS LOMAS LAS LOMAS PIURA PIURA,,1942,,,PIURA,,1884,,,,,,PIURA,,1942,PUESTO DE SALUD GARABATOS,,LAS LOMAS,200111,,ACTIVO,,,ACTIVO,,,,,,,"PUESTO DE SALUD GARABATOS, LAS LOMAS, PIURA, PIURA, PERU","OTROS CASERIO GARABATO LAS LOMAS CASERIO GARABATO LAS LOMAS LAS LOMAS PIURA PIURA, LAS LOMAS, PIURA, PIURA, PERU","LAS LOMAS, PIURA, PIURA, PERU",,,,,,PENDING,,PRIMARY
,OTROS CENTRO SERVICIOS PARTIDOR CENTRO SERVICIOS PARTIDOR LAS LOMAS PIURA PIURA,,1943,,,PIURA,,1885,,,,,,PIURA,,1943,CENTRO DE SALUD EL PARTIDOR,,LAS LOMAS,200111,,ACTIVO,,,ACTIVO,,,,,,,"CENTRO DE SALUD EL PARTIDOR, LAS LOMAS, PIURA, PIURA, PERU","OTROS CENTRO SERVICIOS PARTIDOR CENTRO SERVICIOS PARTIDOR LAS LOMAS PIURA PIURA, LAS LOMAS, PIURA, PIURA, PERU","LAS LOMAS, PIURA, PIURA, PERU",,,,,,PENDING,,PRIMARY
,OTROS COMUNIDAD LA MENTA COMUNIDAD LA MENTA LAS LOMAS PIURA PIURA,,1944,,,PIURA,,1886,,,,,,PIURA,,1944,PUESTO SALUD LA MENTA,,LAS LOMAS,200111,,ACTIVO,,,ACTIVO,,,,,,,"PUESTO SALUD LA MENTA, LAS LOMAS, PIURA, PIURA, PERU","OTROS COMUNIDAD LA MENTA COMUNIDAD LA MENTA LAS LOMAS PIURA PIURA, LAS LOMAS, PIURA, PIURA, PERU","LAS LOMAS, PIURA, PIURA, PERU",,,,,,PENDING,,PRIMARY
,JIRÓN JR. GUEPI- S/N - SUYO S/N JR. GUEPI- S/N - SUYO SUYO AYABACA PIURA,,1945,,,AYABACA,,1887,,,,,,PIURA,,1945,CENTRO DE SALUD SUYO,,SUYO,200210,,ACTIVO,,,ACTIVO,,,,,,,"CENTRO DE SALUD SUYO, SUYO, AYABACA, PIURA, PERU","JIRÓN JR. GUEPI- S/N - SUYO S/N JR. GUEPI- S/N - SUYO SUYO AYABACA PIURA, SUYO, AYABACA, PIURA, PERU","SUYO, AYABACA, PIURA, PERU",,,,,,PENDING,,PRIMARY
,OTROS CASERIO CHIRINOS - SUYO - AYABACA CASERIO CHIRINOS - SUYO - AYABACA SUYO AYABACA PIURA,,1946,,,AYABACA,,1888,,,,,,PIURA,,1946,PUESTO DE SALUD CHIRINOS,,SUYO,200210,,ACTIVO,,,ACTIVO,,,,,,,"PUESTO DE SALUD CHIRINOS, SUYO, AYABACA, PIURA, PERU","OTROS CASERIO CHIRINOS - SUYO - AYABACA CASERIO CHIRINOS - SUYO - AYABACA SUYO AYABACA PIURA, SUYO, AYABACA, PIURA, PERU","SUYO, AYABACA, PIURA, PERU",,,,,,PENDING,,PRIMARY
,OTROS CASERIO PAMPA LARGA GUITARRAS - SUYO - AYABACA CASERIO PAMPA LARGA GUITARRAS - SUYO - AYABACA SUYO AYABACA PIURA,,1947,,,AYABACA,,1889,,,,,,PIURA,,1947,PUESTO DE SALUD PAMPA LARGA GUITARRAS,,SUYO,200210,,ACTIVO,,,ACTIVO,,,,,,,"PUESTO DE SALUD PAMPA LARGA GUITARRAS, SUYO, AYABACA, PIURA, PERU","OTROS CASERIO PAMPA LARGA GUITARRAS - SUYO - AYABACA CASERIO PAMPA LARGA GUITARRAS - SUYO - AYABACA SUYO AYABACA PIURA, SUYO, AYABACA, PIURA, PERU","SUYO, AYABACA, PIURA, PERU",,,,,,PENDING,,PRIMARY
,OTROS CASERIO LA TINA - SUYO - AYABACA CASERIO LA TINA - SUYO - AYABACA SUYO AYABACA PIURA,,1948,,,AYABACA,,1890,,,,,,PIURA,,1948,PUESTO DE SALUD LA TINA,,SUYO,200210,,ACTIVO,,,ACTIVO,,,,,,,"PUESTO DE SALUD LA TINA, SUYO, AYABACA, PIURA, PERU","OTROS CASERIO LA TINA - SUYO - AYABACA CASERIO LA TINA - SUYO - AYABACA SUYO AYABACA PIURA, SUYO, AYABACA, PIURA, PERU","SUYO, AYABACA, PIURA, PERU",,,,,,PENDING,,PRIMARY
,OTROS CASERIO LA TIENDA - SUYO - AYABACA CASERIO LA TIENDA - SUYO - AYABACA SUYO AYABACA PIURA,,1949,,,AYABACA,,1891,,,,,,PIURA,,1949,PUESTO DE SALUD LA TIENDA,,SUYO,200210,,ACTIVO,,,ACTIVO,,,,,,,"PUESTO DE SALUD LA TIENDA, SUYO, AYABACA, PIURA, PERU","OTROS CASERIO LA TIENDA - SUYO - AYABACA CASERIO LA TIENDA - SUYO - AYABACA SUYO AYABACA PIURA, SUYO, AYABACA, PIURA, PERU","SUYO, AYABACA, PIURA, PERU",,,,,,PENDING,,PRIMARY
,OTROS CASERIO SURPAMPA - SUYO - AYABACA CASERIO SURPAMPA - SUYO - AYABACA SUYO AYABACA PIURA,,1950,,,AYABACA,,1892,,,,,,PIURA,,1950,SURPAMPA,,SUYO,200210,,ACTIVO,,,ACTIVO,,,,,,,"SURPAMPA, SUYO, AYABACA, PIURA, PERU","OTROS CASERIO SURPAMPA - SUYO - AYABACA CASERIO SURPAMPA - SUYO - AYABACA SUYO AYABACA PIURA, SUYO, AYABACA, PIURA, PERU","SUYO, AYABACA, PIURA, PERU",,,,,,PENDING,,PRIMARY
,OTROS CASERIO SARAYUYO - SUYO- AYABACA CASERIO SARAYUYO - SUYO- AYABACA SUYO AYABACA PIURA,,1951,,,AYABACA,,1893,,,,,,PIURA,,1951,PUESTO DE SALUD SARAYUYO,,SUYO,200210,,ACTIVO,,,ACTIVO,,,,,,,"PUESTO DE SALUD SARAYUYO, SUYO, AYABACA, PIURA, PERU","OTROS CASERIO SARAYUYO - SUYO- AYABACA CASERIO SARAYUYO - SUYO- AYABACA SUYO AYABACA PIURA, SUYO, AYABACA, PIURA, PERU","SUYO, AYABACA, PIURA, PERU",,,,,,PENDING,,PRIMARY
,OTROS ALTURA DE PUENTE INTERNACIONAL ALTURA DE PUENTE INTERNACIONAL SUYO AYABACA PIURA,,1952,,,AYABACA,,1894,,,,,,PIURA,,1952,PUESTO DE SALUD PUENTE INTERNACIONAL,,SUYO,200210,,ACTIVO,,,ACTIVO,,,,,,,"PUESTO DE SALUD PUENTE INTERNACIONAL, SUYO, AYABACA, PIURA, PERU","OTROS ALTURA DE PUENTE INTERNACIONAL ALTURA DE PUENTE INTERNACIONAL SUYO AYABACA PIURA, SUYO, AYABACA, PIURA, PERU","SUYO, AYABACA, PIURA, PERU",,,,,,PENDING,,PRIMARY
,OTROS CASERIO SANTA ANA DE QUIROZ- SUYO CASERIO SANTA ANA DE QUIROZ- SUYO SUYO AYABACA PIURA,,1953,,,AYABACA,,1895,,,,,,PIURA,,1953,PUESTO DE SALUD SANTA ANA DE QUIROZ,,SUYO,200210,,ACTIVO,,,ACTIVO,,,,,,,"PUESTO DE SALUD SANTA ANA DE QUIROZ, SUYO, AYABACA, PIURA, PERU","OTROS CASERIO SANTA ANA DE QUIROZ- SUYO CASERIO SANTA ANA DE QUIROZ- SUYO SUYO AYABACA PIURA, SUYO, AYABACA, PIURA, PERU","SUYO, AYABACA, PIURA, PERU",,,,,,PENDING,,PRIMARY
,OTROS CASERIO LA LAGUNA CASERIO LA LAGUNA SUYO AYABACA PIURA,,1954,,,AYABACA,,1896,,,,,,PIURA,,1954,PUESTO DE SALUD LA LAGUNA,,SUYO,200210,,ACTIVO,,,ACTIVO,,,,,,,"PUESTO DE SALUD LA LAGUNA, SUYO, AYABACA, PIURA, PERU","OTROS CASERIO LA LAGUNA CASERIO LA LAGUNA SUYO AYABACA PIURA, SUYO, AYABACA, PIURA, PERU","SUYO, AYABACA, PIURA, PERU",,,,,,PENDING,,PRIMARY
,CALLE CALLE LA ARENA S/N. SAPILLLICA S/N CALLE LA ARENA S/N. SAPILLLICA SAPILLICA AYABACA PIURA,,1955,,,AYABACA,,1897,,,,,,PIURA,,1955,CENTRO DE SALUD SAPILLICA,,SAPILLICA,200208,,ACTIVO,,,ACTIVO,,,,,,,"CENTRO DE SALUD SAPILLICA, SAPILLICA, AYABACA, PIURA, PERU","CALLE CALLE LA ARENA S/N. SAPILLLICA S/N CALLE LA ARENA S/N. SAPILLLICA SAPILLICA AYABACA PIURA, SAPILLICA, AYABACA, PIURA, PERU","SAPILLICA, AYABACA, PIURA, PERU",,,,,,PENDING,,PRIMARY
,OTROS CASERIO TASAJERAS CASERIO TASAJERAS SAPILLICA AYABACA PIURA,,1956,,,AYABACA,,1898,,,,,,PIURA,,1956,PUESTO DE SALUD TASAJERAS,,SAPILLICA,200208,,ACTIVO,,,ACTIVO,,,,,,,"PUESTO DE SALUD TASAJERAS, SAPILLICA, AYABACA, PIURA, PERU","OTROS CASERIO TASAJERAS CASERIO TASAJERAS SAPILLICA AYABACA PIURA, SAPILLICA, AYABACA, PIURA, PERU","SAPILLICA, AYABACA, PIURA, PERU",,,,,,PENDING,,PRIMARY
,OTROS CASERIO COLETAS CHACHACOMAL CASERIO COLETAS CHACHACOMAL SAPILLICA AYABACA PIURA,,1957,,,AYABACA,,1899,,,,,,PIURA,,1957,PUESTO DE SALUD COLETAS DE CHACHACOMAL,,SAPILLICA,200208,,ACTIVO,,,ACTIVO,,,,,,,"PUESTO DE SALUD COLETAS DE CHACHACOMAL, SAPILLICA, AYABACA, PIURA, PERU","OTROS CASERIO COLETAS CHACHACOMAL CASERIO COLETAS CHACHACOMAL SAPILLICA AYABACA PIURA, SAPILLICA, AYABACA, PIURA, PERU","SAPILLICA, AYABACA, PIURA, PERU",,,,,,PENDING,,PRIMARY
,OTROS CASERIO EL SAUCE -SAPILLICA CASERIO EL SAUCE -SAPILLICA SAPILLICA AYABACA PIURA,,1958,,,AYABACA,,1900,,,,,,PIURA,,1958,PUESTO DE SALUD EL SAUCE - SAPILLICA,,SAPILLICA,200208,,ACTIVO,,,ACTIVO,,,,,,,"PUESTO DE SALUD EL SAUCE - SAPILLICA, SAPILLICA, AYABACA, PIURA, PERU","OTROS CASERIO EL SAUCE -SAPILLICA CASERIO EL SAUCE -SAPILLICA SAPILLICA AYABACA PIURA, SAPILLICA, AYABACA, PIURA, PERU","SAPILLICA, AYABACA, PIURA, PERU",,,,,,PENDING,,PRIMARY
,AVENIDA AV.FERNANDO BELAUNDE S/N PAIMAS S/N AV.FERNANDO BELAUNDE S/N PAIMAS PAIMAS AYABACA PIURA,,1959,,,AYABACA,,1901,,,,,,PIURA,,1959,CENTRO DE SALUD PAIMAS,,PAIMAS,200207,,ACTIVO,,,ACTIVO,,,,,,,"CENTRO DE SALUD PAIMAS, PAIMAS, AYABACA, PIURA, PERU","AVENIDA AV.FERNANDO BELAUNDE S/N PAIMAS S/N AV.FERNANDO BELAUNDE S/N PAIMAS PAIMAS AYABACA PIURA, PAIMAS, AYABACA, PIURA, PERU","PAIMAS, AYABACA, PIURA, PERU",,,,,,PENDING,,PRIMARY
,OTROS CASERIO LA SAUCHA -PAIMAS CASERIO LA SAUCHA -PAIMAS PAIMAS AYABACA PIURA,,1960,,,AYABACA,,1902,,,,,,PIURA,,1960,PUESTO SALUD LA SAUCHA,,PAIMAS,200207,,ACTIVO,,,ACTIVO,,,,,,,"PUESTO SALUD LA SAUCHA, PAIMAS, AYABACA, PIURA, PERU","OTROS CASERIO LA SAUCHA -PAIMAS CASERIO LA SAUCHA -PAIMAS PAIMAS AYABACA PIURA, PAIMAS, AYABACA, PIURA, PERU","PAIMAS, AYABACA, PIURA, PERU",,,,,,PENDING,,PRIMARY
,OTROS CASERIO TONDOPA-PAIMAS CASERIO TONDOPA-PAIMAS PAIMAS AYABACA PIURA,,1961,,,AYABACA,,1903,,,,,,PIURA,,1961,PUESTO DE SALUD TONDOPA,,PAIMAS,200207,,ACTIVO,,,ACTIVO,,,,,,,"PUESTO DE SALUD TONDOPA, PAIMAS, AYABACA, PIURA, PERU","OTROS CASERIO TONDOPA-PAIMAS CASERIO TONDOPA-PAIMAS PAIMAS AYABACA PIURA, PAIMAS, AYABACA, PIURA, PERU","PAIMAS, AYABACA, PIURA, PERU",,,,,,PENDING,,PRIMARY
,CALLE CALLE MIRAMAR S/N- DISTRITO DE JILILI S/N CALLE MIRAMAR S/N- DISTRITO DE JILILI JILILI AYABACA PIURA,,1962,,,AYABACA,,1904,,,,,,PIURA,,1962,CENTRO DE SALUD JILILI,,JILILI,200203,,ACTIVO,,,ACTIVO,,,,,,,"CENTRO DE SALUD JILILI, JILILI, AYABACA, PIURA, PERU","CALLE CALLE MIRAMAR S/N- DISTRITO DE JILILI S/N CALLE MIRAMAR S/N- DISTRITO DE JILILI JILILI AYABACA PIURA, JILILI, AYABACA, PIURA, PERU","JILILI, AYABACA, PIURA, PERU",,,,,,PENDING,,PRIMARY
,OTROS CASERÍO ANCHALAY -JILILI CASERÍO ANCHALAY -JILILI JILILI AYABACA PIURA,,1963,,,AYABACA,,1905,,,,,,PIURA,,1963,PUESTO DE SALUD ANCHALAY,,JILILI,200203,,ACTIVO,,,ACTIVO,,,,,,,"PUESTO DE SALUD ANCHALAY, JILILI, AYABACA, PIURA, PERU","OTROS CASERÍO ANCHALAY -JILILI CASERÍO ANCHALAY -JILILI JILILI AYABACA PIURA, JILILI, AYABACA, PIURA, PERU","JILILI, AYABACA, PIURA, PERU",,,,,,PENDING,,PRIMARY
,OTROS CASERIO CUCUYAS - JILILI CASERIO CUCUYAS - JILILI JILILI AYABACA PIURA,,1964,,,AYABACA,,1906,,,,,,PIURA,,1964,CUCUYAS,,JILILI,200203,,ACTIVO,,,ACTIVO,,,,,,,"CUCUYAS, JILILI, AYABACA, PIURA, PERU","OTROS CASERIO CUCUYAS - JILILI CASERIO CUCUYAS - JILILI JILILI AYABACA PIURA, JILILI, AYABACA, PIURA, PERU","JILILI, AYABACA, PIURA, PERU",,,,,,PENDING,,PRIMARY
,OTROS CASERIO LAGUNAS S/N S/N CASERIO LAGUNAS S/N LAGUNAS AYABACA PIURA,,1965,,,AYABACA,,1907,,,,,,PIURA,,1965,CENTRO DE SALUD LAGUNAS,,LAGUNAS,200204,,ACTIVO,,,ACTIVO,,,,,,,"CENTRO DE SALUD LAGUNAS, LAGUNAS, AYABACA, PIURA, PERU","OTROS CASERIO LAGUNAS S/N S/N CASERIO LAGUNAS S/N LAGUNAS AYABACA PIURA, LAGUNAS, AYABACA, PIURA, PERU","LAGUNAS, AYABACA, PIURA, PERU",,,,,,PENDING,,PRIMARY
,OTROS CASERIO EL LUCUMO S/N S/N CASERIO EL LUCUMO S/N LAGUNAS AYABACA PIURA,,1966,,,AYABACA,,1908,,,,,,PIURA,,1966,PUESTO SALUD EL LUCUMO,,LAGUNAS,200204,,ACTIVO,,,ACTIVO,,,,,,,"PUESTO SALUD EL LUCUMO, LAGUNAS, AYABACA, PIURA, PERU","OTROS CASERIO EL LUCUMO S/N S/N CASERIO EL LUCUMO S/N LAGUNAS AYABACA PIURA, LAGUNAS, AYABACA, PIURA, PERU","LAGUNAS, AYABACA, PIURA, PERU",,,,,,PENDING,,PRIMARY
,OTROS CASERIO SALVIA CASERIO SALVIA LAGUNAS AYABACA PIURA,,1967,,,AYABACA,,1909,,,,,,PIURA,,1967,PUESTO DE SALUD SALVIA,,LAGUNAS,200204,,ACTIVO,,,ACTIVO,,,,,,,"PUESTO DE SALUD SALVIA, LAGUNAS, AYABACA, PIURA, PERU","OTROS CASERIO SALVIA CASERIO SALVIA LAGUNAS AYABACA PIURA, LAGUNAS, AYABACA, PIURA, PERU","LAGUNAS, AYABACA, PIURA, PERU",,,,,,PENDING,,PRIMARY
,OTROS CASERIO SAN JUAN DE LAGUNAS CASERIO SAN JUAN DE LAGUNAS LAGUNAS AYABACA PIURA,,1968,,,AYABACA,,1910,,,,,,PIURA,,1968,PUESTO DE SALUD SAN JUAN DE LAGUNAS,,LAGUNAS,200204,,ACTIVO,,,ACTIVO,,,,,,,"PUESTO DE SALUD SAN JUAN DE LAGUNAS, LAGUNAS, AYABACA, PIURA, PERU","OTROS CASERIO SAN JUAN DE LAGUNAS CASERIO SAN JUAN DE LAGUNAS LAGUNAS AYABACA PIURA, LAGUNAS, AYABACA, PIURA, PERU","LAGUNAS, AYABACA, PIURA, PERU",,,,,,PENDING,,PRIMARY
,OTROS CASERIO PILLO S/N S/N CASERIO PILLO S/N LAGUNAS AYABACA PIURA,,1969,,,AYABACA,,1911,,,,,,PIURA,,1969,PUESTO SALUD PILLO,,LAGUNAS,200204,,ACTIVO,,,ACTIVO,,,,,,,"PUESTO SALUD PILLO, LAGUNAS, AYABACA, PIURA, PERU","OTROS CASERIO PILLO S/N S/N CASERIO PILLO S/N LAGUNAS AYABACA PIURA, LAGUNAS, AYABACA, PIURA, PERU","LAGUNAS, AYABACA, PIURA, PERU",,,,,,PENDING,,PRIMARY
,JIRÓN JR. PIURA S/N MONTERO S/N JR. PIURA S/N MONTERO MONTERO AYABACA PIURA,,1970,,,AYABACA,,1912,,,,,,PIURA,,1970,CENTRO DE SALUD MONTERO,,MONTERO,200205,,ACTIVO,,,ACTIVO,,,,,,,"CENTRO DE SALUD MONTERO, MONTERO, AYABACA, PIURA, PERU","JIRÓN JR. PIURA S/N MONTERO S/N JR. PIURA S/N MONTERO MONTERO AYABACA PIURA, MONTERO, AYABACA, PIURA, PERU","MONTERO, AYABACA, PIURA, PERU",,,,,,PENDING,,PRIMARY
,OTROS CASERIO SICACATE - MONTERO CASERIO SICACATE - MONTERO MONTERO AYABACA PIURA,,1971,,,AYABACA,,1913,,,,,,PIURA,,1971,PUESTO DE SALUD SICACATE,,MONTERO,200205,,ACTIVO,,,ACTIVO,,,,,,,"PUESTO DE SALUD SICACATE, MONTERO, AYABACA, PIURA, PERU","OTROS CASERIO SICACATE - MONTERO CASERIO SICACATE - MONTERO MONTERO AYABACA PIURA, MONTERO, AYABACA, PIURA, PERU","MONTERO, AYABACA, PIURA, PERU",,,,,,PENDING,,PRIMARY
,OTROS CASERIO MARMAS ALTO CASERIO MARMAS ALTO MONTERO AYABACA PIURA,,1972,,,AYABACA,,1914,,,,,,PIURA,,1972,PUESTO DE SALUD MARMAS ALTO,,MONTERO,200205,,ACTIVO,,,ACTIVO,,,,,,,"PUESTO DE SALUD MARMAS ALTO, MONTERO, AYABACA, PIURA, PERU","OTROS CASERIO MARMAS ALTO CASERIO MARMAS ALTO MONTERO AYABACA PIURA, MONTERO, AYABACA, PIURA, PERU","MONTERO, AYABACA, PIURA, PERU",,,,,,PENDING,,PRIMARY
,OTROS CASERIO QUEBRADA DE AGUA MONTERO CASERIO QUEBRADA DE AGUA MONTERO MONTERO AYABACA PIURA,,1973,,,AYABACA,,1915,,,,,,PIURA,,1973,PUESTO DE SALUD QUEBRADA DE AGUA,,MONTERO,200205,,ACTIVO,,,ACTIVO,,,,,,,"PUESTO DE SALUD QUEBRADA DE AGUA, MONTERO, AYABACA, PIURA, PERU","OTROS CASERIO QUEBRADA DE AGUA MONTERO CASERIO QUEBRADA DE AGUA MONTERO MONTERO AYABACA PIURA, MONTERO, AYABACA, PIURA, PERU","MONTERO, AYABACA, PIURA, PERU",,,,,,PENDING,,PRIMARY
,JIRÓN JR. UNION S/N SICCHEZ S/N JR. UNION S/N SICCHEZ SICCHEZ AYABACA PIURA,,1974,,,AYABACA,,1916,,,,,,PIURA,,1974,CENTRO DE SALUD SICCHEZ,,SICCHEZ,200209,,ACTIVO,,,ACTIVO,,,,,,,"CENTRO DE SALUD SICCHEZ, SICCHEZ, AYABACA, PIURA, PERU","JIRÓN JR. UNION S/N SICCHEZ S/N JR. UNION S/N SICCHEZ SICCHEZ AYABACA PIURA, SICCHEZ, AYABACA, PIURA, PERU","SICCHEZ, AYABACA, PIURA, PERU",,,,,,PENDING,,PRIMARY
,OTROS CASERIO OXAHUAY - SICCHEZ CASERIO OXAHUAY - SICCHEZ SICCHEZ AYABACA PIURA,,1975,,,AYABACA,,1917,,,,,,PIURA,,1975,PUESTO DE SALUD OXAHUAY,,SICCHEZ,200209,,ACTIVO,,,ACTIVO,,,,,,,"PUESTO DE SALUD OXAHUAY, SICCHEZ, AYABACA, PIURA, PERU","OTROS CASERIO OXAHUAY - SICCHEZ CASERIO OXAHUAY - SICCHEZ SICCHEZ AYABACA PIURA, SICCHEZ, AYABACA, PIURA, PERU","SICCHEZ, AYABACA, PIURA, PERU",,,,,,PENDING,,PRIMARY
,OTROS CASERIOI AMBASAL CASERIOI AMBASAL SICCHEZ AYABACA PIURA,,1976,,,AYABACA,,1918,,,,,,PIURA,,1976,PUESTO DE SALUD AMBASAL,,SICCHEZ,200209,,ACTIVO,,,ACTIVO,,,,,,,"PUESTO DE SALUD AMBASAL, SICCHEZ, AYABACA, PIURA, PERU","OTROS CASERIOI AMBASAL CASERIOI AMBASAL SICCHEZ AYABACA PIURA, SICCHEZ, AYABACA, PIURA, PERU","SICCHEZ, AYABACA, PIURA, PERU",,,,,,PENDING,,PRIMARY
,OTROS ZONA INDUSTRIAL AA.HH. FROILAN ALAMA ZONA INDUSTRIAL AA.HH. FROILAN ALAMA TAMBO GRANDE PIURA PIURA,,1977,,,PIURA,,1919,,,,,,PIURA,,1977,CENTRO DE SALUD TAMBOGRANDE,,TAMBO GRANDE,200114,,ACTIVO,,,ACTIVO,,,,,,,"CENTRO DE SALUD TAMBOGRANDE, TAMBO GRANDE, PIURA, PIURA, PERU","OTROS ZONA INDUSTRIAL AA.HH. FROILAN ALAMA ZONA INDUSTRIAL AA.HH. FROILAN ALAMA TAMBO GRANDE PIURA PIURA, TAMBO GRANDE, PIURA, PIURA, PERU","TAMBO GRANDE, PIURA, PIURA, PERU",,,,,,PENDING,,PRIMARY
,OTROS CASERIO SAN ISIDRO CASERIO SAN ISIDRO TAMBO GRANDE PIURA PIURA,,1978,,,PIURA,,1920,,,,,,PIURA,,1978,CENTRO DE SALUD SAN ISIDRO,,TAMBO GRANDE,200114,,ACTIVO,,,ACTIVO,,,,,,,"CENTRO DE SALUD SAN ISIDRO, TAMBO GRANDE, PIURA, PIURA, PERU","OTROS CASERIO SAN ISIDRO CASERIO SAN ISIDRO TAMBO GRANDE PIURA PIURA, TAMBO GRANDE, PIURA, PIURA, PERU","TAMBO GRANDE, PIURA, PIURA, PERU",,,,,,PENDING,,PRIMARY
,OTROS CASERIO CRUCETA TAMBOGRANDE CASERIO CRUCETA TAMBOGRANDE TAMBO GRANDE PIURA PIURA,,1979,,,PIURA,,1921,,,,,,PIURA,,1979,PUESTO DE SALUD CRUCETA,,TAMBO GRANDE,200114,,ACTIVO,,,ACTIVO,,,,,,,"PUESTO DE SALUD CRUCETA, TAMBO GRANDE, PIURA, PIURA, PERU","OTROS CASERIO CRUCETA TAMBOGRANDE CASERIO CRUCETA TAMBOGRANDE TAMBO GRANDE PIURA PIURA, TAMBO GRANDE, PIURA, PIURA, PERU","TAMBO GRANDE, PIURA, PIURA, PERU",,,,,,PENDING,,PRIMARY
,OTROS CENTRO POBLADO DE TEJEDORES CENTRO POBLADO DE TEJEDORES TAMBO GRANDE PIURA PIURA,,1980,,,PIURA,,1922,,,,,,PIURA,,1980,PUESTO SALUD TEJEDORES,,TAMBO GRANDE,200114,,ACTIVO,,,ACTIVO,,,,,,,"PUESTO SALUD TEJEDORES, TAMBO GRANDE, PIURA, PIURA, PERU","OTROS CENTRO POBLADO DE TEJEDORES CENTRO POBLADO DE TEJEDORES TAMBO GRANDE PIURA PIURA, TAMBO GRANDE, PIURA, PIURA, PERU","TAMBO GRANDE, PIURA, PIURA, PERU",,,,,,PENDING,,PRIMARY
,OTROS CASERIO MALINGAS -TAMBOGRANDE CASERIO MALINGAS -TAMBOGRANDE TAMBO GRANDE PIURA PIURA,,1981,,,PIURA,,1923,,,,,,PIURA,,1981,CENTRO DE SALUD MALINGAS,,TAMBO GRANDE,200114,,ACTIVO,,,ACTIVO,,,,,,,"CENTRO DE SALUD MALINGAS, TAMBO GRANDE, PIURA, PIURA, PERU","OTROS CASERIO MALINGAS -TAMBOGRANDE CASERIO MALINGAS -TAMBOGRANDE TAMBO GRANDE PIURA PIURA, TAMBO GRANDE, PIURA, PIURA, PERU","TAMBO GRANDE, PIURA, PIURA, PERU",,,,,,PENDING,,PRIMARY
,OTROS CASERIO MALINGUITAS CASERIO MALINGUITAS TAMBO GRANDE PIURA PIURA,,1982,,,PIURA,,1924,,,,,,PIURA,,1982,PUESTO DE SALUD MALINGUITAS,,TAMBO GRANDE,200114,,ACTIVO,,,ACTIVO,,,,,,,"PUESTO DE SALUD MALINGUITAS, TAMBO GRANDE, PIURA, PIURA, PERU","OTROS CASERIO MALINGUITAS CASERIO MALINGUITAS TAMBO GRANDE PIURA PIURA, TAMBO GRANDE, PIURA, PIURA, PERU","TAMBO GRANDE, PIURA, PIURA, PERU",,,,,,PENDING,,PRIMARY
,OTROS CASERIO PAPAYO ALGARROBO CASERIO PAPAYO ALGARROBO TAMBO GRANDE PIURA PIURA,,1983,,,PIURA,,1925,,,,,,PIURA,,1983,PUESTO DE SALUD PAPAYO - EL ALGARROBO,,TAMBO GRANDE,200114,,ACTIVO,,,ACTIVO,,,,,,,"PUESTO DE SALUD PAPAYO - EL ALGARROBO, TAMBO GRANDE, PIURA, PIURA, PERU","OTROS CASERIO PAPAYO ALGARROBO CASERIO PAPAYO ALGARROBO TAMBO GRANDE PIURA PIURA, TAMBO GRANDE, PIURA, PIURA, PERU","TAMBO GRANDE, PIURA, PIURA, PERU",,,,,,PENDING,,PRIMARY
,OTROS CENTRO POBLADO SANTA ANA MZ X LOTE 59 CENTRO POBLADO SANTA ANA MZ X LOTE 59 TAMBO GRANDE PIURA PIURA,,1984,,,PIURA,,1926,,,,,,PIURA,,1984,PUESTO DE SALUD SANTA ANA,,TAMBO GRANDE,200114,,ACTIVO,,,ACTIVO,,,,,,,"PUESTO DE SALUD SANTA ANA, TAMBO GRANDE, PIURA, PIURA, PERU","OTROS CENTRO POBLADO SANTA ANA MZ X LOTE 59 CENTRO POBLADO SANTA ANA MZ X LOTE 59 TAMBO GRANDE PIURA PIURA, TAMBO GRANDE, PIURA, PIURA, PERU","TAMBO GRANDE, PIURA, PIURA, PERU",,,,,,PENDING,,PRIMARY
,OTROS CASERIO LA PEÑITA - TAMBOGRANDE CASERIO LA PEÑITA - TAMBOGRANDE TAMBO GRANDE PIURA PIURA,,1985,,,PIURA,,1927,,,,,,PIURA,,1985,PUESTO DE SALUD LA PEÑITA,,TAMBO GRANDE,200114,,ACTIVO,,,ACTIVO,,,,,,,"PUESTO DE SALUD LA PEÑITA, TAMBO GRANDE, PIURA, PIURA, PERU","OTROS CASERIO LA PEÑITA - TAMBOGRANDE CASERIO LA PEÑITA - TAMBOGRANDE TAMBO GRANDE PIURA PIURA, TAMBO GRANDE, PIURA, PIURA, PERU","TAMBO GRANDE, PIURA, PIURA, PERU",,,,,,PENDING,,PRIMARY
,OTROS CENTRO POBLADO CHICA ALTA CENTRO POBLADO CHICA ALTA TAMBO GRANDE PIURA PIURA,,1986,,,PIURA,,1928,,,,,,PIURA,,1986,PUESTO DE SALUD CHICA ALTA,,TAMBO GRANDE,200114,,ACTIVO,,,ACTIVO,,,,,,,"PUESTO DE SALUD CHICA ALTA, TAMBO GRANDE, PIURA, PIURA, PERU","OTROS CENTRO POBLADO CHICA ALTA CENTRO POBLADO CHICA ALTA TAMBO GRANDE PIURA PIURA, TAMBO GRANDE, PIURA, PIURA, PERU","TAMBO GRANDE, PIURA, PIURA, PERU",,,,,,PENDING,,PRIMARY
,JIRÓN SINCHI ROCA JR. INTY RAYMI SINCHI ROCA JR. INTY RAYMI TAMBO GRANDE PIURA PIURA,,1987,,,PIURA,,1929,,,,,,PIURA,,1987,PUESTO DE SALUD SINCHI ROCA,,TAMBO GRANDE,200114,,ACTIVO,,,ACTIVO,,,,,,,"PUESTO DE SALUD SINCHI ROCA, TAMBO GRANDE, PIURA, PIURA, PERU","JIRÓN SINCHI ROCA JR. INTY RAYMI SINCHI ROCA JR. INTY RAYMI TAMBO GRANDE PIURA PIURA, TAMBO GRANDE, PIURA, PIURA, PERU","TAMBO GRANDE, PIURA, PIURA, PERU",,,,,,PENDING,,PRIMARY
,OTROS CASERIO LAS MONICAS CASERIO LAS MONICAS TAMBO GRANDE PIURA PIURA,,1988,,,PIURA,,1930,,,,,,PIURA,,1988,PUESTO DE SALUD LAS MONICAS,,TAMBO GRANDE,200114,,ACTIVO,,,ACTIVO,,,,,,,"PUESTO DE SALUD LAS MONICAS, TAMBO GRANDE, PIURA, PIURA, PERU","OTROS CASERIO LAS MONICAS CASERIO LAS MONICAS TAMBO GRANDE PIURA PIURA, TAMBO GRANDE, PIURA, PIURA, PERU","TAMBO GRANDE, PIURA, PIURA, PERU",,,,,,PENDING,,PRIMARY
,OTROS CASERIO PEDREGAL - TAMBOGRANDE CASERIO PEDREGAL - TAMBOGRANDE TAMBO GRANDE PIURA PIURA,,1989,,,PIURA,,1931,,,,,,PIURA,,1989,PUESTO DE SALUD PEDREGAL,,TAMBO GRANDE,200114,,ACTIVO,,,ACTIVO,,,,,,,"PUESTO DE SALUD PEDREGAL, TAMBO GRANDE, PIURA, PIURA, PERU","OTROS CASERIO PEDREGAL - TAMBOGRANDE CASERIO PEDREGAL - TAMBOGRANDE TAMBO GRANDE PIURA PIURA, TAMBO GRANDE, PIURA, PIURA, PERU","TAMBO GRANDE, PIURA, PIURA, PERU",,,,,,PENDING,,PRIMARY
,OTROS CASERIO PALOMINOS CASERIO PALOMINOS TAMBO GRANDE PIURA PIURA,,1990,,,PIURA,,1932,,,,,,PIURA,,1990,PUESTO DE SALUD PALOMINOS,,TAMBO GRANDE,200114,,ACTIVO,,,ACTIVO,,,,,,,"PUESTO DE SALUD PALOMINOS, TAMBO GRANDE, PIURA, PIURA, PERU","OTROS CASERIO PALOMINOS CASERIO PALOMINOS TAMBO GRANDE PIURA PIURA, TAMBO GRANDE, PIURA, PIURA, PERU","TAMBO GRANDE, PIURA, PIURA, PERU",,,,,,PENDING,,PRIMARY
,OTROS CASERIO LLOQUE YUPANQUI CASERIO LLOQUE YUPANQUI TAMBO GRANDE PIURA PIURA,,1991,,,PIURA,,1933,,,,,,PIURA,,1991,PUESTO DE SALUD LLOQUE YUPANQUI,,TAMBO GRANDE,200114,,ACTIVO,,,ACTIVO,,,,,,,"PUESTO DE SALUD LLOQUE YUPANQUI, TAMBO GRANDE, PIURA, PIURA, PERU","OTROS CASERIO LLOQUE YUPANQUI CASERIO LLOQUE YUPANQUI TAMBO GRANDE PIURA PIURA, TAMBO GRANDE, PIURA, PIURA, PERU","TAMBO GRANDE, PIURA, PIURA, PERU",,,,,,PENDING,,PRIMARY
,CALLE EL PORVENIR - HUALTACO III S/N CASERIO EL PORVENIR TAMBO GRANDE PIURA PIURA,,1992,,,PIURA,,1934,,,,,,PIURA,,1992,PUESTO DE SALUD EL PORVENIR,,TAMBO GRANDE,200114,,ACTIVO,,,ACTIVO,,,,,,,"PUESTO DE SALUD EL PORVENIR, TAMBO GRANDE, PIURA, PIURA, PERU","CALLE EL PORVENIR - HUALTACO III S/N CASERIO EL PORVENIR TAMBO GRANDE PIURA PIURA, TAMBO GRANDE, PIURA, PIURA, PERU","TAMBO GRANDE, PIURA, PIURA, PERU",,,,,,PENDING,,PRIMARY
,OTROS CASERIO YAHUAR HUACA CASERIO YAHUAR HUACA TAMBO GRANDE PIURA PIURA,,1993,,,PIURA,,1935,,,,,,PIURA,,1993,PUESTO SALUD YAHUAR HUACA,,TAMBO GRANDE,200114,,ACTIVO,,,ACTIVO,,,,,,,"PUESTO SALUD YAHUAR HUACA, TAMBO GRANDE, PIURA, PIURA, PERU","OTROS CASERIO YAHUAR HUACA CASERIO YAHUAR HUACA TAMBO GRANDE PIURA PIURA, TAMBO GRANDE, PIURA, PIURA, PERU","TAMBO GRANDE, PIURA, PIURA, PERU",,,,,,PENDING,,PRIMARY
,OTROS CASERIO OCOTO ALTO CASERIO OCOTO ALTO TAMBO GRANDE PIURA PIURA,,1994,,,PIURA,,1936,,,,,,PIURA,,1994,PUESTO DE SALUD OCOTO ALTO,,TAMBO GRANDE,200114,,ACTIVO,,,ACTIVO,,,,,,,"PUESTO DE SALUD OCOTO ALTO, TAMBO GRANDE, PIURA, PIURA, PERU","OTROS CASERIO OCOTO ALTO CASERIO OCOTO ALTO TAMBO GRANDE PIURA PIURA, TAMBO GRANDE, PIURA, PIURA, PERU","TAMBO GRANDE, PIURA, PIURA, PERU",,,,,,PENDING,,PRIMARY
,OTROS CASERIO PROGRESO BAJO CASERIO PROGRESO BAJO TAMBO GRANDE PIURA PIURA,,1995,,,PIURA,,1937,,,,,,PIURA,,1995,PUESTO DE SALUD PROGRESO BAJO,,TAMBO GRANDE,200114,,ACTIVO,,,ACTIVO,,,,,,,"PUESTO DE SALUD PROGRESO BAJO, TAMBO GRANDE, PIURA, PIURA, PERU","OTROS CASERIO PROGRESO BAJO CASERIO PROGRESO BAJO TAMBO GRANDE PIURA PIURA, TAMBO GRANDE, PIURA, PIURA, PERU","TAMBO GRANDE, PIURA, PIURA, PERU",,,,,,PENDING,,PRIMARY
,OTROS CENTRO POBLADO CP-3 CENTRO POBLADO CP-3 TAMBO GRANDE PIURA PIURA,,1996,,,PIURA,,1938,,,,,,PIURA,,1996,CP3 - SAN MARTIN,,TAMBO GRANDE,200114,,ACTIVO,,,ACTIVO,,,,,,,"CP3 - SAN MARTIN, TAMBO GRANDE, PIURA, PIURA, PERU","OTROS CENTRO POBLADO CP-3 CENTRO POBLADO CP-3 TAMBO GRANDE PIURA PIURA, TAMBO GRANDE, PIURA, PIURA, PERU","TAMBO GRANDE, PIURA, PIURA, PERU",,,,,,PENDING,,PRIMARY
,OTROS CASERIO CP4 DISTRITO TAMBO GRANDE PROVINCIA PIURA DEPARTAMENTO PIURA,,1997,,,PIURA,,1939,,,,,,PIURA,,1997,PUESTO DE SALUD CP4,,TAMBO GRANDE,200114,,ACTIVO,,,ACTIVO,,,,,,,"PUESTO DE SALUD CP4, TAMBO GRANDE, PIURA, PIURA, PERU","OTROS CASERIO CP4 DISTRITO TAMBO GRANDE PROVINCIA PIURA DEPARTAMENTO PIURA, TAMBO GRANDE, PIURA, PIURA, PERU","TAMBO GRANDE, PIURA, PIURA, PERU",,,,,,PENDING,,PRIMARY
,OTROS CASERIO GUARAGUAOS CASERIO GUARAGUAOS TAMBO GRANDE PIURA PIURA,,1998,,,PIURA,,1940,,,,,,PIURA,,1998,PUESTO DE SALUD GUARAGUAOS,,TAMBO GRANDE,200114,,ACTIVO,,,ACTIVO,,,,,,,"PUESTO DE SALUD GUARAGUAOS, TAMBO GRANDE, PIURA, PIURA, PERU","OTROS CASERIO GUARAGUAOS CASERIO GUARAGUAOS TAMBO GRANDE PIURA PIURA, TAMBO GRANDE, PIURA, PIURA, PERU","TAMBO GRANDE, PIURA, PIURA, PERU",,,,,,PENDING,,PRIMARY
,AVENIDA AV. INTERNACIONAL S/N CENTRO POBLADO LA GREDA NUEVA S/N AV. INTERNACIONAL S/N CENTRO POBLADO LA GREDA NUEVA TAMBO GRANDE PIURA PIURA,,1999,,,PIURA,,1941,,,,,,PIURA,,1999,PUESTO DE SALUD LA GREDA,,TAMBO GRANDE,200114,,ACTIVO,,,ACTIVO,,,,,,,"PUESTO DE SALUD LA GREDA, TAMBO GRANDE, PIURA, PIURA, PERU","AVENIDA AV. INTERNACIONAL S/N CENTRO POBLADO LA GREDA NUEVA S/N AV. INTERNACIONAL S/N CENTRO POBLADO LA GREDA NUEVA TAMBO GRANDE PIURA PIURA, TAMBO GRANDE, PIURA, PIURA, PERU","TAMBO GRANDE, PIURA, PIURA, PERU",,,,,,PENDING,,PRIMARY
,OTROS CASERIO LA RITA - TAMBOGRANDE CASERIO LA RITA - TAMBOGRANDE TAMBO GRANDE PIURA PIURA,,2000,,,PIURA,,1942,,,,,,PIURA,,2000,PUESTO SALUD LA RITA,,TAMBO GRANDE,200114,,ACTIVO,,,ACTIVO,,,,,,,"PUESTO SALUD LA RITA, TAMBO GRANDE, PIURA, PIURA, PERU","OTROS CASERIO LA RITA - TAMBOGRANDE CASERIO LA RITA - TAMBOGRANDE TAMBO GRANDE PIURA PIURA, TAMBO GRANDE, PIURA, PIURA, PERU","TAMBO GRANDE, PIURA, PIURA, PERU",,,,,,PENDING,,PRIMARY
,OTROS TRANSVERSAL LUCIANO CASTILLO COLONNA S/N A.H ESTEBAN PAULETICH BELLAVISTA S/N TRANSVERSAL LUCIANO CASTILLO COLONNA S/N A.H ESTEBAN PAULETICH BELLAVISTA BELLAVISTA SULLANA PIURA,,2001,,,SULLANA,,1943,,,,,,PIURA,,2001,CENTRO DE SALUD BELLAVISTA,,BELLAVISTA,200602,,ACTIVO,,,ACTIVO,,,,,,,"CENTRO DE SALUD BELLAVISTA, BELLAVISTA, SULLANA, PIURA, PERU","OTROS TRANSVERSAL LUCIANO CASTILLO COLONNA S/N A.H ESTEBAN PAULETICH BELLAVISTA S/N TRANSVERSAL LUCIANO CASTILLO COLONNA S/N A.H ESTEBAN PAULETICH BELLAVISTA BELLAVISTA SULLANA PIURA, BELLAVISTA, SULLANA, PIURA, PERU","BELLAVISTA, SULLANA, PIURA, PERU",,,,,,PENDING,,PRIMARY
,OTROS SOMATE SOMATE SULLANA SULLANA PIURA,,2002,,,SULLANA,,1944,,,,,,PIURA,,2002,PUESTO DE SALUD SOMATE CENTRO DE SERVICIOS,,SULLANA,200601,,ACTIVO,,,ACTIVO,,,,,,,"PUESTO DE SALUD SOMATE CENTRO DE SERVICIOS, SULLANA, SULLANA, PIURA, PERU","OTROS SOMATE SOMATE SULLANA SULLANA PIURA, SULLANA, SULLANA, PIURA, PERU","SULLANA, SULLANA, PIURA, PERU",,,,,,PENDING,,PRIMARY
,OTROS HUANGALA HUANGALA SULLANA SULLANA PIURA,,2003,,,SULLANA,,1945,,,,,,PIURA,,2003,PUESTO SALUD DE HUANGALA,,SULLANA,200601,,ACTIVO,,,ACTIVO,,,,,,,"PUESTO SALUD DE HUANGALA, SULLANA, SULLANA, PIURA, PERU","OTROS HUANGALA HUANGALA SULLANA SULLANA PIURA, SULLANA, SULLANA, PIURA, PERU","SULLANA, SULLANA, PIURA, PERU",,,,,,PENDING,,PRIMARY
,OTROS CHALACALA CHALACALA SULLANA SULLANA PIURA,,2004,,,SULLANA,,1946,,,,,,PIURA,,2004,PUESTO DE SALUD CHALACALA BAJA,,SULLANA,200601,,ACTIVO,,,ACTIVO,,,,,,,"PUESTO DE SALUD CHALACALA BAJA, SULLANA, SULLANA, PIURA, PERU","OTROS CHALACALA CHALACALA SULLANA SULLANA PIURA, SULLANA, SULLANA, PIURA, PERU","SULLANA, SULLANA, PIURA, PERU",,,,,,PENDING,,PRIMARY
,"OTROS CASERIO STA, ROSA DE PIEDRA RODADA CASERIO STA, ROSA DE PIEDRA RODADA SULLANA SULLANA PIURA",,2005,,,SULLANA,,1947,,,,,,PIURA,,2005,PUESTO DE SALUD STA. ROSA DE PIEDRA RODADA,,SULLANA,200601,,ACTIVO,,,ACTIVO,,,,,,,"PUESTO DE SALUD STA. ROSA DE PIEDRA RODADA, SULLANA, SULLANA, PIURA, PERU","OTROS CASERIO STA, ROSA DE PIEDRA RODADA CASERIO STA, ROSA DE PIEDRA RODADA SULLANA SULLANA PIURA, SULLANA, SULLANA, PIURA, PERU","SULLANA, SULLANA, PIURA, PERU",,,,,,PENDING,,PRIMARY
,OTROS SOMATE BAJO SOMATE BAJO SULLANA SULLANA PIURA,,2006,,,SULLANA,,1948,,,,,,PIURA,,2006,PUESTO DE SALUD SOMATE BAJO,,SULLANA,200601,,ACTIVO,,,ACTIVO,,,,,,,"PUESTO DE SALUD SOMATE BAJO, SULLANA, SULLANA, PIURA, PERU","OTROS SOMATE BAJO SOMATE BAJO SULLANA SULLANA PIURA, SULLANA, SULLANA, PIURA, PERU","SULLANA, SULLANA, PIURA, PERU",,,,,,PENDING,,PRIMARY
,OTROS SAN VICENTE DE PIEDRA RODADA SAN VICENTE DE PIEDRA RODADA SULLANA SULLANA PIURA,,2007,,,SULLANA,,1949,,,,,,PIURA,,2007,PUESTO DE SALUD SAN VICENTE-PIEDRA RODADA,,SULLANA,200601,,ACTIVO,,,ACTIVO,,,,,,,"PUESTO DE SALUD SAN VICENTE-PIEDRA RODADA, SULLANA, SULLANA, PIURA, PERU","OTROS SAN VICENTE DE PIEDRA RODADA SAN VICENTE DE PIEDRA RODADA SULLANA SULLANA PIURA, SULLANA, SULLANA, PIURA, PERU","SULLANA, SULLANA, PIURA, PERU",,,,,,PENDING,,PRIMARY
,OTROS SOMATE ALTO S/N BELLAVISTA S/N SOMATE ALTO S/N BELLAVISTA SULLANA SULLANA PIURA,,2008,,,SULLANA,,1950,,,,,,PIURA,,2008,PUESTO DE SALUD SOMATE ALTO,,SULLANA,200601,,ACTIVO,,,ACTIVO,,,,,,,"PUESTO DE SALUD SOMATE ALTO, SULLANA, SULLANA, PIURA, PERU","OTROS SOMATE ALTO S/N BELLAVISTA S/N SOMATE ALTO S/N BELLAVISTA SULLANA SULLANA PIURA, SULLANA, SULLANA, PIURA, PERU","SULLANA, SULLANA, PIURA, PERU",,,,,,PENDING,,PRIMARY
,AVENIDA CENTRO POBLADO EL CUCHO AV. LATINA S/N S/N CENTRO POBLADO EL CUCHO AV. LATINA S/N SULLANA SULLANA PIURA,,2009,,,SULLANA,,1951,,,,,,PIURA,,2009,PUESTO DE SALUD EL CUCHO,,SULLANA,200601,,ACTIVO,,,ACTIVO,,,,,,,"PUESTO DE SALUD EL CUCHO, SULLANA, SULLANA, PIURA, PERU","AVENIDA CENTRO POBLADO EL CUCHO AV. LATINA S/N S/N CENTRO POBLADO EL CUCHO AV. LATINA S/N SULLANA SULLANA PIURA, SULLANA, SULLANA, PIURA, PERU","SULLANA, SULLANA, PIURA, PERU",,,,,,PENDING,,PRIMARY
,OTROS CASERIO JOSE OLAYA CASERIO JOSE OLAYA SULLANA SULLANA PIURA,,2010,,,SULLANA,,1952,,,,,,PIURA,,2010,PUESTO DE SALUD JOSE OLAYA,,SULLANA,200601,,ACTIVO,,,ACTIVO,,,,,,,"PUESTO DE SALUD JOSE OLAYA, SULLANA, SULLANA, PIURA, PERU","OTROS CASERIO JOSE OLAYA CASERIO JOSE OLAYA SULLANA SULLANA PIURA, SULLANA, SULLANA, PIURA, PERU","SULLANA, SULLANA, PIURA, PERU",,,,,,PENDING,,PRIMARY
,OTROS PARIÑAS S/N. SANTA TERESITA S/N PARIÑAS S/N. SANTA TERESITA SULLANA SULLANA PIURA,,2011,,,SULLANA,,1953,,,,,,PIURA,,2011,CENTRO DE SALUD SANTA TERESITA,,SULLANA,200601,,ACTIVO,,,ACTIVO,,,,,,,"CENTRO DE SALUD SANTA TERESITA, SULLANA, SULLANA, PIURA, PERU","OTROS PARIÑAS S/N. SANTA TERESITA S/N PARIÑAS S/N. SANTA TERESITA SULLANA SULLANA PIURA, SULLANA, SULLANA, PIURA, PERU","SULLANA, SULLANA, PIURA, PERU",,,,,,PENDING,,PRIMARY
,OTROS LOS LAURELES S/N VILLA PRIMAVERA S/N LOS LAURELES S/N VILLA PRIMAVERA SULLANA SULLANA PIURA,,2012,,,SULLANA,,1954,,,,,,PIURA,,2012,"CENTRO DE SALUD ""VILLA PRIMAVERA""",,SULLANA,200601,,ACTIVO,,,ACTIVO,,,,,,,"CENTRO DE SALUD ""VILLA PRIMAVERA"", SULLANA, SULLANA, PIURA, PERU","OTROS LOS LAURELES S/N VILLA PRIMAVERA S/N LOS LAURELES S/N VILLA PRIMAVERA SULLANA SULLANA PIURA, SULLANA, SULLANA, PIURA, PERU","SULLANA, SULLANA, PIURA, PERU",,,,,,PENDING,,PRIMARY
,OTROS VICHAYAL Nº1101 NUEVE DE OCTUBRE VICHAYAL Nº1101 NUEVE DE OCTUBRE SULLANA SULLANA PIURA,,2013,,,SULLANA,,1955,,,,,,PIURA,,2013,CENTRO DE SALUD NUEVE DE OCTUBRE,,SULLANA,200601,,ACTIVO,,,ACTIVO,,,,,,,"CENTRO DE SALUD NUEVE DE OCTUBRE, SULLANA, SULLANA, PIURA, PERU","OTROS VICHAYAL Nº1101 NUEVE DE OCTUBRE VICHAYAL Nº1101 NUEVE DE OCTUBRE SULLANA SULLANA PIURA, SULLANA, SULLANA, PIURA, PERU","SULLANA, SULLANA, PIURA, PERU",,,,,,PENDING,,PRIMARY
,OTROS ASENTAMIENTO HUMANO EL OBRERO ASENTAMIENTO HUMANO EL OBRERO SULLANA SULLANA PIURA,,2014,,,SULLANA,,1956,,,,,,PIURA,,2014,CENTRO DE SALUD EL OBRERO,,SULLANA,200601,,ACTIVO,,,ACTIVO,,,,,,,"CENTRO DE SALUD EL OBRERO, SULLANA, SULLANA, PIURA, PERU","OTROS ASENTAMIENTO HUMANO EL OBRERO ASENTAMIENTO HUMANO EL OBRERO SULLANA SULLANA PIURA, SULLANA, SULLANA, PIURA, PERU","SULLANA, SULLANA, PIURA, PERU",,,,,,PENDING,,PRIMARY
,OTROS CASERIO CIENEGUILLO CENTRO CASERIO CIENEGUILLO CENTRO SULLANA SULLANA PIURA,,2015,,,SULLANA,,1957,,,,,,PIURA,,2015,PUESTO DE SALUD CIENEGUILLO CENTRO,,SULLANA,200601,,ACTIVO,,,ACTIVO,,,,,,,"PUESTO DE SALUD CIENEGUILLO CENTRO, SULLANA, SULLANA, PIURA, PERU","OTROS CASERIO CIENEGUILLO CENTRO CASERIO CIENEGUILLO CENTRO SULLANA SULLANA PIURA, SULLANA, SULLANA, PIURA, PERU","SULLANA, SULLANA, PIURA, PERU",,,,,,PENDING,,PRIMARY
,OTROS CASERIO CANAL MOCHO CIENEGUILLO SUR CASERIO CANAL MOCHO CIENEGUILLO SUR SULLANA SULLANA PIURA,,2016,,,SULLANA,,1958,,,,,,PIURA,,2016,CANAL MOCHO-CIENEGUILLO SUR,,SULLANA,200601,,ACTIVO,,,ACTIVO,,,,,,,"CANAL MOCHO-CIENEGUILLO SUR, SULLANA, SULLANA, PIURA, PERU","OTROS CASERIO CANAL MOCHO CIENEGUILLO SUR CASERIO CANAL MOCHO CIENEGUILLO SUR SULLANA SULLANA PIURA, SULLANA, SULLANA, PIURA, PERU","SULLANA, SULLANA, PIURA, PERU",,,,,,PENDING,,PRIMARY
,OTROS NUEVA SULLANA NUEVA SULLANA SULLANA SULLANA PIURA,,2017,,,SULLANA,,1959,,,,,,PIURA,,2017,CENTRO DE SALUD NUEVO SULLANA,,SULLANA,200601,,ACTIVO,,,ACTIVO,,,,,,,"CENTRO DE SALUD NUEVO SULLANA, SULLANA, SULLANA, PIURA, PERU","OTROS NUEVA SULLANA NUEVA SULLANA SULLANA SULLANA PIURA, SULLANA, SULLANA, PIURA, PERU","SULLANA, SULLANA, PIURA, PERU",,,,,,PENDING,,PRIMARY
,CALLE CALLE MARÍA AUXILIADORA N° 1101 SANCHEZ CERRO CALLE MARÍA AUXILIADORA N° 1101 SANCHEZ CERRO SULLANA SULLANA PIURA,,2018,,,SULLANA,,1960,,,,,,PIURA,,2018,CENTRO DE SALUD COMUNIDAD SALUDABLE,,SULLANA,200601,,ACTIVO,,,ACTIVO,,,,,,,"CENTRO DE SALUD COMUNIDAD SALUDABLE, SULLANA, SULLANA, PIURA, PERU","CALLE CALLE MARÍA AUXILIADORA N° 1101 SANCHEZ CERRO CALLE MARÍA AUXILIADORA N° 1101 SANCHEZ CERRO SULLANA SULLANA PIURA, SULLANA, SULLANA, PIURA, PERU","SULLANA, SULLANA, PIURA, PERU",,,,,,PENDING,,PRIMARY
,OTROS JOSE OLAYA JOSE OLAYA MIGUEL CHECA SULLANA PIURA,,2019,,,SULLANA,,1961,,,,,,PIURA,,2019,CENTRO DE SALUD MIGUEL CHECA,,MIGUEL CHECA,200606,,ACTIVO,,,ACTIVO,,,,,,,"CENTRO DE SALUD MIGUEL CHECA, MIGUEL CHECA, SULLANA, PIURA, PERU","OTROS JOSE OLAYA JOSE OLAYA MIGUEL CHECA SULLANA PIURA, MIGUEL CHECA, SULLANA, PIURA, PERU","MIGUEL CHECA, SULLANA, PIURA, PERU",,,,,,PENDING,,PRIMARY
,JIRÓN JR. SAN PABLO Nº 105 JR. SAN PABLO Nº 105 MIGUEL CHECA SULLANA PIURA,,2020,,,SULLANA,,1962,,,,,,PIURA,,2020,PUESTO DE SALUD JIBITO,,MIGUEL CHECA,200606,,ACTIVO,,,ACTIVO,,,,,,,"PUESTO DE SALUD JIBITO, MIGUEL CHECA, SULLANA, PIURA, PERU","JIRÓN JR. SAN PABLO Nº 105 JR. SAN PABLO Nº 105 MIGUEL CHECA SULLANA PIURA, MIGUEL CHECA, SULLANA, PIURA, PERU","MIGUEL CHECA, SULLANA, PIURA, PERU",,,,,,PENDING,,PRIMARY
,OTROS LOS PESCADORES S/N LA PUNTA S/N LOS PESCADORES S/N LA PUNTA PAITA PAITA PIURA,,2021,,,PAITA,,1963,,,,,,PIURA,,2021,HOSPITAL DE APOYO II - 1 NUESTRA SEÑORA DE LAS MERCEDES - PAITA,,PAITA,200501,,ACTIVO,,,ACTIVO,,,,,,,"HOSPITAL DE APOYO II - 1 NUESTRA SEÑORA DE LAS MERCEDES - PAITA, PAITA, PAITA, PIURA, PERU","OTROS LOS PESCADORES S/N LA PUNTA S/N LOS PESCADORES S/N LA PUNTA PAITA PAITA PIURA, PAITA, PAITA, PIURA, PERU","PAITA, PAITA, PIURA, PERU",,,,,,PENDING,,PRIMARY
,OTROS CALETA LA ISLILLA - PAITA CALETA LA ISLILLA - PAITA PAITA PAITA PIURA,,2022,,,PAITA,,1964,,,,,,PIURA,,2022,PUESTO DE SALUD LA ISLILLA,,PAITA,200501,,ACTIVO,,,ACTIVO,,,,,,,"PUESTO DE SALUD LA ISLILLA, PAITA, PAITA, PIURA, PERU","OTROS CALETA LA ISLILLA - PAITA CALETA LA ISLILLA - PAITA PAITA PAITA PIURA, PAITA, PAITA, PIURA, PERU","PAITA, PAITA, PIURA, PERU",,,,,,PENDING,,PRIMARY
,OTROS CALETA YACILA CALETA YACILA PAITA PAITA PIURA,,2023,,,PAITA,,1965,,,,,,PIURA,,2023,PUESTO DE SALUD YACILA,,PAITA,200501,,ACTIVO,,,ACTIVO,,,,,,,"PUESTO DE SALUD YACILA, PAITA, PAITA, PIURA, PERU","OTROS CALETA YACILA CALETA YACILA PAITA PAITA PIURA, PAITA, PAITA, PIURA, PERU","PAITA, PAITA, PIURA, PERU",,,,,,PENDING,,PRIMARY
,OTROS CASERIO SAN LUCAS DE COLAN CASERIO SAN LUCAS DE COLAN COLAN PAITA PIURA,,2024,,,PAITA,,1966,,,,,,PIURA,,2024,PUESTO DE SALUD SAN LUCAS DE COLAN,,COLAN,200504,,ACTIVO,,,ACTIVO,,,,,,,"PUESTO DE SALUD SAN LUCAS DE COLAN, COLAN, PAITA, PIURA, PERU","OTROS CASERIO SAN LUCAS DE COLAN CASERIO SAN LUCAS DE COLAN COLAN PAITA PIURA, COLAN, PAITA, PIURA, PERU","COLAN, PAITA, PIURA, PERU",,,,,,PENDING,,PRIMARY
,OTROS CASERIO EL ARENAL CASERIO EL ARENAL ARENAL PAITA PIURA,,2025,,,PAITA,,1967,,,,,,PIURA,,2025,CENTRO DE SALUD EL ARENAL,,ARENAL,200503,,ACTIVO,,,ACTIVO,,,,,,,"CENTRO DE SALUD EL ARENAL, ARENAL, PAITA, PIURA, PERU","OTROS CASERIO EL ARENAL CASERIO EL ARENAL ARENAL PAITA PIURA, ARENAL, PAITA, PIURA, PERU","ARENAL, PAITA, PIURA, PERU",,,,,,PENDING,,PRIMARY
,JIRÓN JR. ALFONSO UGARTE S/N S/N JR. ALFONSO UGARTE S/N COLAN PAITA PIURA,,2026,,,PAITA,,1968,,,,,,PIURA,,2026,"CENTRO DE SALUD ""PUEBLO NUEVO DE COLAN""",,COLAN,200504,,ACTIVO,,,ACTIVO,,,,,,,"CENTRO DE SALUD ""PUEBLO NUEVO DE COLAN"", COLAN, PAITA, PIURA, PERU","JIRÓN JR. ALFONSO UGARTE S/N S/N JR. ALFONSO UGARTE S/N COLAN PAITA PIURA, COLAN, PAITA, PIURA, PERU","COLAN, PAITA, PIURA, PERU",,,,,,PENDING,,PRIMARY
,CALLE CALLE INCLAN N°409 CALLE INCLAN N°409 LA HUACA PAITA PIURA,,2027,,,PAITA,,1969,,,,,,PIURA,,2027,CENTRO DE SALUD LA HUACA,,LA HUACA,200505,,ACTIVO,,,ACTIVO,,,,,,,"CENTRO DE SALUD LA HUACA, LA HUACA, PAITA, PIURA, PERU","CALLE CALLE INCLAN N°409 CALLE INCLAN N°409 LA HUACA PAITA PIURA, LA HUACA, PAITA, PIURA, PERU","LA HUACA, PAITA, PIURA, PERU",,,,,,PENDING,,PRIMARY
,OTROS CASERIO VIVIATE CASERIO VIVIATE LA HUACA PAITA PIURA,,2028,,,PAITA,,1970,,,,,,PIURA,,2028,CENTRO DE SALUD VIVIATE,,LA HUACA,200505,,ACTIVO,,,ACTIVO,,,,,,,"CENTRO DE SALUD VIVIATE, LA HUACA, PAITA, PIURA, PERU","OTROS CASERIO VIVIATE CASERIO VIVIATE LA HUACA PAITA PIURA, LA HUACA, PAITA, PIURA, PERU","LA HUACA, PAITA, PIURA, PERU",,,,,,PENDING,,PRIMARY
,OTROS CASERIO NOMARA CASERIO NOMARA LA HUACA PAITA PIURA,,2029,,,PAITA,,1971,,,,,,PIURA,,2029,PUESTO DE SALUD NOMARA,,LA HUACA,200505,,ACTIVO,,,ACTIVO,,,,,,,"PUESTO DE SALUD NOMARA, LA HUACA, PAITA, PIURA, PERU","OTROS CASERIO NOMARA CASERIO NOMARA LA HUACA PAITA PIURA, LA HUACA, PAITA, PIURA, PERU","LA HUACA, PAITA, PIURA, PERU",,,,,,PENDING,,PRIMARY
,OTROS CASERIO MACACARA CASERIO MACACARA LA HUACA PAITA PIURA,,2030,,,PAITA,,1972,,,,,,PIURA,,2030,MACACARA,,LA HUACA,200505,,ACTIVO,,,ACTIVO,,,,,,,"MACACARA, LA HUACA, PAITA, PIURA, PERU","OTROS CASERIO MACACARA CASERIO MACACARA LA HUACA PAITA PIURA, LA HUACA, PAITA, PIURA, PERU","LA HUACA, PAITA, PIURA, PERU",,,,,,PENDING,,PRIMARY
,OTROS CASERIO LA ISLA SAN LORENZO CASERIO LA ISLA SAN LORENZO VICHAYAL PAITA PIURA,,2031,,,PAITA,,1973,,,,,,PIURA,,2031,PUESTO DE SALUD LA ISLA SAN LORENZO,,VICHAYAL,200507,,ACTIVO,,,ACTIVO,,,,,,,"PUESTO DE SALUD LA ISLA SAN LORENZO, VICHAYAL, PAITA, PIURA, PERU","OTROS CASERIO LA ISLA SAN LORENZO CASERIO LA ISLA SAN LORENZO VICHAYAL PAITA PIURA, VICHAYAL, PAITA, PIURA, PERU","VICHAYAL, PAITA, PIURA, PERU",,,,,,PENDING,,PRIMARY
,OTROS PANAMERICANA S-N MARCAVELICA PANAMERICANA S-N MARCAVELICA MARCAVELICA SULLANA PIURA,,2032,,,SULLANA,,1974,,,,,,PIURA,,2032,CENTRO DE SALUD MARCAVELICA,,MARCAVELICA,200605,,ACTIVO,,,ACTIVO,,,,,,,"CENTRO DE SALUD MARCAVELICA, MARCAVELICA, SULLANA, PIURA, PERU","OTROS PANAMERICANA S-N MARCAVELICA PANAMERICANA S-N MARCAVELICA MARCAVELICA SULLANA PIURA, MARCAVELICA, SULLANA, PIURA, PERU","MARCAVELICA, SULLANA, PIURA, PERU",,,,,,PENDING,,PRIMARY
,OTROS PANAMERICANA S-N MALLARITOS PANAMERICANA S-N MALLARITOS MARCAVELICA SULLANA PIURA,,2033,,,SULLANA,,1975,,,,,,PIURA,,2033,PUESTO DE SALUD MALLARITOS,,MARCAVELICA,200605,,ACTIVO,,,ACTIVO,,,,,,,"PUESTO DE SALUD MALLARITOS, MARCAVELICA, SULLANA, PIURA, PERU","OTROS PANAMERICANA S-N MALLARITOS PANAMERICANA S-N MALLARITOS MARCAVELICA SULLANA PIURA, MARCAVELICA, SULLANA, PIURA, PERU","MARCAVELICA, SULLANA, PIURA, PERU",,,,,,PENDING,,PRIMARY
,AVENIDA AV. GRAU S-N LA GOLONDRINA AV. GRAU S-N LA GOLONDRINA MARCAVELICA SULLANA PIURA,,2034,,,SULLANA,,1976,,,,,,PIURA,,2034,LA GOLONDRINA,,MARCAVELICA,200605,,ACTIVO,,,ACTIVO,,,,,,,"LA GOLONDRINA, MARCAVELICA, SULLANA, PIURA, PERU","AVENIDA AV. GRAU S-N LA GOLONDRINA AV. GRAU S-N LA GOLONDRINA MARCAVELICA SULLANA PIURA, MARCAVELICA, SULLANA, PIURA, PERU","MARCAVELICA, SULLANA, PIURA, PERU",,,,,,PENDING,,PRIMARY
,OTROS CASERIO MALLARES CASERIO MALLARES MARCAVELICA SULLANA PIURA,,2035,,,SULLANA,,1977,,,,,,PIURA,,2035,PUESTO DE SALUD MALLARES,,MARCAVELICA,200605,,ACTIVO,,,ACTIVO,,,,,,,"PUESTO DE SALUD MALLARES, MARCAVELICA, SULLANA, PIURA, PERU","OTROS CASERIO MALLARES CASERIO MALLARES MARCAVELICA SULLANA PIURA, MARCAVELICA, SULLANA, PIURA, PERU","MARCAVELICA, SULLANA, PIURA, PERU",,,,,,PENDING,,PRIMARY
,AVENIDA AV. GRAU S/N MONTERON S/N AV. GRAU S/N MONTERON MARCAVELICA SULLANA PIURA,,2036,,,SULLANA,,1978,,,,,,PIURA,,2036,PUESTO DE SALUD MONTERON,,MARCAVELICA,200605,,ACTIVO,,,ACTIVO,,,,,,,"PUESTO DE SALUD MONTERON, MARCAVELICA, SULLANA, PIURA, PERU","AVENIDA AV. GRAU S/N MONTERON S/N AV. GRAU S/N MONTERON MARCAVELICA SULLANA PIURA, MARCAVELICA, SULLANA, PIURA, PERU","MARCAVELICA, SULLANA, PIURA, PERU",,,,,,PENDING,,PRIMARY
,OTROS CASERIO TANGARARA CASERIO TANGARARA MARCAVELICA SULLANA PIURA,,2037,,,SULLANA,,1979,,,,,,PIURA,,2037,PUESTO DE SALUD TANGARARA,,MARCAVELICA,200605,,ACTIVO,,,ACTIVO,,,,,,,"PUESTO DE SALUD TANGARARA, MARCAVELICA, SULLANA, PIURA, PERU","OTROS CASERIO TANGARARA CASERIO TANGARARA MARCAVELICA SULLANA PIURA, MARCAVELICA, SULLANA, PIURA, PERU","MARCAVELICA, SULLANA, PIURA, PERU",,,,,,PENDING,,PRIMARY
,OTROS CASERIO SAMAN MALLARES CASERIO SAMAN MALLARES MARCAVELICA SULLANA PIURA,,2038,,,SULLANA,,1980,,,,,,PIURA,,2038,PUESTO DE SALUD SAMAN,,MARCAVELICA,200605,,ACTIVO,,,ACTIVO,,,,,,,"PUESTO DE SALUD SAMAN, MARCAVELICA, SULLANA, PIURA, PERU","OTROS CASERIO SAMAN MALLARES CASERIO SAMAN MALLARES MARCAVELICA SULLANA PIURA, MARCAVELICA, SULLANA, PIURA, PERU","MARCAVELICA, SULLANA, PIURA, PERU",,,,,,PENDING,,PRIMARY
,OTROS CASERIO VISTA FLORIDA - MARCAVELICA CASERIO VISTA FLORIDA - MARCAVELICA MARCAVELICA SULLANA PIURA,,2039,,,SULLANA,,1981,,,,,,PIURA,,2039,PUESTO DE SALUD VISTA FLORIDA,,MARCAVELICA,200605,,ACTIVO,,,ACTIVO,,,,,,,"PUESTO DE SALUD VISTA FLORIDA, MARCAVELICA, SULLANA, PIURA, PERU","OTROS CASERIO VISTA FLORIDA - MARCAVELICA CASERIO VISTA FLORIDA - MARCAVELICA MARCAVELICA SULLANA PIURA, MARCAVELICA, SULLANA, PIURA, PERU","MARCAVELICA, SULLANA, PIURA, PERU",,,,,,PENDING,,PRIMARY
,OTROS CASERIO LA NORIA- MARCAVELICA CASERIO LA NORIA- MARCAVELICA MARCAVELICA SULLANA PIURA,,2040,,,SULLANA,,1982,,,,,,PIURA,,2040,PUESTO DE SALUD LA NORIA,,MARCAVELICA,200605,,ACTIVO,,,ACTIVO,,,,,,,"PUESTO DE SALUD LA NORIA, MARCAVELICA, SULLANA, PIURA, PERU","OTROS CASERIO LA NORIA- MARCAVELICA CASERIO LA NORIA- MARCAVELICA MARCAVELICA SULLANA PIURA, MARCAVELICA, SULLANA, PIURA, PERU","MARCAVELICA, SULLANA, PIURA, PERU",,,,,,PENDING,,PRIMARY
,OTROS BARRIO CENTRO S-N LA QUINTA BARRIO CENTRO S-N LA QUINTA MARCAVELICA SULLANA PIURA,,2041,,,SULLANA,,1983,,,,,,PIURA,,2041,PUESTO DE SALUD LA QUINTA,,MARCAVELICA,200605,,ACTIVO,,,ACTIVO,,,,,,,"PUESTO DE SALUD LA QUINTA, MARCAVELICA, SULLANA, PIURA, PERU","OTROS BARRIO CENTRO S-N LA QUINTA BARRIO CENTRO S-N LA QUINTA MARCAVELICA SULLANA PIURA, MARCAVELICA, SULLANA, PIURA, PERU","MARCAVELICA, SULLANA, PIURA, PERU",,,,,,PENDING,,PRIMARY
,AVENIDA AV. PANAMERICANA NORTE S/N IGNACIO ESCUDERO S/N AV. PANAMERICANA NORTE S/N IGNACIO ESCUDERO IGNACIO ESCUDERO SULLANA PIURA,,2042,,,SULLANA,,1984,,,,,,PIURA,,2042,CENTRO DE SALUD IGNACIO ESCUDERO,,IGNACIO ESCUDERO,200603,,ACTIVO,,,ACTIVO,,,,,,,"CENTRO DE SALUD IGNACIO ESCUDERO, IGNACIO ESCUDERO, SULLANA, PIURA, PERU","AVENIDA AV. PANAMERICANA NORTE S/N IGNACIO ESCUDERO S/N AV. PANAMERICANA NORTE S/N IGNACIO ESCUDERO IGNACIO ESCUDERO SULLANA PIURA, IGNACIO ESCUDERO, SULLANA, PIURA, PERU","IGNACIO ESCUDERO, SULLANA, PIURA, PERU",,,,,,PENDING,,PRIMARY
,OTROS CASERIO SAN JUAN DE LA VIRGEN CASERIO SAN JUAN DE LA VIRGEN IGNACIO ESCUDERO SULLANA PIURA,,2043,,,SULLANA,,1985,,,,,,PIURA,,2043,PUESTO DE SALUD SAN JUAN DE LA VIRGEN,,IGNACIO ESCUDERO,200603,,ACTIVO,,,ACTIVO,,,,,,,"PUESTO DE SALUD SAN JUAN DE LA VIRGEN, IGNACIO ESCUDERO, SULLANA, PIURA, PERU","OTROS CASERIO SAN JUAN DE LA VIRGEN CASERIO SAN JUAN DE LA VIRGEN IGNACIO ESCUDERO SULLANA PIURA, IGNACIO ESCUDERO, SULLANA, PIURA, PERU","IGNACIO ESCUDERO, SULLANA, PIURA, PERU",,,,,,PENDING,,PRIMARY
,OTROS CASERIO MONTELIMA CASERIO MONTELIMA IGNACIO ESCUDERO SULLANA PIURA,,2044,,,SULLANA,,1986,,,,,,PIURA,,2044,PUESTO DE SALUD MONTE LIMA,,IGNACIO ESCUDERO,200603,,ACTIVO,,,ACTIVO,,,,,,,"PUESTO DE SALUD MONTE LIMA, IGNACIO ESCUDERO, SULLANA, PIURA, PERU","OTROS CASERIO MONTELIMA CASERIO MONTELIMA IGNACIO ESCUDERO SULLANA PIURA, IGNACIO ESCUDERO, SULLANA, PIURA, PERU","IGNACIO ESCUDERO, SULLANA, PIURA, PERU",,,,,,PENDING,,PRIMARY
,OTROS CASERIO SANTA SOFIA CASERIO SANTA SOFIA IGNACIO ESCUDERO SULLANA PIURA,,2045,,,SULLANA,,1987,,,,,,PIURA,,2045,PUESTO DE SALUD SANTA SOFIA,,IGNACIO ESCUDERO,200603,,ACTIVO,,,ACTIVO,,,,,,,"PUESTO DE SALUD SANTA SOFIA, IGNACIO ESCUDERO, SULLANA, PIURA, PERU","OTROS CASERIO SANTA SOFIA CASERIO SANTA SOFIA IGNACIO ESCUDERO SULLANA PIURA, IGNACIO ESCUDERO, SULLANA, PIURA, PERU","IGNACIO ESCUDERO, SULLANA, PIURA, PERU",,,,,,PENDING,,PRIMARY
,OTROS CASERIO SAN MIGUEL CASERIO SAN MIGUEL IGNACIO ESCUDERO SULLANA PIURA,,2046,,,SULLANA,,1988,,,,,,PIURA,,2046,PUESTO DE SALUD SAN MIGUEL,,IGNACIO ESCUDERO,200603,,ACTIVO,,,ACTIVO,,,,,,,"PUESTO DE SALUD SAN MIGUEL, IGNACIO ESCUDERO, SULLANA, PIURA, PERU","OTROS CASERIO SAN MIGUEL CASERIO SAN MIGUEL IGNACIO ESCUDERO SULLANA PIURA, IGNACIO ESCUDERO, SULLANA, PIURA, PERU","IGNACIO ESCUDERO, SULLANA, PIURA, PERU",,,,,,PENDING,,PRIMARY
,CALLE CALLE BOLIVAR S/N AMOTAPE S/N CALLE BOLIVAR S/N AMOTAPE AMOTAPE PAITA PIURA,,2047,,,PAITA,,1989,,,,,,PIURA,,2047,PUESTO DE SALUD AMOTAPE,,AMOTAPE,200502,,ACTIVO,,,ACTIVO,,,,,,,"PUESTO DE SALUD AMOTAPE, AMOTAPE, PAITA, PIURA, PERU","CALLE CALLE BOLIVAR S/N AMOTAPE S/N CALLE BOLIVAR S/N AMOTAPE AMOTAPE PAITA PIURA, AMOTAPE, PAITA, PIURA, PERU","AMOTAPE, PAITA, PIURA, PERU",,,,,,PENDING,,PRIMARY
,OTROS CASERIO EL TAMBO CASERIO EL TAMBO AMOTAPE PAITA PIURA,,2048,,,PAITA,,1990,,,,,,PIURA,,2048,PUESTO DE SALUD EL TAMBO,,AMOTAPE,200502,,ACTIVO,,,ACTIVO,,,,,,,"PUESTO DE SALUD EL TAMBO, AMOTAPE, PAITA, PIURA, PERU","OTROS CASERIO EL TAMBO CASERIO EL TAMBO AMOTAPE PAITA PIURA, AMOTAPE, PAITA, PIURA, PERU","AMOTAPE, PAITA, PIURA, PERU",,,,,,PENDING,,PRIMARY
,CALLE CALLE CONSTITUCION S/N TAMARINDO S/N CALLE CONSTITUCION S/N TAMARINDO TAMARINDO PAITA PIURA,,2049,,,PAITA,,1991,,,,,,PIURA,,2049,CENTRO DE SALUD TAMARINDO,,TAMARINDO,200506,,ACTIVO,,,ACTIVO,,,,,,,"CENTRO DE SALUD TAMARINDO, TAMARINDO, PAITA, PIURA, PERU","CALLE CALLE CONSTITUCION S/N TAMARINDO S/N CALLE CONSTITUCION S/N TAMARINDO TAMARINDO PAITA PIURA, TAMARINDO, PAITA, PIURA, PERU","TAMARINDO, PAITA, PIURA, PERU",,,,,,PENDING,,PRIMARY
,CALLE CALLE MIGUEL GRAU N° 525 CALLE MIGUEL GRAU N° 525 QUERECOTILLO SULLANA PIURA,,2050,,,SULLANA,,1992,,,,,,PIURA,,2050,CENTRO DE SALUD QUERECOTILLO,,QUERECOTILLO,200607,,ACTIVO,,,ACTIVO,,,,,,,"CENTRO DE SALUD QUERECOTILLO, QUERECOTILLO, SULLANA, PIURA, PERU","CALLE CALLE MIGUEL GRAU N° 525 CALLE MIGUEL GRAU N° 525 QUERECOTILLO SULLANA PIURA, QUERECOTILLO, SULLANA, PIURA, PERU","QUERECOTILLO, SULLANA, PIURA, PERU",,,,,,PENDING,,PRIMARY
,OTROS CASERIO SAN FRANCISCO CHOCAN CASERIO SAN FRANCISCO CHOCAN QUERECOTILLO SULLANA PIURA,,2052,,,SULLANA,,1993,,,,,,PIURA,,2052,PUESTO DE SALUD SAN FRANCISCO DE CHOCAN,,QUERECOTILLO,200607,,ACTIVO,,,ACTIVO,,,,,,,"PUESTO DE SALUD SAN FRANCISCO DE CHOCAN, QUERECOTILLO, SULLANA, PIURA, PERU","OTROS CASERIO SAN FRANCISCO CHOCAN CASERIO SAN FRANCISCO CHOCAN QUERECOTILLO SULLANA PIURA, QUERECOTILLO, SULLANA, PIURA, PERU","QUERECOTILLO, SULLANA, PIURA, PERU",,,,,,PENDING,,PRIMARY
,OTROS CASERIO LA PEÑA -LA HORCA CASERIO LA PEÑA -LA HORCA QUERECOTILLO SULLANA PIURA,,2053,,,SULLANA,,1994,,,,,,PIURA,,2053,PUESTO DE SALUD LA PEÑA - LA HORCA,,QUERECOTILLO,200607,,ACTIVO,,,ACTIVO,,,,,,,"PUESTO DE SALUD LA PEÑA - LA HORCA, QUERECOTILLO, SULLANA, PIURA, PERU","OTROS CASERIO LA PEÑA -LA HORCA CASERIO LA PEÑA -LA HORCA QUERECOTILLO SULLANA PIURA, QUERECOTILLO, SULLANA, PIURA, PERU","QUERECOTILLO, SULLANA, PIURA, PERU",,,,,,PENDING,,PRIMARY
,OTROS LA MARGARITA LA MARGARITA QUERECOTILLO SULLANA PIURA,,2054,,,SULLANA,,1995,,,,,,PIURA,,2054,PUESTO DE SALUD LA MARGARITA,,QUERECOTILLO,200607,,ACTIVO,,,ACTIVO,,,,,,,"PUESTO DE SALUD LA MARGARITA, QUERECOTILLO, SULLANA, PIURA, PERU","OTROS LA MARGARITA LA MARGARITA QUERECOTILLO SULLANA PIURA, QUERECOTILLO, SULLANA, PIURA, PERU","QUERECOTILLO, SULLANA, PIURA, PERU",,,,,,PENDING,,PRIMARY
,OTROS CASERIO SANTA VICTORIA CASERIO SANTA VICTORIA QUERECOTILLO SULLANA PIURA,,2055,,,SULLANA,,1996,,,,,,PIURA,,2055,PUESTO SALUD SANTA VICTORIA,,QUERECOTILLO,200607,,ACTIVO,,,ACTIVO,,,,,,,"PUESTO SALUD SANTA VICTORIA, QUERECOTILLO, SULLANA, PIURA, PERU","OTROS CASERIO SANTA VICTORIA CASERIO SANTA VICTORIA QUERECOTILLO SULLANA PIURA, QUERECOTILLO, SULLANA, PIURA, PERU","QUERECOTILLO, SULLANA, PIURA, PERU",,,,,,PENDING,,PRIMARY
,OTROS CASERIO PUENTE DE LOS SERRANOS CASERIO PUENTE DE LOS SERRANOS QUERECOTILLO SULLANA PIURA,,2056,,,SULLANA,,1997,,,,,,PIURA,,2056,PUESTO DE SALUD PUENTE DE LOS SERRANOS,,QUERECOTILLO,200607,,ACTIVO,,,ACTIVO,,,,,,,"PUESTO DE SALUD PUENTE DE LOS SERRANOS, QUERECOTILLO, SULLANA, PIURA, PERU","OTROS CASERIO PUENTE DE LOS SERRANOS CASERIO PUENTE DE LOS SERRANOS QUERECOTILLO SULLANA PIURA, QUERECOTILLO, SULLANA, PIURA, PERU","QUERECOTILLO, SULLANA, PIURA, PERU",,,,,,PENDING,,PRIMARY
,OTROS CASERIO STA. CRUZ CASERIO STA. CRUZ QUERECOTILLO SULLANA PIURA,,2057,,,SULLANA,,1998,,,,,,PIURA,,2057,PUESTO DE SALUD SANTA CRUZ,,QUERECOTILLO,200607,,ACTIVO,,,ACTIVO,,,,,,,"PUESTO DE SALUD SANTA CRUZ, QUERECOTILLO, SULLANA, PIURA, PERU","OTROS CASERIO STA. CRUZ CASERIO STA. CRUZ QUERECOTILLO SULLANA PIURA, QUERECOTILLO, SULLANA, PIURA, PERU","QUERECOTILLO, SULLANA, PIURA, PERU",,,,,,PENDING,,PRIMARY
,OTROS TRANSV. GALVEZ CON BOLOGNESI SALITRAL TRANSV. GALVEZ CON BOLOGNESI SALITRAL SALITRAL SULLANA PIURA,,2058,,,SULLANA,,1999,,,,,,PIURA,,2058,CENTRO DE SALUD SALITRAL,,SALITRAL,200608,,ACTIVO,,,ACTIVO,,,,,,,"CENTRO DE SALUD SALITRAL, SALITRAL, SULLANA, PIURA, PERU","OTROS TRANSV. GALVEZ CON BOLOGNESI SALITRAL TRANSV. GALVEZ CON BOLOGNESI SALITRAL SALITRAL SULLANA PIURA, SALITRAL, SULLANA, PIURA, PERU","SALITRAL, SULLANA, PIURA, PERU",,,,,,PENDING,,PRIMARY
,CALLE CALLE BOLIVAR S/N - MIRAFLORES S/N CALLE BOLIVAR S/N - MIRAFLORES SALITRAL SULLANA PIURA,,2059,,,SULLANA,,2000,,,,,,PIURA,,2059,PUESTO DE SALUD MIRAFLORES,,SALITRAL,200608,,ACTIVO,,,ACTIVO,,,,,,,"PUESTO DE SALUD MIRAFLORES, SALITRAL, SULLANA, PIURA, PERU","CALLE CALLE BOLIVAR S/N - MIRAFLORES S/N CALLE BOLIVAR S/N - MIRAFLORES SALITRAL SULLANA PIURA, SALITRAL, SULLANA, PIURA, PERU","SALITRAL, SULLANA, PIURA, PERU",,,,,,PENDING,,PRIMARY
,CALLE CALLE SAN LUCAS S/N LANCONES S/N CALLE SAN LUCAS S/N LANCONES LANCONES SULLANA PIURA,,2060,,,SULLANA,,2001,,,,,,PIURA,,2060,CENTRO DE SALUD LANCONES,,LANCONES,200604,,ACTIVO,,,ACTIVO,,,,,,,"CENTRO DE SALUD LANCONES, LANCONES, SULLANA, PIURA, PERU","CALLE CALLE SAN LUCAS S/N LANCONES S/N CALLE SAN LUCAS S/N LANCONES LANCONES SULLANA PIURA, LANCONES, SULLANA, PIURA, PERU","LANCONES, SULLANA, PIURA, PERU",,,,,,PENDING,,PRIMARY
,OTROS CASERIO ENCUENTRO DE PILARES CASERIO ENCUENTRO DE PILARES LANCONES SULLANA PIURA,,2061,,,SULLANA,,2002,,,,,,PIURA,,2061,PUESTO DE SALUD ENCUENTRO DE PILARES,,LANCONES,200604,,ACTIVO,,,ACTIVO,,,,,,,"PUESTO DE SALUD ENCUENTRO DE PILARES, LANCONES, SULLANA, PIURA, PERU","OTROS CASERIO ENCUENTRO DE PILARES CASERIO ENCUENTRO DE PILARES LANCONES SULLANA PIURA, LANCONES, SULLANA, PIURA, PERU","LANCONES, SULLANA, PIURA, PERU",,,,,,PENDING,,PRIMARY
,OTROS CASERIO JAHUAY NEGRO - LANCONES CASERIO JAHUAY NEGRO - LANCONES LANCONES SULLANA PIURA,,2062,,,SULLANA,,2003,,,,,,PIURA,,2062,PUESTO DE SALUD JAHUAY NEGRO,,LANCONES,200604,,ACTIVO,,,ACTIVO,,,,,,,"PUESTO DE SALUD JAHUAY NEGRO, LANCONES, SULLANA, PIURA, PERU","OTROS CASERIO JAHUAY NEGRO - LANCONES CASERIO JAHUAY NEGRO - LANCONES LANCONES SULLANA PIURA, LANCONES, SULLANA, PIURA, PERU","LANCONES, SULLANA, PIURA, PERU",,,,,,PENDING,,PRIMARY
,OTROS CASERIO HUASIMAL DE LA SOLANA CASERIO HUASIMAL DE LA SOLANA LANCONES SULLANA PIURA,,2063,,,SULLANA,,2004,,,,,,PIURA,,2063,PUESTO DE SALUD HUASIMAL DE LA SOLANA,,LANCONES,200604,,ACTIVO,,,ACTIVO,,,,,,,"PUESTO DE SALUD HUASIMAL DE LA SOLANA, LANCONES, SULLANA, PIURA, PERU","OTROS CASERIO HUASIMAL DE LA SOLANA CASERIO HUASIMAL DE LA SOLANA LANCONES SULLANA PIURA, LANCONES, SULLANA, PIURA, PERU","LANCONES, SULLANA, PIURA, PERU",,,,,,PENDING,,PRIMARY
,OTROS CASERIO PLAYAS DE ROMERO CASERIO PLAYAS DE ROMERO LANCONES SULLANA PIURA,,2064,,,SULLANA,,2005,,,,,,PIURA,,2064,PUESTO DE SALUD PLAYAS DE ROMERO,,LANCONES,200604,,ACTIVO,,,ACTIVO,,,,,,,"PUESTO DE SALUD PLAYAS DE ROMERO, LANCONES, SULLANA, PIURA, PERU","OTROS CASERIO PLAYAS DE ROMERO CASERIO PLAYAS DE ROMERO LANCONES SULLANA PIURA, LANCONES, SULLANA, PIURA, PERU","LANCONES, SULLANA, PIURA, PERU",,,,,,PENDING,,PRIMARY
,OTROS CASERIO EL ALAMOR - LANCONES CASERIO EL ALAMOR - LANCONES LANCONES SULLANA PIURA,,2065,,,SULLANA,,2006,,,,,,PIURA,,2065,PUESTO DE SALUD EL ALAMOR,,LANCONES,200604,,ACTIVO,,,ACTIVO,,,,,,,"PUESTO DE SALUD EL ALAMOR, LANCONES, SULLANA, PIURA, PERU","OTROS CASERIO EL ALAMOR - LANCONES CASERIO EL ALAMOR - LANCONES LANCONES SULLANA PIURA, LANCONES, SULLANA, PIURA, PERU","LANCONES, SULLANA, PIURA, PERU",,,,,,PENDING,,PRIMARY
,OTROS CASERIO QUEBRADA SECA CASERIO QUEBRADA SECA LANCONES SULLANA PIURA,,2066,,,SULLANA,,2007,,,,,,PIURA,,2066,PUESTO DE SALUD QUEBRADA SECA,,LANCONES,200604,,ACTIVO,,,ACTIVO,,,,,,,"PUESTO DE SALUD QUEBRADA SECA, LANCONES, SULLANA, PIURA, PERU","OTROS CASERIO QUEBRADA SECA CASERIO QUEBRADA SECA LANCONES SULLANA PIURA, LANCONES, SULLANA, PIURA, PERU","LANCONES, SULLANA, PIURA, PERU",,,,,,PENDING,,PRIMARY
,OTROS CASERIO EL PITAYO DISTRITO LANCONES PROVINCIA SULLANA DEPARTAMENTO PIURA,,2067,,,SULLANA,,2008,,,,,,PIURA,,2067,PUESTO DE SALUD EL PITAYO,,LANCONES,200604,,ACTIVO,,,ACTIVO,,,,,,,"PUESTO DE SALUD EL PITAYO, LANCONES, SULLANA, PIURA, PERU","OTROS CASERIO EL PITAYO DISTRITO LANCONES PROVINCIA SULLANA DEPARTAMENTO PIURA, LANCONES, SULLANA, PIURA, PERU","LANCONES, SULLANA, PIURA, PERU",,,,,,PENDING,,PRIMARY
,OTROS CASERIO CHILACO PELADOS CASERIO CHILACO PELADOS LANCONES SULLANA PIURA,,2068,,,SULLANA,,2009,,,,,,PIURA,,2068,PUESTO DE SALUD CHILACO PELADOS,,LANCONES,200604,,ACTIVO,,,ACTIVO,,,,,,,"PUESTO DE SALUD CHILACO PELADOS, LANCONES, SULLANA, PIURA, PERU","OTROS CASERIO CHILACO PELADOS CASERIO CHILACO PELADOS LANCONES SULLANA PIURA, LANCONES, SULLANA, PIURA, PERU","LANCONES, SULLANA, PIURA, PERU",,,,,,PENDING,,PRIMARY
,OTROS CASERIO PILARES CASERIO PILARES LANCONES SULLANA PIURA,,2069,,,SULLANA,,2010,,,,,,PIURA,,2069,PUESTO DE SALUD PILARES,,LANCONES,200604,,ACTIVO,,,ACTIVO,,,,,,,"PUESTO DE SALUD PILARES, LANCONES, SULLANA, PIURA, PERU","OTROS CASERIO PILARES CASERIO PILARES LANCONES SULLANA PIURA, LANCONES, SULLANA, PIURA, PERU","LANCONES, SULLANA, PIURA, PERU",,,,,,PENDING,,PRIMARY
,OTROS CASERIO CHORRERA DE PULGUERAS CASERIO CHORRERA DE PULGUERAS LANCONES SULLANA PIURA,,2070,,,SULLANA,,2011,,,,,,PIURA,,2070,PUESTO DE SALUD CHORRERA DE PULGUERAS,,LANCONES,200604,,ACTIVO,,,ACTIVO,,,,,,,"PUESTO DE SALUD CHORRERA DE PULGUERAS, LANCONES, SULLANA, PIURA, PERU","OTROS CASERIO CHORRERA DE PULGUERAS CASERIO CHORRERA DE PULGUERAS LANCONES SULLANA PIURA, LANCONES, SULLANA, PIURA, PERU","LANCONES, SULLANA, PIURA, PERU",,,,,,PENDING,,PRIMARY
,OTROS CASERÍO LA PEÑITA - LANCONES CASERÍO LA PEÑITA - LANCONES LANCONES SULLANA PIURA,,2071,,,SULLANA,,2012,,,,,,PIURA,,2071,PUESTO DE SALUD LA PEÑITA - LANCONES,,LANCONES,200604,,ACTIVO,,,ACTIVO,,,,,,,"PUESTO DE SALUD LA PEÑITA - LANCONES, LANCONES, SULLANA, PIURA, PERU","OTROS CASERÍO LA PEÑITA - LANCONES CASERÍO LA PEÑITA - LANCONES LANCONES SULLANA PIURA, LANCONES, SULLANA, PIURA, PERU","LANCONES, SULLANA, PIURA, PERU",,,,,,PENDING,,PRIMARY
,OTROS CASERIO CASAS QUEMADAS - LANCONES CASERIO CASAS QUEMADAS - LANCONES LANCONES SULLANA PIURA,,2072,,,SULLANA,,2013,,,,,,PIURA,,2072,PUESTO DE SALUD CASAS QUEMADAS,,LANCONES,200604,,ACTIVO,,,ACTIVO,,,,,,,"PUESTO DE SALUD CASAS QUEMADAS, LANCONES, SULLANA, PIURA, PERU","OTROS CASERIO CASAS QUEMADAS - LANCONES CASERIO CASAS QUEMADAS - LANCONES LANCONES SULLANA PIURA, LANCONES, SULLANA, PIURA, PERU","LANCONES, SULLANA, PIURA, PERU",,,,,,PENDING,,PRIMARY
,AVENIDA AV. SAN MARTIN 17 TALARA AV. SAN MARTIN 17 TALARA PARIÑAS TALARA PIURA,,2073,,,TALARA,,2014,,,,,,PIURA,,2073,CENTRO DE SALUD JOSE ABELARDO QUINONES,,PARIÑAS,200701,,ACTIVO,,,ACTIVO,,,,,,,"CENTRO DE SALUD JOSE ABELARDO QUINONES, PARIÑAS, TALARA, PIURA, PERU","AVENIDA AV. SAN MARTIN 17 TALARA AV. SAN MARTIN 17 TALARA PARIÑAS TALARA PIURA, PARIÑAS, TALARA, PIURA, PERU","PARIÑAS, TALARA, PIURA, PERU",,,,,,PENDING,,PRIMARY
,AVENIDA AVENIDA GRAU S/N EXPOLICLINICO PETROPERU S/N AVENIDA GRAU S/N EXPOLICLINICO PETROPERU PARIÑAS TALARA PIURA,,2074,,,TALARA,,2015,,,,,,PIURA,,2074,CENTRO DE SALUD TALARA II,,PARIÑAS,200701,,ACTIVO,,,ACTIVO,,,,,,,"CENTRO DE SALUD TALARA II, PARIÑAS, TALARA, PIURA, PERU","AVENIDA AVENIDA GRAU S/N EXPOLICLINICO PETROPERU S/N AVENIDA GRAU S/N EXPOLICLINICO PETROPERU PARIÑAS TALARA PIURA, PARIÑAS, TALARA, PIURA, PERU","PARIÑAS, TALARA, PIURA, PERU",,,,,,PENDING,,PRIMARY
,OTROS URB. SUD AMERICA D-14 TALARA URB. SUD AMERICA D-14 TALARA LA BREA TALARA PIURA,,2075,,,TALARA,,2016,,,,,,PIURA,,2075,CENTRO DE SALUD NEGRITOS,,LA BREA,200703,,ACTIVO,,,ACTIVO,,,,,,,"CENTRO DE SALUD NEGRITOS, LA BREA, TALARA, PIURA, PERU","OTROS URB. SUD AMERICA D-14 TALARA URB. SUD AMERICA D-14 TALARA LA BREA TALARA PIURA, LA BREA, TALARA, PIURA, PERU","LA BREA, TALARA, PIURA, PERU",,,,,,PENDING,,PRIMARY
,OTROS LAMBAYEQUE S/N NEGRITOS S/N LAMBAYEQUE S/N NEGRITOS LA BREA TALARA PIURA,,2076,,,TALARA,,2017,,,,,,PIURA,,2076,PUESTO DE SALUD SAN PABLO,,LA BREA,200703,,ACTIVO,,,ACTIVO,,,,,,,"PUESTO DE SALUD SAN PABLO, LA BREA, TALARA, PIURA, PERU","OTROS LAMBAYEQUE S/N NEGRITOS S/N LAMBAYEQUE S/N NEGRITOS LA BREA TALARA PIURA, LA BREA, TALARA, PIURA, PERU","LA BREA, TALARA, PIURA, PERU",,,,,,PENDING,,PRIMARY
,OTROS BARRIO PRIMAVERA A- 100 LOBITOS BARRIO PRIMAVERA A- 100 LOBITOS LOBITOS TALARA PIURA,,2077,,,TALARA,,2018,,,,,,PIURA,,2077,PUESTO DE SALUD LOBITOS,,LOBITOS,200704,,ACTIVO,,,ACTIVO,,,,,,,"PUESTO DE SALUD LOBITOS, LOBITOS, TALARA, PIURA, PERU","OTROS BARRIO PRIMAVERA A- 100 LOBITOS BARRIO PRIMAVERA A- 100 LOBITOS LOBITOS TALARA PIURA, LOBITOS, TALARA, PIURA, PERU","LOBITOS, TALARA, PIURA, PERU",,,,,,PENDING,,PRIMARY
,OTROS ALFONSO UGARTE S/N VICHAYAL S/N ALFONSO UGARTE S/N VICHAYAL VICHAYAL PAITA PIURA,,2078,,,PAITA,,2019,,,,,,PIURA,,2078,CENTRO DE SALUD VICHAYAL,,VICHAYAL,200507,,ACTIVO,,,ACTIVO,,,,,,,"CENTRO DE SALUD VICHAYAL, VICHAYAL, PAITA, PIURA, PERU","OTROS ALFONSO UGARTE S/N VICHAYAL S/N ALFONSO UGARTE S/N VICHAYAL VICHAYAL PAITA PIURA, VICHAYAL, PAITA, PIURA, PERU","VICHAYAL, PAITA, PIURA, PERU",,,,,,PENDING,,PRIMARY
,OTROS CASERIO MIRAMAR CASERIO MIRAMAR VICHAYAL PAITA PIURA,,2079,,,PAITA,,2020,,,,,,PIURA,,2079,PUESTO DE SALUD MIRAMAR,,VICHAYAL,200507,,ACTIVO,,,ACTIVO,,,,,,,"PUESTO DE SALUD MIRAMAR, VICHAYAL, PAITA, PIURA, PERU","OTROS CASERIO MIRAMAR CASERIO MIRAMAR VICHAYAL PAITA PIURA, VICHAYAL, PAITA, PIURA, PERU","VICHAYAL, PAITA, PIURA, PERU",,,,,,PENDING,,PRIMARY
,AVENIDA AV. PANAMERICANA NORTE S/N ORGANOS S/N AV. PANAMERICANA NORTE S/N ORGANOS LOS ORGANOS TALARA PIURA,,2080,,,TALARA,,2021,,,,,,PIURA,,2080,"CENTRO DE SALUD ""LOS ORGANOS""",,LOS ORGANOS,200705,,ACTIVO,,,ACTIVO,,,,,,,"CENTRO DE SALUD ""LOS ORGANOS"", LOS ORGANOS, TALARA, PIURA, PERU","AVENIDA AV. PANAMERICANA NORTE S/N ORGANOS S/N AV. PANAMERICANA NORTE S/N ORGANOS LOS ORGANOS TALARA PIURA, LOS ORGANOS, TALARA, PIURA, PERU","LOS ORGANOS, TALARA, PIURA, PERU",,,,,,PENDING,,PRIMARY
,OTROS SANCHEZ CERRO S-N EL ÑURO SANCHEZ CERRO S-N EL ÑURO LOS ORGANOS TALARA PIURA,,2081,,,TALARA,,2022,,,,,,PIURA,,2081,PUESTO DE SALUD EL ÑURO,,LOS ORGANOS,200705,,ACTIVO,,,ACTIVO,,,,,,,"PUESTO DE SALUD EL ÑURO, LOS ORGANOS, TALARA, PIURA, PERU","OTROS SANCHEZ CERRO S-N EL ÑURO SANCHEZ CERRO S-N EL ÑURO LOS ORGANOS TALARA PIURA, LOS ORGANOS, TALARA, PIURA, PERU","LOS ORGANOS, TALARA, PIURA, PERU",,,,,,PENDING,,PRIMARY
,OTROS BARRIO PLOMO S/N. EL ALTO S/N BARRIO PLOMO S/N. EL ALTO EL ALTO TALARA PIURA,,2082,,,TALARA,,2023,,,,,,PIURA,,2082,EL ALTO,,EL ALTO,200702,,ACTIVO,,,ACTIVO,,,,,,,"EL ALTO, EL ALTO, TALARA, PIURA, PERU","OTROS BARRIO PLOMO S/N. EL ALTO S/N BARRIO PLOMO S/N. EL ALTO EL ALTO TALARA PIURA, EL ALTO, TALARA, PIURA, PERU","EL ALTO, TALARA, PIURA, PERU",,,,,,PENDING,,PRIMARY
,OTROS CALETA CABO BLANCO- EL ALTO DISTRITO EL ALTO PROVINCIA TALARA DEPARTAMENTO PIURA,,2083,,,TALARA,,2024,,,,,,PIURA,,2083,PUESTO DE SALUD CABO BLANCO,,EL ALTO,200702,,ACTIVO,,,ACTIVO,,,,,,,"PUESTO DE SALUD CABO BLANCO, EL ALTO, TALARA, PIURA, PERU","OTROS CALETA CABO BLANCO- EL ALTO DISTRITO EL ALTO PROVINCIA TALARA DEPARTAMENTO PIURA, EL ALTO, TALARA, PIURA, PERU","EL ALTO, TALARA, PIURA, PERU",,,,,,PENDING,,PRIMARY
,AVENIDA AVENIDA GRAU N° 645 AVENIDA GRAU N° 645 MANCORA TALARA PIURA,,6627,,,TALARA,,6467,,,,,,PIURA,,6627,CENTRO DE SALUD MANCORA,,MANCORA,200706,,ACTIVO,,,ACTIVO,,,,,,,"CENTRO DE SALUD MANCORA, MANCORA, TALARA, PIURA, PERU","AVENIDA AVENIDA GRAU N° 645 AVENIDA GRAU N° 645 MANCORA TALARA PIURA, MANCORA, TALARA, PIURA, PERU","MANCORA, TALARA, PIURA, PERU",,,,,,PENDING,,PRIMARY
,OTROS CASERIO ENCUENTRO DE ROMEROS CASERIO ENCUENTRO DE ROMEROS LANCONES SULLANA PIURA,,6709,,,SULLANA,,6526,,,,,,PIURA,,6709,PUESTO DE SALUD ENCUENTRO DE ROMEROS,,LANCONES,200604,,ACTIVO,,,ACTIVO,,,,,,,"PUESTO DE SALUD ENCUENTRO DE ROMEROS, LANCONES, SULLANA, PIURA, PERU","OTROS CASERIO ENCUENTRO DE ROMEROS CASERIO ENCUENTRO DE ROMEROS LANCONES SULLANA PIURA, LANCONES, SULLANA, PIURA, PERU","LANCONES, SULLANA, PIURA, PERU",,,,,,PENDING,,PRIMARY
,OTROS CASERIO JAMBUR PAIMAS CASERIO JAMBUR PAIMAS PAIMAS AYABACA PIURA,,6790,,,AYABACA,,6595,,,,,,PIURA,,6790,PUESTO DE SALUD JAMBUR,,PAIMAS,200207,,ACTIVO,,,ACTIVO,,,,,,,"PUESTO DE SALUD JAMBUR, PAIMAS, AYABACA, PIURA, PERU","OTROS CASERIO JAMBUR PAIMAS CASERIO JAMBUR PAIMAS PAIMAS AYABACA PIURA, PAIMAS, AYABACA, PIURA, PERU","PAIMAS, AYABACA, PIURA, PERU",,,,,,PENDING,,PRIMARY
,OTROS CASERIO CHALACALA ALTA - BELLAVISTA CASERIO CHALACALA ALTA - BELLAVISTA SULLANA SULLANA PIURA,,6935,,,SULLANA,,6725,,,,,,PIURA,,6935,PUESTO DE SALUD CHALACALA ALTA,,SULLANA,200601,,ACTIVO,,,ACTIVO,,,,,,,"PUESTO DE SALUD CHALACALA ALTA, SULLANA, SULLANA, PIURA, PERU","OTROS CASERIO CHALACALA ALTA - BELLAVISTA CASERIO CHALACALA ALTA - BELLAVISTA SULLANA SULLANA PIURA, SULLANA, SULLANA, PIURA, PERU","SULLANA, SULLANA, PIURA, PERU",,,,,,PENDING,,PRIMARY
,OTROS CASERIO VENADOS - LANCONES CASERIO VENADOS - LANCONES LANCONES SULLANA PIURA,,7104,,,SULLANA,,6889,,,,,,PIURA,,7104,PUESTO DE SALUD VENADOS,,LANCONES,200604,,ACTIVO,,,ACTIVO,,,,,,,"PUESTO DE SALUD VENADOS, LANCONES, SULLANA, PIURA, PERU","OTROS CASERIO VENADOS - LANCONES CASERIO VENADOS - LANCONES LANCONES SULLANA PIURA, LANCONES, SULLANA, PIURA, PERU","LANCONES, SULLANA, PIURA, PERU",,,,,,PENDING,,PRIMARY
,OTROS CASERIO CP5 CASERIO CP5 LAS LOMAS PIURA PIURA,,7173,,,PIURA,,6954,,,,,,PIURA,,7173,PUESTO DE SALUD CP-5,,LAS LOMAS,200111,,ACTIVO,,,ACTIVO,,,,,,,"PUESTO DE SALUD CP-5, LAS LOMAS, PIURA, PIURA, PERU","OTROS CASERIO CP5 CASERIO CP5 LAS LOMAS PIURA PIURA, LAS LOMAS, PIURA, PIURA, PERU","LAS LOMAS, PIURA, PIURA, PERU",,,,,,PENDING,,PRIMARY
,OTROS CENTRO POBLADO GIGANTE CENTRO POBLADO GIGANTE AYABACA AYABACA PIURA,,7320,,,AYABACA,,7095,,,,,,PIURA,,7320,PUESTO DE SALUD GIGANTE,,AYABACA,200201,,ACTIVO,,,ACTIVO,,,,,,,"PUESTO DE SALUD GIGANTE, AYABACA, AYABACA, PIURA, PERU","OTROS CENTRO POBLADO GIGANTE CENTRO POBLADO GIGANTE AYABACA AYABACA PIURA, AYABACA, AYABACA, PIURA, PERU","AYABACA, AYABACA, PIURA, PERU",,,,,,PENDING,,PRIMARY
,AVENIDA AV. FELIPE SANTIAGO SALAVERRY TALARA AV. FELIPE SANTIAGO SALAVERRY TALARA PARIÑAS TALARA PIURA,,7718,,,TALARA,,7211,,,,,,PIURA,,7718,PUESTO DE SALUD FELIPE SANTIAGO SALAVERRY,,PARIÑAS,200701,,ACTIVO,,,ACTIVO,,,,,,,"PUESTO DE SALUD FELIPE SANTIAGO SALAVERRY, PARIÑAS, TALARA, PIURA, PERU","AVENIDA AV. FELIPE SANTIAGO SALAVERRY TALARA AV. FELIPE SANTIAGO SALAVERRY TALARA PARIÑAS TALARA PIURA, PARIÑAS, TALARA, PIURA, PERU","PARIÑAS, TALARA, PIURA, PERU",,,,,,PENDING,,PRIMARY
,OTROS CASERIO BLAS -LANCONES CASERIO BLAS -LANCONES LANCONES SULLANA PIURA,,7721,,,SULLANA,,7214,,,,,,PIURA,,7721,PUESTO DE SALUD BLAS,,LANCONES,200604,,ACTIVO,,,ACTIVO,,,,,,,"PUESTO DE SALUD BLAS, LANCONES, SULLANA, PIURA, PERU","OTROS CASERIO BLAS -LANCONES CASERIO BLAS -LANCONES LANCONES SULLANA PIURA, LANCONES, SULLANA, PIURA, PERU","LANCONES, SULLANA, PIURA, PERU",,,,,,PENDING,,PRIMARY
,CALLE CALLE RODRIGUEZ N° 284 CALLE RODRIGUEZ N° 284 QUERECOTILLO SULLANA PIURA,,10418,,,SULLANA,,10381,,,,,,PIURA,,10418,CENTRO DE INVESTIGACIÓN Y CAPACITACION EN ENTOMOLOGIA - CICE.,,QUERECOTILLO,200607,,ACTIVO,,,ACTIVO,,,,,,,"CENTRO DE INVESTIGACIÓN Y CAPACITACION EN ENTOMOLOGIA - CICE., QUERECOTILLO, SULLANA, PIURA, PERU","CALLE CALLE RODRIGUEZ N° 284 CALLE RODRIGUEZ N° 284 QUERECOTILLO SULLANA PIURA, QUERECOTILLO, SULLANA, PIURA, PERU","QUERECOTILLO, SULLANA, PIURA, PERU",,,,,,PENDING,,PRIMARY
,OTROS TRANSVERSAL TUMBES S/N S/N TRANSVERSAL TUMBES S/N SULLANA SULLANA PIURA,,10422,,,SULLANA,,10393,,,,,,PIURA,,10422,LABORATORIO REFERENCIAL DE SALUD LUCIANO CASTILLO COLONNA,,SULLANA,200601,,ACTIVO,,,ACTIVO,,,,,,,"LABORATORIO REFERENCIAL DE SALUD LUCIANO CASTILLO COLONNA, SULLANA, SULLANA, PIURA, PERU","OTROS TRANSVERSAL TUMBES S/N S/N TRANSVERSAL TUMBES S/N SULLANA SULLANA PIURA, SULLANA, SULLANA, PIURA, PERU","SULLANA, SULLANA, PIURA, PERU",,,,,,PENDING,,PRIMARY
,OTROS CASERIO PICHONES BAJO-LAS LOMAS CASERIO PICHONES BAJO-LAS LOMAS LAS LOMAS PIURA PIURA,,10421,,,PIURA,,10398,,,,,,PIURA,,10421,PUESTO DE SALUD PICHONES BAJO,,LAS LOMAS,200111,,ACTIVO,,,ACTIVO,,,,,,,"PUESTO DE SALUD PICHONES BAJO, LAS LOMAS, PIURA, PIURA, PERU","OTROS CASERIO PICHONES BAJO-LAS LOMAS CASERIO PICHONES BAJO-LAS LOMAS LAS LOMAS PIURA PIURA, LAS LOMAS, PIURA, PIURA, PERU","LAS LOMAS, PIURA, PIURA, PERU",,,,,,PENDING,,PRIMARY
,OTROS COMUNIDAD CAMPESIAN DE JORAS COMUNIDAD CAMPESIAN DE JORAS AYABACA AYABACA PIURA,,10726,,,AYABACA,,10711,,,,,,PIURA,,10726,PUESTO DE SALUD JORAS,,AYABACA,200201,,ACTIVO,,,ACTIVO,,,,,,,"PUESTO DE SALUD JORAS, AYABACA, AYABACA, PIURA, PERU","OTROS COMUNIDAD CAMPESIAN DE JORAS COMUNIDAD CAMPESIAN DE JORAS AYABACA AYABACA PIURA, AYABACA, AYABACA, PIURA, PERU","AYABACA, AYABACA, PIURA, PERU",,,,,,PENDING,,PRIMARY
,OTROS COMUNIDAD CAMPESINA SOCCHABAMBA COMUNIDAD CAMPESINA SOCCHABAMBA AYABACA AYABACA PIURA,,10727,,,AYABACA,,10718,,,,,,PIURA,,10727,PUESTO DE SALUD SOCCHABAMBA,,AYABACA,200201,,ACTIVO,,,ACTIVO,,,,,,,"PUESTO DE SALUD SOCCHABAMBA, AYABACA, AYABACA, PIURA, PERU","OTROS COMUNIDAD CAMPESINA SOCCHABAMBA COMUNIDAD CAMPESINA SOCCHABAMBA AYABACA AYABACA PIURA, AYABACA, AYABACA, PIURA, PERU","AYABACA, AYABACA, PIURA, PERU",,,,,,PENDING,,PRIMARY
,OTROS CASERIO SAUSAL DEL QUIROZ - AYABACA CASERIO SAUSAL DEL QUIROZ - AYABACA AYABACA AYABACA PIURA,,18426,,,AYABACA,,18079,,,,,,PIURA,,18426,PUESTO DE SALUD SAUSAL DEL QUIROZ,,AYABACA,200201,,ACTIVO,,,ACTIVO,,,,,,,"PUESTO DE SALUD SAUSAL DEL QUIROZ, AYABACA, AYABACA, PIURA, PERU","OTROS CASERIO SAUSAL DEL QUIROZ - AYABACA CASERIO SAUSAL DEL QUIROZ - AYABACA AYABACA AYABACA PIURA, AYABACA, AYABACA, PIURA, PERU","AYABACA, AYABACA, PIURA, PERU",,,,,,PENDING,,PRIMARY
,OTROS CASERIO HUALCUY - AYABACA CASERIO HUALCUY - AYABACA AYABACA AYABACA PIURA,,19125,,,AYABACA,,18716,,,,,,PIURA,,19125,PUESTO DE SALUD HUALCUY,,AYABACA,200201,,ACTIVO,,,ACTIVO,,,,,,,"PUESTO DE SALUD HUALCUY, AYABACA, AYABACA, PIURA, PERU","OTROS CASERIO HUALCUY - AYABACA CASERIO HUALCUY - AYABACA AYABACA AYABACA PIURA, AYABACA, AYABACA, PIURA, PERU","AYABACA, AYABACA, PIURA, PERU",,,,,,PENDING,,PRIMARY
,OTROS CASERIO ANIA - AYABACA CASERIO ANIA - AYABACA AYABACA AYABACA PIURA,,19836,,,AYABACA,,19445,,,,,,PIURA,,19836,PUESTO SALUD ANIA,,AYABACA,200201,,ACTIVO,,,ACTIVO,,,,,,,"PUESTO SALUD ANIA, AYABACA, AYABACA, PIURA, PERU","OTROS CASERIO ANIA - AYABACA CASERIO ANIA - AYABACA AYABACA AYABACA PIURA, AYABACA, AYABACA, PIURA, PERU","AYABACA, AYABACA, PIURA, PERU",,,,,,PENDING,,PRIMARY
,OTROS CASERIO RODEOPAMPA - AYABACA CASERIO RODEOPAMPA - AYABACA AYABACA AYABACA PIURA,,19837,,,AYABACA,,19448,,,,,,PIURA,,19837,PUESTO DE SALUD RODEOPAMPA,,AYABACA,200201,,ACTIVO,,,ACTIVO,,,,,,,"PUESTO DE SALUD RODEOPAMPA, AYABACA, AYABACA, PIURA, PERU","OTROS CASERIO RODEOPAMPA - AYABACA CASERIO RODEOPAMPA - AYABACA AYABACA AYABACA PIURA, AYABACA, AYABACA, PIURA, PERU","AYABACA, AYABACA, PIURA, PERU",,,,,,PENDING,,PRIMARY
,OTROS CASERIO HUILCO - AYABACA CASERIO HUILCO - AYABACA AYABACA AYABACA PIURA,,19844,,,AYABACA,,19450,,,,,,PIURA,,19844,PUESTO DE SALUD HUILCO,,AYABACA,200201,,ACTIVO,,,ACTIVO,,,,,,,"PUESTO DE SALUD HUILCO, AYABACA, AYABACA, PIURA, PERU","OTROS CASERIO HUILCO - AYABACA CASERIO HUILCO - AYABACA AYABACA AYABACA PIURA, AYABACA, AYABACA, PIURA, PERU","AYABACA, AYABACA, PIURA, PERU",,,,,,PENDING,,PRIMARY
,CARRETERA PANAMERICANA NORTE PIURA A SULLANA 21 CARRETERA PIURA A SULLANA SULLANA SULLANA PIURA,,24065,,,SULLANA,,22701,,,,,,PIURA,,24065,PUESTO DE SALUD CIENEGUILLO SUR ALTO,,SULLANA,200601,,ACTIVO,,,ACTIVO,,,,,,,"PUESTO DE SALUD CIENEGUILLO SUR ALTO, SULLANA, SULLANA, PIURA, PERU","CARRETERA PANAMERICANA NORTE PIURA A SULLANA 21 CARRETERA PIURA A SULLANA SULLANA SULLANA PIURA, SULLANA, SULLANA, PIURA, PERU","SULLANA, SULLANA, PIURA, PERU",,,,,,PENDING,,PRIMARY
,OTROS ASENTAMIENTO HUMANO JUAN VALER SANDOVAL S/N CH 01 ASENTAMIENTO HUMANO JUAN VALER SANDOVAL DE PAITA PAITA PAITA PIURA,,24958,,,PAITA,,23544,,,,,,PIURA,,24958,"CENTRO DE SALUD ""JUAN VALER SANDOVAL""",,PAITA,200501,,ACTIVO,,,ACTIVO,,,,,,,"CENTRO DE SALUD ""JUAN VALER SANDOVAL"", PAITA, PAITA, PIURA, PERU","OTROS ASENTAMIENTO HUMANO JUAN VALER SANDOVAL S/N CH 01 ASENTAMIENTO HUMANO JUAN VALER SANDOVAL DE PAITA PAITA PAITA PIURA, PAITA, PAITA, PIURA, PERU","PAITA, PAITA, PIURA, PERU",,,,,,PENDING,,PRIMARY
,CALLE SECTOR A E 12 NUEVA ESPERANZA CERCA AL CENTRO DE SALUD DE NUEVO SULLANA SULLANA SULLANA PIURA,,24988,,,SULLANA,,23749,,,,,,PIURA,,24988,"CENTRO DE SALUD MENTAL COMUNITARIO ""JESÚS REDENTOR""",,SULLANA,200601,,ACTIVO,,,ACTIVO,,,,,,,"CENTRO DE SALUD MENTAL COMUNITARIO ""JESÚS REDENTOR"", SULLANA, SULLANA, PIURA, PERU","CALLE SECTOR A E 12 NUEVA ESPERANZA CERCA AL CENTRO DE SALUD DE NUEVO SULLANA SULLANA SULLANA PIURA, SULLANA, SULLANA, PIURA, PERU","SULLANA, SULLANA, PIURA, PERU",,,,,,PENDING,,PRIMARY
,CALLE SECTOR A E 12 BELLAVISTA SULLANA PIURA,,25214,,,SULLANA,,23752,,,,,,PIURA,,25214,"CENTRO DE SALUD MENTAL COMUNITARIO ""MADRE DEL PERPETUO SOCORRO""",,BELLAVISTA,200602,,ACTIVO,,,ACTIVO,,,,,,,"CENTRO DE SALUD MENTAL COMUNITARIO ""MADRE DEL PERPETUO SOCORRO"", BELLAVISTA, SULLANA, PIURA, PERU","CALLE SECTOR A E 12 BELLAVISTA SULLANA PIURA, BELLAVISTA, SULLANA, PIURA, PERU","BELLAVISTA, SULLANA, PIURA, PERU",,,,,,PENDING,,PRIMARY
,CAMINO AFIRMADO ASENTAMIENTO HUMANO ALAN GARCIA MZ. 29 29 1 EX HOSPITAL LAS MERCEDES DE PAITA PAITA PAITA PIURA,,25892,,,PAITA,,24365,,,,,,PIURA,,25892,CENTRO DE SALUD MENTAL COMUNITARIO SAN ALFONSO,,PAITA,200501,,ACTIVO,,,ACTIVO,,,,,,,"CENTRO DE SALUD MENTAL COMUNITARIO SAN ALFONSO, PAITA, PAITA, PIURA, PERU","CAMINO AFIRMADO ASENTAMIENTO HUMANO ALAN GARCIA MZ. 29 29 1 EX HOSPITAL LAS MERCEDES DE PAITA PAITA PAITA PIURA, PAITA, PAITA, PIURA, PERU","PAITA, PAITA, PIURA, PERU",,,,,,PENDING,,PRIMARY
,JIRÓN SALITRAL SN 1 AL COSTADO DEL COLISEO TAMBO GRANDE PIURA PIURA,,27663,,,PIURA,,26189,,,,,,PIURA,,27663,"CENTRO DE SALUD MENTAL COMUNITARIO ""SAN GERARDO""",,TAMBO GRANDE,200114,,ACTIVO,,,ACTIVO,,,,,,,"CENTRO DE SALUD MENTAL COMUNITARIO ""SAN GERARDO"", TAMBO GRANDE, PIURA, PIURA, PERU","JIRÓN SALITRAL SN 1 AL COSTADO DEL COLISEO TAMBO GRANDE PIURA PIURA, TAMBO GRANDE, PIURA, PIURA, PERU","TAMBO GRANDE, PIURA, PIURA, PERU",,,,,,PENDING,,PRIMARY
,AVENIDA A 514 1 1 TALARA ALTA ANTES DE LLEGAR AL PEAJE DE TALARA PARIÑAS TALARA PIURA,,28678,,,TALARA,,27202,,,,,,PIURA,,28678,"CENTRO DE SALUD MENTAL COMUNITARIO ""SAN CLEMENTE""",,PARIÑAS,200701,,ACTIVO,,,ACTIVO,,,,,,,"CENTRO DE SALUD MENTAL COMUNITARIO ""SAN CLEMENTE"", PARIÑAS, TALARA, PIURA, PERU","AVENIDA A 514 1 1 TALARA ALTA ANTES DE LLEGAR AL PEAJE DE TALARA PARIÑAS TALARA PIURA, PARIÑAS, TALARA, PIURA, PERU","PARIÑAS, TALARA, PIURA, PERU",,,,,,PENDING,,PRIMARY
,"OTROS COMUNIDAD CAMPESINA DE CHOCAN, SECTOR TABLAS - AYABACA S/N CARRETERA ENTRE HUACHUMA Y TABLAS AYABACA AYABACA PIURA",,28663,,,AYABACA,,27207,,,,,,PIURA,,28663,PUESTO DE SALUD TABLAS,,AYABACA,200201,,ACTIVO,,,ACTIVO,,,,,,,"PUESTO DE SALUD TABLAS, AYABACA, AYABACA, PIURA, PERU","OTROS COMUNIDAD CAMPESINA DE CHOCAN, SECTOR TABLAS - AYABACA S/N CARRETERA ENTRE HUACHUMA Y TABLAS AYABACA AYABACA PIURA, AYABACA, AYABACA, PIURA, PERU","AYABACA, AYABACA, PIURA, PERU",,,,,,PENDING,,PRIMARY
,OTROS ASENTAMIENTO HUMANO CIUDAD ROJA S2 08 ASENTAMIENTO HUMANO CIUDAD ROJA PAITA PAITA PIURA,,28853,,,PAITA,,27509,,,,,,PIURA,,28853,HOGAR PROTEGIDO,,PAITA,200501,,ACTIVO,,,ACTIVO,,,,,,,"HOGAR PROTEGIDO, PAITA, PAITA, PIURA, PERU","OTROS ASENTAMIENTO HUMANO CIUDAD ROJA S2 08 ASENTAMIENTO HUMANO CIUDAD ROJA PAITA PAITA PIURA, PAITA, PAITA, PIURA, PERU","PAITA, PAITA, PIURA, PERU",,,,,,PENDING,,PRIMARY
,AVENIDA FERNANDO BELAUNDE TERRY P 3 CARRETERA AYABACA PAIMAS AYABACA PIURA,,31459,,,AYABACA,,29832,,,,,,PIURA,,31459,"CENTRO DE SALUD MENTAL COMUNITARIO ""EL BUEN SAMARITANO""",,PAIMAS,200207,,ACTIVO,,,ACTIVO,,,,,,,"CENTRO DE SALUD MENTAL COMUNITARIO ""EL BUEN SAMARITANO"", PAIMAS, AYABACA, PIURA, PERU","AVENIDA FERNANDO BELAUNDE TERRY P 3 CARRETERA AYABACA PAIMAS AYABACA PIURA, PAIMAS, AYABACA, PIURA, PERU","PAIMAS, AYABACA, PIURA, PERU",,,,,,PENDING,,PRIMARY
,CALLE RODRIGUEZ 31 1 CERCA AL CENTRO DE SALUD QUERECOTILLO SULLANA PIURA,,31452,,,SULLANA,,29833,,,,,,PIURA,,31452,"CENTRO DE SALUD MENTAL COMUNITARIO ""SEÑOR DE CHOCAN""",,QUERECOTILLO,200607,,ACTIVO,,,ACTIVO,,,,,,,"CENTRO DE SALUD MENTAL COMUNITARIO ""SEÑOR DE CHOCAN"", QUERECOTILLO, SULLANA, PIURA, PERU","CALLE RODRIGUEZ 31 1 CERCA AL CENTRO DE SALUD QUERECOTILLO SULLANA PIURA, QUERECOTILLO, SULLANA, PIURA, PERU","QUERECOTILLO, SULLANA, PIURA, PERU",,,,,,PENDING,,PRIMARY
,CAMINO AFIRMADO NUEVA ESPERANZA LL 22 URBANIZACION POPULAR NUEVA ESPERANZA SULLANA SULLANA PIURA,,31453,,,SULLANA,,29834,,,,,,PIURA,,31453,HOGAR PROTEGIDO DE SULLANA,,SULLANA,200601,,ACTIVO,,,ACTIVO,,,,,,,"HOGAR PROTEGIDO DE SULLANA, SULLANA, SULLANA, PIURA, PERU","CAMINO AFIRMADO NUEVA ESPERANZA LL 22 URBANIZACION POPULAR NUEVA ESPERANZA SULLANA SULLANA PIURA, SULLANA, SULLANA, PIURA, PERU","SULLANA, SULLANA, PIURA, PERU",,,,,,PENDING,,PRIMARY
,OTROS CASERIO EL CONVENTO - MALINGAS ALTO TAMBO GRANDE PIURA PIURA,,33302,,,PIURA,,31748,,,,,,PIURA,,33302,PUESTO DE SALUD EL CONVENTO,,TAMBO GRANDE,200114,,ACTIVO,,,ACTIVO,,,,,,,"PUESTO DE SALUD EL CONVENTO, TAMBO GRANDE, PIURA, PIURA, PERU","OTROS CASERIO EL CONVENTO - MALINGAS ALTO TAMBO GRANDE PIURA PIURA, TAMBO GRANDE, PIURA, PIURA, PERU","TAMBO GRANDE, PIURA, PIURA, PERU",,,,,,PENDING,,PRIMARY
,"OTROS COMUNIDAD CAMPESINA ""VIRGEN DEL ROSARIO"" PILLO - SECTOR CANALES SAPILLICA AYABACA PIURA",,33304,,,AYABACA,,31749,,,,,,PIURA,,33304,PUESTO DE SALUD CANALES,,SAPILLICA,200208,,ACTIVO,,,ACTIVO,,,,,,,"PUESTO DE SALUD CANALES, SAPILLICA, AYABACA, PIURA, PERU","OTROS COMUNIDAD CAMPESINA ""VIRGEN DEL ROSARIO"" PILLO - SECTOR CANALES SAPILLICA AYABACA PIURA, SAPILLICA, AYABACA, PIURA, PERU","SAPILLICA, AYABACA, PIURA, PERU",,,,,,PENDING,,PRIMARY
,OTROS CASERIO ARRENDAMIENTOS LAGUNAS AYABACA PIURA,,33303,,,AYABACA,,31750,,,,,,PIURA,,33303,PUESTO DE SALUD ARRENDAMIENTOS,,LAGUNAS,200204,,ACTIVO,,,ACTIVO,,,,,,,"PUESTO DE SALUD ARRENDAMIENTOS, LAGUNAS, AYABACA, PIURA, PERU","OTROS CASERIO ARRENDAMIENTOS LAGUNAS AYABACA PIURA, LAGUNAS, AYABACA, PIURA, PERU","LAGUNAS, AYABACA, PIURA, PERU",,,,,,PENDING,,PRIMARY
,AVENIDA CACERES 109 FRENTE A LA COMISARIA AYABACA AYABACA PIURA,,35130,,,AYABACA,,33193,,,,,,PIURA,,35130,"CENTRO DE SALUD MENTAL COMUNITARIO ""SEÑOR CAUTIVO DE AYABACA""",,AYABACA,200201,,ACTIVO,,,ACTIVO,,,,,,,"CENTRO DE SALUD MENTAL COMUNITARIO ""SEÑOR CAUTIVO DE AYABACA"", AYABACA, AYABACA, PIURA, PERU","AVENIDA CACERES 109 FRENTE A LA COMISARIA AYABACA AYABACA PIURA, AYABACA, AYABACA, PIURA, PERU","AYABACA, AYABACA, PIURA, PERU",,,,,,PENDING,,PRIMARY
