timestamp,url,territorial,where_count,literal_count,payload_file,response_file
20260516_171023_932117,https://wabi-paas-1-scus-api.analysis.windows.net/public/reports/querydata?synchronous=true,False,1,0,analytics/lcc_export_pipeline\payloads\query_20260516_171023_932117.json,analytics/lcc_export_pipeline\responses\response_20260516_171023_932117.json
20260516_171023_936130,https://wabi-paas-1-scus-api.analysis.windows.net/public/reports/querydata?synchronous=true,True,1,1,analytics/lcc_export_pipeline\payloads\query_20260516_171023_936130.json,analytics/lcc_export_pipeline\responses\response_20260516_171023_936130.json
20260516_171023_938190,https://wabi-paas-1-scus-api.analysis.windows.net/public/reports/querydata?synchronous=true,True,1,1,analytics/lcc_export_pipeline\payloads\query_20260516_171023_938190.json,analytics/lcc_export_pipeline\responses\response_20260516_171023_938190.json
20260516_171023_939188,https://wabi-paas-1-scus-api.analysis.windows.net/public/reports/querydata?synchronous=true,False,1,0,analytics/lcc_export_pipeline\payloads\query_20260516_171023_939188.json,analytics/lcc_export_pipeline\responses\response_20260516_171023_939188.json
20260516_171023_941189,https://wabi-paas-1-scus-api.analysis.windows.net/public/reports/querydata?synchronous=true,True,1,1,analytics/lcc_export_pipeline\payloads\query_20260516_171023_941189.json,analytics/lcc_export_pipeline\responses\response_20260516_171023_941189.json
20260516_171023_943191,https://wabi-paas-1-scus-api.analysis.windows.net/public/reports/querydata?synchronous=true,False,1,0,analytics/lcc_export_pipeline\payloads\query_20260516_171023_943191.json,analytics/lcc_export_pipeline\responses\response_20260516_171023_943191.json
20260516_171023_948594,https://wabi-paas-1-scus-api.analysis.windows.net/public/reports/querydata?synchronous=true,False,1,0,analytics/lcc_export_pipeline\payloads\query_20260516_171023_948594.json,analytics/lcc_export_pipeline\responses\response_20260516_171023_948594.json
20260516_171023_951595,https://wabi-paas-1-scus-api.analysis.windows.net/public/reports/querydata?synchronous=true,True,1,1,analytics/lcc_export_pipeline\payloads\query_20260516_171023_951595.json,analytics/lcc_export_pipeline\responses\response_20260516_171023_951595.json
20260516_171032_716814,https://wabi-paas-1-scus-api.analysis.windows.net/public/reports/querydata?synchronous=true,True,1,2,analytics/lcc_export_pipeline\payloads\query_20260516_171032_716814.json,analytics/lcc_export_pipeline\responses\response_20260516_171032_716814.json
20260516_171034_756694,https://wabi-paas-1-scus-api.analysis.windows.net/public/reports/querydata?synchronous=true,True,1,6,analytics/lcc_export_pipeline\payloads\query_20260516_171034_756694.json,analytics/lcc_export_pipeline\responses\response_20260516_171034_756694.json
20260516_171047_151304,https://wabi-paas-1-scus-api.analysis.windows.net/public/reports/querydata?synchronous=true,True,1,1,analytics/lcc_export_pipeline\payloads\query_20260516_171047_151304.json,analytics/lcc_export_pipeline\responses\response_20260516_171047_151304.json
20260516_171047_151304,https://wabi-paas-1-scus-api.analysis.windows.net/public/reports/querydata?synchronous=true,True,1,1,analytics/lcc_export_pipeline\payloads\query_20260516_171047_151304.json,analytics/lcc_export_pipeline\responses\response_20260516_171047_151304.json
20260516_171047_151304,https://wabi-paas-1-scus-api.analysis.windows.net/public/reports/querydata?synchronous=true,True,1,1,analytics/lcc_export_pipeline\payloads\query_20260516_171047_151304.json,analytics/lcc_export_pipeline\responses\response_20260516_171047_151304.json
20260516_171047_158173,https://wabi-paas-1-scus-api.analysis.windows.net/public/reports/querydata?synchronous=true,True,1,1,analytics/lcc_export_pipeline\payloads\query_20260516_171047_158173.json,analytics/lcc_export_pipeline\responses\response_20260516_171047_158173.json
20260516_171047_158173,https://wabi-paas-1-scus-api.analysis.windows.net/public/reports/querydata?synchronous=true,True,1,1,analytics/lcc_export_pipeline\payloads\query_20260516_171047_158173.json,analytics/lcc_export_pipeline\responses\response_20260516_171047_158173.json
20260516_171049_252184,https://wabi-paas-1-scus-api.analysis.windows.net/public/reports/querydata?synchronous=true,True,1,1,analytics/lcc_export_pipeline\payloads\query_20260516_171049_252184.json,analytics/lcc_export_pipeline\responses\response_20260516_171049_252184.json
20260516_171059_269746,https://wabi-paas-1-scus-api.analysis.windows.net/public/reports/querydata?synchronous=true,True,1,1,analytics/lcc_export_pipeline\payloads\query_20260516_171059_269746.json,analytics/lcc_export_pipeline\responses\response_20260516_171059_269746.json
20260516_171134_934622,https://wabi-paas-1-scus-api.analysis.windows.net/public/reports/querydata?synchronous=true,True,1,1,analytics/lcc_export_pipeline\payloads\query_20260516_171134_934622.json,analytics/lcc_export_pipeline\responses\response_20260516_171134_934622.json
20260516_171134_988050,https://wabi-paas-1-scus-api.analysis.windows.net/public/reports/querydata?synchronous=true,True,2,1,analytics/lcc_export_pipeline\payloads\query_20260516_171134_988050.json,analytics/lcc_export_pipeline\responses\response_20260516_171134_988050.json
20260516_171134_992050,https://wabi-paas-1-scus-api.analysis.windows.net/public/reports/querydata?synchronous=true,True,1,1,analytics/lcc_export_pipeline\payloads\query_20260516_171134_992050.json,analytics/lcc_export_pipeline\responses\response_20260516_171134_992050.json
20260516_171135_093427,https://wabi-paas-1-scus-api.analysis.windows.net/public/reports/querydata?synchronous=true,True,2,1,analytics/lcc_export_pipeline\payloads\query_20260516_171135_093427.json,analytics/lcc_export_pipeline\responses\response_20260516_171135_093427.json
20260516_171135_155250,https://wabi-paas-1-scus-api.analysis.windows.net/public/reports/querydata?synchronous=true,True,1,1,analytics/lcc_export_pipeline\payloads\query_20260516_171135_155250.json,analytics/lcc_export_pipeline\responses\response_20260516_171135_155250.json
20260516_171135_216154,https://wabi-paas-1-scus-api.analysis.windows.net/public/reports/querydata?synchronous=true,True,1,1,analytics/lcc_export_pipeline\payloads\query_20260516_171135_216154.json,analytics/lcc_export_pipeline\responses\response_20260516_171135_216154.json
20260516_171205_051911,https://wabi-paas-1-scus-api.analysis.windows.net/public/reports/querydata?synchronous=true,True,2,1,analytics/lcc_export_pipeline\payloads\query_20260516_171205_051911.json,analytics/lcc_export_pipeline\responses\response_20260516_171205_051911.json
20260516_171205_055911,https://wabi-paas-1-scus-api.analysis.windows.net/public/reports/querydata?synchronous=true,True,1,1,analytics/lcc_export_pipeline\payloads\query_20260516_171205_055911.json,analytics/lcc_export_pipeline\responses\response_20260516_171205_055911.json
20260516_171205_064519,https://wabi-paas-1-scus-api.analysis.windows.net/public/reports/querydata?synchronous=true,True,2,1,analytics/lcc_export_pipeline\payloads\query_20260516_171205_064519.json,analytics/lcc_export_pipeline\responses\response_20260516_171205_064519.json
20260516_171205_070858,https://wabi-paas-1-scus-api.analysis.windows.net/public/reports/querydata?synchronous=true,True,1,1,analytics/lcc_export_pipeline\payloads\query_20260516_171205_070858.json,analytics/lcc_export_pipeline\responses\response_20260516_171205_070858.json
20260516_171205_099833,https://wabi-paas-1-scus-api.analysis.windows.net/public/reports/querydata?synchronous=true,True,1,1,analytics/lcc_export_pipeline\payloads\query_20260516_171205_099833.json,analytics/lcc_export_pipeline\responses\response_20260516_171205_099833.json
20260516_171205_102833,https://wabi-paas-1-scus-api.analysis.windows.net/public/reports/querydata?synchronous=true,True,1,1,analytics/lcc_export_pipeline\payloads\query_20260516_171205_102833.json,analytics/lcc_export_pipeline\responses\response_20260516_171205_102833.json
20260516_171320_095159,https://wabi-paas-1-scus-api.analysis.windows.net/public/reports/querydata?synchronous=true,True,2,1,analytics/lcc_export_pipeline\payloads\query_20260516_171320_095159.json,analytics/lcc_export_pipeline\responses\response_20260516_171320_095159.json
20260516_171320_113864,https://wabi-paas-1-scus-api.analysis.windows.net/public/reports/querydata?synchronous=true,True,1,1,analytics/lcc_export_pipeline\payloads\query_20260516_171320_113864.json,analytics/lcc_export_pipeline\responses\response_20260516_171320_113864.json
20260516_171320_118865,https://wabi-paas-1-scus-api.analysis.windows.net/public/reports/querydata?synchronous=true,True,1,1,analytics/lcc_export_pipeline\payloads\query_20260516_171320_118865.json,analytics/lcc_export_pipeline\responses\response_20260516_171320_118865.json
20260516_171320_395972,https://wabi-paas-1-scus-api.analysis.windows.net/public/reports/querydata?synchronous=true,True,2,1,analytics/lcc_export_pipeline\payloads\query_20260516_171320_395972.json,analytics/lcc_export_pipeline\responses\response_20260516_171320_395972.json
20260516_171320_395972,https://wabi-paas-1-scus-api.analysis.windows.net/public/reports/querydata?synchronous=true,True,1,1,analytics/lcc_export_pipeline\payloads\query_20260516_171320_395972.json,analytics/lcc_export_pipeline\responses\response_20260516_171320_395972.json
20260516_171320_410807,https://wabi-paas-1-scus-api.analysis.windows.net/public/reports/querydata?synchronous=true,True,1,1,analytics/lcc_export_pipeline\payloads\query_20260516_171320_410807.json,analytics/lcc_export_pipeline\responses\response_20260516_171320_410807.json
20260516_171536_434272,https://wabi-paas-1-scus-api.analysis.windows.net/public/reports/querydata?synchronous=true,True,2,1,analytics/lcc_export_pipeline\payloads\query_20260516_171536_434272.json,analytics/lcc_export_pipeline\responses\response_20260516_171536_434272.json
20260516_171536_443687,https://wabi-paas-1-scus-api.analysis.windows.net/public/reports/querydata?synchronous=true,True,2,1,analytics/lcc_export_pipeline\payloads\query_20260516_171536_443687.json,analytics/lcc_export_pipeline\responses\response_20260516_171536_443687.json
20260516_171536_453172,https://wabi-paas-1-scus-api.analysis.windows.net/public/reports/querydata?synchronous=true,True,1,1,analytics/lcc_export_pipeline\payloads\query_20260516_171536_453172.json,analytics/lcc_export_pipeline\responses\response_20260516_171536_453172.json
20260516_171536_460272,https://wabi-paas-1-scus-api.analysis.windows.net/public/reports/querydata?synchronous=true,True,1,1,analytics/lcc_export_pipeline\payloads\query_20260516_171536_460272.json,analytics/lcc_export_pipeline\responses\response_20260516_171536_460272.json
20260516_171536_628748,https://wabi-paas-1-scus-api.analysis.windows.net/public/reports/querydata?synchronous=true,True,1,1,analytics/lcc_export_pipeline\payloads\query_20260516_171536_628748.json,analytics/lcc_export_pipeline\responses\response_20260516_171536_628748.json
20260516_171536_701451,https://wabi-paas-1-scus-api.analysis.windows.net/public/reports/querydata?synchronous=true,True,1,1,analytics/lcc_export_pipeline\payloads\query_20260516_171536_701451.json,analytics/lcc_export_pipeline\responses\response_20260516_171536_701451.json
20260516_171637_522322,https://wabi-paas-1-scus-api.analysis.windows.net/public/reports/querydata?synchronous=true,True,1,2,analytics/lcc_export_pipeline\payloads\query_20260516_171637_522322.json,analytics/lcc_export_pipeline\responses\response_20260516_171637_522322.json
