route_id,vehicle_id,vehicle_name,capacity_kg,stop_sequence,node_id,nombre,demand_kg,arrival_time,service_time_min,route_distance_km,route_load_kg,utilization_pct
1,V1_FUSO_CANTER,FUSO Canter 6T,6000.0,0,DEPOT_DSRSLCC,DEPOSITO DSRSLCC,0,08:00,0,103.45,4400,73.3
1,V1_FUSO_CANTER,FUSO Canter 6T,6000.0,1,2020,PUESTO DE SALUD JIBITO,200,08:03,15,,,
1,V1_FUSO_CANTER,FUSO Canter 6T,6000.0,2,2019,CENTRO DE SALUD MIGUEL CHECA,500,08:27,30,,,
1,V1_FUSO_CANTER,FUSO Canter 6T,6000.0,3,2028,CENTRO DE SALUD VIVIATE,500,09:12,30,,,
1,V1_FUSO_CANTER,FUSO Canter 6T,6000.0,4,2027,CENTRO DE SALUD LA HUACA,500,09:47,30,,,
1,V1_FUSO_CANTER,FUSO Canter 6T,6000.0,5,2024,PUESTO DE SALUD SAN LUCAS DE COLAN,200,10:35,15,,,
1,V1_FUSO_CANTER,FUSO Canter 6T,6000.0,6,2026,"CENTRO DE SALUD ""PUEBLO NUEVO DE COLAN""",500,11:05,30,,,
1,V1_FUSO_CANTER,FUSO Canter 6T,6000.0,7,2025,CENTRO DE SALUD EL ARENAL,500,11:45,30,,,
1,V1_FUSO_CANTER,FUSO Canter 6T,6000.0,8,2047,PUESTO DE SALUD AMOTAPE,200,12:21,15,,,
1,V1_FUSO_CANTER,FUSO Canter 6T,6000.0,9,2048,PUESTO DE SALUD EL TAMBO,200,12:36,15,,,
1,V1_FUSO_CANTER,FUSO Canter 6T,6000.0,10,2049,CENTRO DE SALUD TAMARINDO,500,12:56,30,,,
1,V1_FUSO_CANTER,FUSO Canter 6T,6000.0,11,2044,PUESTO DE SALUD MONTE LIMA,200,13:31,15,,,
1,V1_FUSO_CANTER,FUSO Canter 6T,6000.0,12,2037,PUESTO DE SALUD TANGARARA,200,14:01,15,,,
1,V1_FUSO_CANTER,FUSO Canter 6T,6000.0,13,2045,PUESTO DE SALUD SANTA SOFIA,200,14:16,15,,,
2,V1_FUSO_CANTER,FUSO Canter 6T,6000.0,0,DEPOT_DSRSLCC,DEPOSITO DSRSLCC,0,08:00,0,195.64,3900,65.0
2,V1_FUSO_CANTER,FUSO Canter 6T,6000.0,1,1987,PUESTO DE SALUD SINCHI ROCA,200,08:41,15,,,
2,V1_FUSO_CANTER,FUSO Canter 6T,6000.0,2,1986,PUESTO DE SALUD CHICA ALTA,200,08:56,15,,,
2,V1_FUSO_CANTER,FUSO Canter 6T,6000.0,3,1934,PUESTO DE SALUD CHIPILLICO,200,09:55,15,,,
2,V1_FUSO_CANTER,FUSO Canter 6T,6000.0,4,1944,PUESTO SALUD LA MENTA,200,10:17,15,,,
2,V1_FUSO_CANTER,FUSO Canter 6T,6000.0,5,1936,PUESTO DE SALUD PAMPA ELERA BAJA,200,10:42,15,,,
2,V1_FUSO_CANTER,FUSO Canter 6T,6000.0,6,1932,CENTRO DE SALUD LAS LOMAS,500,11:16,30,,,
2,V1_FUSO_CANTER,FUSO Canter 6T,6000.0,7,1943,CENTRO DE SALUD EL PARTIDOR,500,11:54,30,,,
2,V1_FUSO_CANTER,FUSO Canter 6T,6000.0,8,1978,CENTRO DE SALUD SAN ISIDRO,500,12:35,30,,,
2,V1_FUSO_CANTER,FUSO Canter 6T,6000.0,9,2060,CENTRO DE SALUD LANCONES,500,13:47,30,,,
2,V1_FUSO_CANTER,FUSO Canter 6T,6000.0,10,2052,PUESTO DE SALUD SAN FRANCISCO DE CHOCAN,200,14:33,15,,,
2,V1_FUSO_CANTER,FUSO Canter 6T,6000.0,11,2065,PUESTO DE SALUD EL ALAMOR,200,14:48,15,,,
2,V1_FUSO_CANTER,FUSO Canter 6T,6000.0,12,2050,CENTRO DE SALUD QUERECOTILLO,500,15:09,30,,,
3,V1_FUSO_CANTER,FUSO Canter 6T,6000.0,0,DEPOT_DSRSLCC,DEPOSITO DSRSLCC,0,08:00,0,224.49,3200,53.3
3,V1_FUSO_CANTER,FUSO Canter 6T,6000.0,1,2043,PUESTO DE SALUD SAN JUAN DE LA VIRGEN,200,08:16,15,,,
3,V1_FUSO_CANTER,FUSO Canter 6T,6000.0,2,2042,CENTRO DE SALUD IGNACIO ESCUDERO,500,08:35,30,,,
3,V1_FUSO_CANTER,FUSO Canter 6T,6000.0,3,2046,PUESTO DE SALUD SAN MIGUEL,200,09:08,15,,,
3,V1_FUSO_CANTER,FUSO Canter 6T,6000.0,4,2078,CENTRO DE SALUD VICHAYAL,500,09:47,30,,,
3,V1_FUSO_CANTER,FUSO Canter 6T,6000.0,5,2079,PUESTO DE SALUD MIRAMAR,200,10:22,15,,,
3,V1_FUSO_CANTER,FUSO Canter 6T,6000.0,6,2075,CENTRO DE SALUD NEGRITOS,500,11:14,30,,,
3,V1_FUSO_CANTER,FUSO Canter 6T,6000.0,7,2076,PUESTO DE SALUD SAN PABLO,200,11:48,15,,,
3,V1_FUSO_CANTER,FUSO Canter 6T,6000.0,8,2023,PUESTO DE SALUD YACILA,200,13:08,15,,,
3,V1_FUSO_CANTER,FUSO Canter 6T,6000.0,9,2022,PUESTO DE SALUD LA ISLILLA,200,13:47,15,,,
3,V1_FUSO_CANTER,FUSO Canter 6T,6000.0,10,2029,PUESTO DE SALUD NOMARA,200,14:59,15,,,
3,V1_FUSO_CANTER,FUSO Canter 6T,6000.0,11,2030,MACACARA,300,15:17,20,,,
4,V1_FUSO_CANTER,FUSO Canter 6T,6000.0,0,DEPOT_DSRSLCC,DEPOSITO DSRSLCC,0,08:00,0,56.63,4300,71.7
4,V1_FUSO_CANTER,FUSO Canter 6T,6000.0,1,2058,CENTRO DE SALUD SALITRAL,500,08:10,30,,,
4,V1_FUSO_CANTER,FUSO Canter 6T,6000.0,2,2032,CENTRO DE SALUD MARCAVELICA,500,08:44,30,,,
4,V1_FUSO_CANTER,FUSO Canter 6T,6000.0,3,2033,PUESTO DE SALUD MALLARITOS,200,09:16,15,,,
4,V1_FUSO_CANTER,FUSO Canter 6T,6000.0,4,2035,PUESTO DE SALUD MALLARES,200,09:41,15,,,
4,V1_FUSO_CANTER,FUSO Canter 6T,6000.0,5,2038,PUESTO DE SALUD SAMAN,200,09:56,15,,,
4,V1_FUSO_CANTER,FUSO Canter 6T,6000.0,6,2040,PUESTO DE SALUD LA NORIA,200,10:18,15,,,
4,V1_FUSO_CANTER,FUSO Canter 6T,6000.0,7,2001,CENTRO DE SALUD BELLAVISTA,500,10:49,30,,,
4,V1_FUSO_CANTER,FUSO Canter 6T,6000.0,8,2011,CENTRO DE SALUD SANTA TERESITA,500,11:25,30,,,
4,V1_FUSO_CANTER,FUSO Canter 6T,6000.0,9,2018,CENTRO DE SALUD COMUNIDAD SALUDABLE,500,11:59,30,,,
4,V1_FUSO_CANTER,FUSO Canter 6T,6000.0,10,2012,"CENTRO DE SALUD ""VILLA PRIMAVERA""",500,12:33,30,,,
4,V1_FUSO_CANTER,FUSO Canter 6T,6000.0,11,2017,CENTRO DE SALUD NUEVO SULLANA,500,13:07,30,,,
5,V3_NLR_35T,NLR 3.5 TON,3500.0,0,DEPOT_DSRSLCC,DEPOSITO DSRSLCC,0,08:00,0,295.85,1800,51.4
5,V3_NLR_35T,NLR 3.5 TON,3500.0,1,1965,CENTRO DE SALUD LAGUNAS,500,09:58,30,,,
5,V3_NLR_35T,NLR 3.5 TON,3500.0,2,1920,PUESTO DE SALUD ESPINDOLA,200,11:20,15,,,
5,V3_NLR_35T,NLR 3.5 TON,3500.0,3,19844,PUESTO DE SALUD HUILCO,200,11:49,15,,,
5,V3_NLR_35T,NLR 3.5 TON,3500.0,4,1926,PUESTO DE SALUD EL TOLDO,200,12:04,15,,,
5,V3_NLR_35T,NLR 3.5 TON,3500.0,5,1974,CENTRO DE SALUD SICCHEZ,500,12:55,30,,,
5,V3_NLR_35T,NLR 3.5 TON,3500.0,6,1939,PUESTO DE SALUD SAN FRANCISCO DE PAMPA ELERA,200,14:08,15,,,
6,V3_NLR_35T,NLR 3.5 TON,3500.0,0,DEPOT_DSRSLCC,DEPOSITO DSRSLCC,0,08:00,0,246.58,2800,80.0
6,V3_NLR_35T,NLR 3.5 TON,3500.0,1,2016,CANAL MOCHO-CIENEGUILLO SUR,300,08:18,20,,,
6,V3_NLR_35T,NLR 3.5 TON,3500.0,2,1977,CENTRO DE SALUD TAMBOGRANDE,500,09:25,30,,,
6,V3_NLR_35T,NLR 3.5 TON,3500.0,3,1988,PUESTO DE SALUD LAS MONICAS,200,10:04,15,,,
6,V3_NLR_35T,NLR 3.5 TON,3500.0,4,1955,CENTRO DE SALUD SAPILLICA,500,11:04,30,,,
6,V3_NLR_35T,NLR 3.5 TON,3500.0,5,1962,CENTRO DE SALUD JILILI,500,12:09,30,,,
6,V3_NLR_35T,NLR 3.5 TON,3500.0,6,1970,CENTRO DE SALUD MONTERO,500,12:58,30,,,
6,V3_NLR_35T,NLR 3.5 TON,3500.0,7,1996,CP3 - SAN MARTIN,300,14:43,20,,,
7,V3_NLR_35T,NLR 3.5 TON,3500.0,0,DEPOT_DSRSLCC,DEPOSITO DSRSLCC,0,08:00,0,252.15,2800,80.0
7,V3_NLR_35T,NLR 3.5 TON,3500.0,1,6627,CENTRO DE SALUD MANCORA,500,09:54,30,,,
7,V3_NLR_35T,NLR 3.5 TON,3500.0,2,2080,"CENTRO DE SALUD ""LOS ORGANOS""",500,10:40,30,,,
7,V3_NLR_35T,NLR 3.5 TON,3500.0,3,2081,PUESTO DE SALUD EL ÑURO,200,11:17,15,,,
7,V3_NLR_35T,NLR 3.5 TON,3500.0,4,2083,PUESTO DE SALUD CABO BLANCO,200,11:41,15,,,
7,V3_NLR_35T,NLR 3.5 TON,3500.0,5,2077,PUESTO DE SALUD LOBITOS,200,12:38,15,,,
7,V3_NLR_35T,NLR 3.5 TON,3500.0,6,2074,CENTRO DE SALUD TALARA II,500,13:09,30,,,
7,V3_NLR_35T,NLR 3.5 TON,3500.0,7,2073,CENTRO DE SALUD JOSE ABELARDO QUINONES,500,13:45,30,,,
7,V3_NLR_35T,NLR 3.5 TON,3500.0,8,7718,PUESTO DE SALUD FELIPE SANTIAGO SALAVERRY,200,14:28,15,,,
8,V3_NLR_35T,NLR 3.5 TON,3500.0,0,DEPOT_DSRSLCC,DEPOSITO DSRSLCC,0,08:00,0,263.86,2500,71.4
8,V3_NLR_35T,NLR 3.5 TON,3500.0,1,2056,PUESTO DE SALUD PUENTE DE LOS SERRANOS,200,08:22,15,,,
8,V3_NLR_35T,NLR 3.5 TON,3500.0,2,1953,PUESTO DE SALUD SANTA ANA DE QUIROZ,200,09:55,15,,,
8,V3_NLR_35T,NLR 3.5 TON,3500.0,3,1945,CENTRO DE SALUD SUYO,500,10:19,30,,,
8,V3_NLR_35T,NLR 3.5 TON,3500.0,4,10726,PUESTO DE SALUD JORAS,200,11:32,15,,,
8,V3_NLR_35T,NLR 3.5 TON,3500.0,5,1923,PUESTO DE SALUD HUIRIQUINGUE,200,11:47,15,,,
8,V3_NLR_35T,NLR 3.5 TON,3500.0,6,1916,PUESTO DE SALUD CHOCAN,200,12:02,15,,,
8,V3_NLR_35T,NLR 3.5 TON,3500.0,7,1911,CENTRO DE SALUD AYABACA,500,12:36,30,,,
8,V3_NLR_35T,NLR 3.5 TON,3500.0,8,1959,CENTRO DE SALUD PAIMAS,500,13:37,30,,,
9,V4_TOYOTA_HILUX,Toyota Hilux,1000.0,0,DEPOT_DSRSLCC,DEPOSITO DSRSLCC,0,08:00,0,323.11,1000,100.0
9,V4_TOYOTA_HILUX,Toyota Hilux,1000.0,1,1921,PUESTO DE SALUD REMOLINOS,200,10:41,15,,,
9,V4_TOYOTA_HILUX,Toyota Hilux,1000.0,2,19125,PUESTO DE SALUD HUALCUY,200,11:31,15,,,
9,V4_TOYOTA_HILUX,Toyota Hilux,1000.0,3,19837,PUESTO DE SALUD RODEOPAMPA,200,11:58,15,,,
9,V4_TOYOTA_HILUX,Toyota Hilux,1000.0,4,10727,PUESTO DE SALUD SOCCHABAMBA,200,12:32,15,,,
9,V4_TOYOTA_HILUX,Toyota Hilux,1000.0,5,1942,PUESTO DE SALUD GARABATOS,200,13:44,15,,,
