codigo,medicamento,consumo_total_items,consumo_secundario_items
22291,OXIGENO MEDICINAL (GAS LIQUIDO) m3 99.5% GAS,41519210,
04523,LOSARTAN POTASICO  50 mg TABLETA,6849902,3710647
03513,ACIDO FOLICO + FERROSO SULFATO (Equiv. de Hierro elemental)  400 µg + 60 mg Fe TABLETA,5331956,3783938
08054,PRESERVATIVOS SIN NONOXINOL   UNIDAD,5948813,2769070
04696,METFORMINA CLORHIDRATO  850 mg TABLETA,4903930,2387674
05335,PARACETAMOL  500 mg TABLETA,3971699,3140832
20635,CARBONATO DE CALCIO  1.25 g (Equiv. a 500 mg de Calcio) TABLETA,3082674,1314214
04982,NAPROXENO  500 mg TABLETA,1984282,1498356
04034,IBUPROFENO  400 mg TABLETA,1744548,1474211
00808,AMOXICILINA  500 mg TABLETA,1301495,1839967
00903,ATORVASTATINA (COMO SAL CALCICA)  20 mg TABLETA,2058942,945622
00091,ACIDO ACETILSALICILICO  100 mg TABLETA,2084310,869872
03758,GLIBENCLAMIDA  5 mg TABLETA,1811926,1066205
23112,GUANTE PARA EXAMEN DESCARTABLE TALLA M   UNIDAD,1980407,844176
00200,ACIDO FOLICO  500 µg (0.5 mg) TABLETA,1410072,973875
05876,SODIO CLORURO 2 mL 900 mg/100 mL (0.9 %) INYECTABLE,2200261,3417
35040,OMEPRAZOL (TABLETA DE LIBERACION MODIFICADA)  20 mg TABLETA,1602461,593758
23127,MASCARILLA DESCARTABLE QUIRURGICA 3 PLIEGUES   UNIDAD,1495456,620051
02149,CLORFENAMINA MALEATO  4 mg TABLETA,1014729,1084661
36271,"JERINGA DESCARTABLE 1 mL CON AGUJA 25 G X 1"" RETRACTIL   UNIDAD",1664476,293988
01532,CARBAMAZEPINA  200 mg TABLETA,1249399,491622
03552,FERROSO SULFATO  300 mg (Equiv. 60 mg Fe) TABLETA,919744,771509
11370,"JERINGA DESCARTABLE 5 mL CON AGUJA 21 G X 1 1/2""   UNIDAD",963554,439597
05694,RISPERIDONA  2 mg TABLETA,1359668,2
01636,CEFALEXINA  500 mg TABLETA,897529,457195
25009,GUANTE PARA EXAMEN DESCARTABLE TALLA L   UNIDAD,985305,358347
20575,OTRAS COMBINACIONES DE MULTIVITAMINAS 1 g  POLVO,933730,362946
34010,GORRO QUIRURGICO DESCARTABLE CON ELASTICO   UNIDAD,211918,1069393
01846,CIPROFLOXACINO (COMO CLORHIDRATO)  500 mg TABLETA,661787,595900
04805,METRONIDAZOL  500 mg TABLETA,713675,433145
03078,ENALAPRIL MALEATO  10 mg TABLETA,616828,522190
00904,ATORVASTATINA (COMO SAL CALCICA)  40 mg TABLETA,859965,268235
03735,GEMFIBROZILO  600 mg TABLETA,732707,308934
03718,GABAPENTINA  300 mg TABLETA,1021860,17105
01522,CAPTOPRIL  25 mg TABLETA,431115,585815
16657,"JERINGA DESCARTABLE 3 mL CON AGUJA 21 G X 1 1/2""   UNIDAD",626310,389763
03080,ENALAPRIL MALEATO  20 mg TABLETA,497893,514190
02788,DICLOFENACO SODICO 3 mL 25 mg/mL INYECTABLE,538628,343133
05807,SERTRALINA  50 mg TABLETA,859656,
02836,DICLOXACILINA (COMO SAL SODICA)  500 mg TABLETA,434922,422381
41694,"LANCETA DESCARTABLE RETRACTIL 23 G GRADUABLE X 1.3 mm, 1.8 mm , 2.3 mm   UNIDAD",433369,400136
11368,"JERINGA DESCARTABLE 10 mL CON AGUJA 21G X 1 1/2""   UNIDAD",556998,206742
05661,RANITIDINA (COMO CLORHIDRATO)  300 mg TABLETA,467260,270093
00673,AMLODIPINO (COMO BESILATO)  5 mg TABLETA,497760,238152
25008,GUANTE PARA EXAMEN DESCARTABLE TALLA S   UNIDAD,455191,236043
03215,ESCOPOLAMINA N-BUTILBROMURO  10 mg TABLETA,423181,243030
33481,MICROCUBETA DESCARTABLE PARA HEMOGLOBINOMETRO HEMOCONTROL   UNIDAD,316113,337910
00750,AMOXICILINA + ACIDO CLAVULANICO (COMO SAL POTASICA)  500 mg + 125 mg TABLETA,545566,96826
01964,CLINDAMICINA (COMO CLORHIDRATO)  300 mg TABLETA,385739,187378
10326,BAJALENGUA DE MADERA PEDIATRICO   UNIDAD,335295,235541
31385,LAMINA PORTA OBJETO 25 mm X 75 mm   UNIDAD,483875,85675
11374,"JERINGA DESCARTABLE 1 mL CON AGUJA 25 G X 1"" - - UNIDAD",420373,141086
20036,SALES DE REHIDRATACION ORAL 20.5 g/L  POLVO,340811,177454
20424,LAMINILLA CUBRE OBJETO 22 mm X 22 mm   UNIDAD,469387,40427
23875,VACUNA CONTRA LA INFLUENZA ESTACIONARIA - ADULTO 1 DOSIS (0.5 mL)  INYECTABLE,343733,164550
03515,SULFAMETOXAZOL + TRIMETOPRIMA  800 mg + 160 mg TABLETA,195030,301215
03624,FLUOXETINA (COMO CLORHIDRATO)  20 mg TABLETA,491363,
24760,ORFENADRINA CITRATO(TABLETA LIBERACION MODIFICADA)  100 mg TABLETA,334346,152355
03519,FERROSO SULFATO 180 mL 75 mg (equiv. 15 mg Fe)/5 mL JARABE,266625,209211
10325,BAJALENGUA DE MADERA ADULTO   UNIDAD,331072,140123
02891,DIMENHIDRINATO  50 mg TABLETA,258158,195136
02003,CLONAZEPAM  500 µg (0.5 mg) TABLETA,446676,477
01243,BIPERIDENO CLORHIDRATO  2 mg TABLETA,441815,0
40803,VALPROATO SODICO (TABLETA DE LIBERACION MODIFICADA)  500 mg TABLETA,422801,290
02642,DEXAMETASONA FOSFATO (COMO SAL SODICA) 2 mL 4 mg/2 mL INYECTABLE,260518,154496
03191,ERITROMICINA  500 mg TABLETA,116967,285370
00627,AMIKACINA (COMO SULFATO) 2 mL 250 mg/mL INYECTABLE,259823,142228
41842,DOLUTEGRAVIR + LAMIVUDINA + TENOFOVIR  50 mg + 300 mg + 300 mg TABLETA,398543,0
03018,DOXICICLINA  100 mg TABLETA,199308,193916
04514,LORATADINA  10 mg TABLETA,252412,138934
18158,CEFTRIAXONA SODICA (COMO SAL SODICA) CON DILUYENTE  1 g INYECTABLE,282030,74630
24189,TIRA REACTIVA PARA ORINA DE 11 PARAMETROS - - UNIDAD,219622,134805
31340,TUBO PARA EXTRACCION DE SANGRE CON SISTEMA DE VACIO DE POLIPROPILENO DE 3 mL CON EDTA DIPOTASICO   UNIDAD,323584,29717
03920,HIDROCLOROTIAZIDA  12.5 mg TABLETA,231836,115370
10437,TUBO CAPILAR PARA HEMATOCRITO SIN HEPARINA   UNIDAD,320102,23433
11369,"JERINGA DESCARTABLE 20 mL CON AGUJA 21 G X 1 1/2""   UNIDAD",264361,65714
04168,ISONIAZIDA  100 mg TABLETA,261212,65945
06127,TIAMINA CLORHIDRATO  100 mg TABLETA,317868,6170
03234,ESTRADIOL CIPIONATO + MEDROXIPROGESTERONA ACETATO 0.5 mL 5 mg + 25 mg/0.5 mL INYECTABLE,162740,160416
00947,AZITROMICINA  500 mg TABLETA,190512,125709
02004,CLONAZEPAM  2 mg TABLETA,315375,430
05103,NITROFURANTOINA  100 mg TABLETA,156753,155364
00671,AMLODIPINO (COMO BESILATO)  10 mg TABLETA,187812,122554
37326,GORRO DE CIRUGIA TIPO GUSANO PARA ENFERMERA   UNIDAD,216987,85961
03536,FERROSO SULFATO 30 mL 25 mg de Fe/mL SOLUCION,175435,121955
31100,PRUEBA RAPIDA PARA VIH 1-2 y SIFILIS 1 DET  KIT,200058,97166
04594,MEDROXIPROGESTERONA ACETATO 1 mL 150 mg/mL INYECTABLE,160974,134553
05873,SODIO CLORURO 1 L 900 mg/100 mL (0.9 %) INYECTABLE,245218,47462
10436,TUBO CAPILAR PARA HEMATOCRITO CON HEPARINA - - UNIDAD,269800,22054
00269,ALBENDAZOL  200 mg TABLETA,90717,197755
31858,"JERINGA DESCARTABLE 1 mL CON AGUJA 25 G X 5/8"" RETRACTIL   UNIDAD",225734,58660
05309,PARACETAMOL 60 mL 120 mg/5 mL JARABE,157013,125389
02657,DEXAMETASONA  4 mg TABLETA,85300,194131
38082,LAMINA PORTA OBJETO BISELADA 25 mm X 75 mm   UNIDAD,243705,24985
02354,CLOTRIMAZOL  500 mg OVULO,129330,129989
16656,"JERINGA DESCARTABLE 1 mL CON AGUJA 25 G X 5/8""   UNIDAD",169766,89164
16571,GUANTE QUIRURGICO ESTERIL DESCARTABLE Nº 7 1/2   PAR,191834,66099
10148,"AGUJA HIPODERMICA DESCARTABLE N° 20 G X 1""   UNIDAD",208525,43380
18102,ETINILESTRADIOL + LEVONORGESTREL (BLISTER) 21 tab + 7 tab SIN EFEC 30 µg + 150 µg TABLETA,122717,121788
04677,METAMIZOL SODICO 2 mL 1 g INYECTABLE,193521,50036
39992,PRUEBA RAPIDA PARA HEPATITIS B 1 DET  KIT,155683,82718
10151,"AGUJA HIPODERMICA DESCARTABLE N° 21 G X 1 1/2""   UNIDAD",143963,93603
04024,IBUPROFENO 60 mL 100 mg/5 mL SUSPENSION,117287,107048
30978,VACUNA ANTINEUMOCOCICA CONJUGADA 13-VALENTE 1 DOSIS  INYECTABLE,132486,91702
30818,"AGUJA DENTAL TIPO CARPULE DESCARTABLE Nº 27 G X 1""   UNIDAD",218532,5339
10929,EQUIPO DE VENOCLISIS   UNIDAD,185601,36998
01684,CEFTRIAXONA SODICA  1 g INYECTABLE,188027,34011
35425,TUBO PARA EXTRACCION DE SANGRE CON SISTEMA DE VACIO DE POLIPROPILENO DE 5 mL CON GEL SEPARADOR   UNIDAD,187008,25893
02361,CLOZAPINA  100 mg TABLETA,211093,
33907,TUBO PARA EXTRACCION DE SANGRE CON SISTEMA DE VACIO DE POLIPROPILENO DE 6 mL SIN ADITIVO   UNIDAD,185837,22853
02641,DEXAMETASONA FOSFATO (COMO SAL SODICA) 1 mL 4 mg/mL INYECTABLE,140038,66579
03708,FURAZOLIDONA  100 mg TABLETA,66744,139859
02724,DEXTROMETORFANO BROMHIDRATO 120 mL 15 mg/5 mL JARABE,101339,93098
12520,TIRA REACTIVA PARA GLUCOSA EN SANGRE 1 DET  UNIDAD,112189,79227
05589,PREDNISONA  5 mg TABLETA,101279,88216
05166,ORFENADRINA CITRATO 2 mL 30 mg/mL INYECTABLE,138201,50327
45726,CRIOVIAL DE POLIPROPILENO 2.0 mL CON TAPA ROSCA FONDO PLANO GRADUADO   UNIDAD,167145,15232
00807,AMOXICILINA  250 mg TABLETA,25532,152895
02132,CLORFENAMINA MALEATO 120 mL 2 mg/5 mL JARABE,88284,88708
17734,"VACUNA DPT, HIB Y VHB (PENTAVALENTE) 1 DOSIS - INYECTABLE",108046,68264
03595,FLUCONAZOL  150 mg TABLETA,84064,90999
06396,VACUNA ANTIPOLIOMIELITICA 1 DOSIS 80 Lf/0.5 mL INYECTABLE,108751,65647
04585,MEBENDAZOL  100 mg TABLETA,64749,109199
00393,ALPRAZOLAM  500 µg (0.5 mg) TABLETA,160869,10284
16570,GUANTE QUIRURGICO ESTERIL DESCARTABLE Nº 7   PAR,115171,50098
29976,PUNTERA AZUL 100 uL - 1000 uL   UNIDAD,153187,11300
45221,PRUEBA RAPIDA CUALITATIVA DE ANTIGENO ESPECIFICO PARA SARS-CoV2 (COVID-19) INMUNOENSAYO CROMATOGRAFICO DETERMINACION - UNIDAD,143248,16933
10155,"AGUJA HIPODERMICA DESCARTABLE N° 23 G X 1""   UNIDAD",101389,58326
17563,"JERINGA DESCARTABLE 3 mL CON AGUJA 23 G X 1"" - - UNIDAD",138101,19769
11372,"JERINGA DESCARTABLE 1 mL CON AGUJA 22 G X 1 1/2""   UNIDAD",149408,6448
32601,GLUCOSA ENZIMATICA 1 DET  KIT,133131,21462
35343,"MANDIL DESCARTABLE NO ESTERIL TALLA ""L""   UNIDAD",109764,41421
00259,ALBENDAZOL 20 mL 100 mg/5 mL SUSPENSION,80881,70196
21624,COLESTEROL TOTAL ENZIMATICO 1 DET  KIT,124552,22570
03213,ESCOPOLAMINA N-BUTILBROMURO 1 mL 20 mg/mL INYECTABLE,115469,31042
06239,TRAMADOL CLORHIDRATO  50 mg TABLETA,108887,34480
05688,RIFAMPICINA  300 mg TABLETA,109463,32376
02128,CLORFENAMINA MALEATO 1 mL 10 mg/mL INYECTABLE,79546,55863
04846,MIRTAZAPINA  30 mg TABLETA,135208,
22405,ENVASE DE PLASTICO CON TAPA ROSCA PARA ESPUTO 60 mL   UNIDAD,111308,23412
02884,DIMENHIDRINATO 5 mL 50 mg INYECTABLE,108028,25267
29930,MASCARILLA DESCARTABLE EFICIENCIA DE FILTRADO 95%   UNIDAD,116152,16041
00794,AMOXICILINA 60 mL 250 mg/5 mL SUSPENSION,54307,77047
03713,FUROSEMIDA  40 mg TABLETA,92821,37105
02319,CLOTRIMAZOL 20 g 1 g/100 g (1 %) CREMA,64109,64895
04695,METFORMINA CLORHIDRATO  500 mg TABLETA,87259,36416
04586,MEBENDAZOL  500 mg TABLETA,76390,47267
03921,HIDROCLOROTIAZIDA  25 mg TABLETA,74919,46937
22942,TUBO PARA EXTRACCION DE SANGRE CON SISTEMA DE VACIO DE POLIPROPILENO DE 4 mL CON EDTA DIPOTASICO   UNIDAD,110528,10452
19491,MANDILON DESCARTABLE TALLA L - - UNIDAD,76529,43504
08153,RETINOL(COMO PALMITATO)  200000 UI TABLETA,84023,35271
06437,"VACUNA ANTIPAROTIDITIS, RUBEOLA Y SARAMPION 1 DOSIS 700 DCI/0.5 mL INYECTABLE",70148,48983
38955,MANDIL DESCARTABLE NO ESTERIL TALLA M   UNIDAD,75334,43308
05491,PIRIDOXINA CLORHIDRATO  50 mg TABLETA,105373,12380
18331,VACUNA CONTRA EL ROTAVIRUS  PLV (SUSPENSION ORAL) 1 DOSIS  SUSPENSION,71103,44923
05588,PREDNISONA  20 mg TABLETA,77421,37009
03302,ETAMBUTOL CLORHIDRATO  400 mg TABLETA,90654,22736
30588,FRASCO COLECTOR PARA MUESTRA DE ORINA CON TAPA 100 mL   UNIDAD,83531,25859
19492,MANDILON DESCARTABLE TALLA M - - UNIDAD,78862,30497
05475,PIRAZINAMIDA  500 mg TABLETA,88461,20769
03747,GENTAMICINA (COMO SULFATO) 2 mL 80 mg/mL INYECTABLE,44086,65134
05872,SODIO CLORURO 100 mL 900 mg/100 mL (0.9 %) INYECTABLE,88465,19976
18520,"VACUNA RECOMBINANTE TETRAVALENTE CONTRA VIRUS DEL PAPILOMA HUMANO TIPO 6, 11, 16 Y 18 (VPH) 0.5 mL  INYECTABLE",76001,31040
06387,VACUNA CONTRA LA HEPATITIS B ADULTO 1 DOSIS 20 ug/mL INYECTABLE,56668,49474
29849,MASCARILLA DESCARTABLE TIPO N-95 - - UNIDAD,78252,26692
03760,GLICEROL 5 g 1 g/100 g GEL,102955,1000
16737,LLAVE DE TRIPLE VIA DESCARTABLE   UNIDAD,89679,13920
02654,DEXAMETASONA  500 µg (0.5 mg) TABLETA,30665,72283
04394,LIDOCAINA CLORHIDRATO + EPINEFRINA 1.8 mL 20 mg + 10 ug/mL INYECTABLE,85540,16747
41488,GUANTE PARA EXAMEN DESCARTABLE DE NITRILO SIN POLVO TALLA M   UNIDAD,96906,4310
03451,FENITOINA SODICA  100 mg TABLETA,84430,14857
54097,"VACUNA CONTRA EL DENGUE TETRAVALENTE ( SEROTIPOS 1,2,3 y 4) 1 DOSIS - INYECTABLE",92784,
06002,SULFAMETOXAZOL + TRIMETOPRIMA  400 mg + 80 mg TABLETA,15536,74307
00143,ACICLOVIR  200 mg TABLETA,48504,40515
04582,MEBENDAZOL 30 mL 100 mg/5 mL SUSPENSION,40396,47953
10384,BOTAS DESCARTABLES IMPERMEABLE   PAR,45185,43037
02055,CLORANFENICOL  500 mg TABLETA,17359,70385
00389,ALOPURINOL  100 mg TABLETA,82132,5603
38353,DILUYENTE PARA VACUNA ANTIVARICELA 1350 UFP/0.5 mL INY 0.7 mL   INYECTABLE,32476,53451
45074,EFAVIRENZ + LAMIVUDINA + TENOFOVIR  400 mg + 300 mg + 300 mg TABLETA,85410,
05281,PARACETAMOL 10 mL 100 mg/mL SOLUCION,44046,41041
28409,ISONIAZIDA + RIFAMPICINA  75 mg + 150 mg TABLETA,68753,16270
32251,VACUNA ANTIVARICELA 0.7 mL 1350 UFP/0.5 mL INYECTABLE,47433,35914
38562,TRIGLICERIDOS ENZIMATICO DET  KIT,68999,12311
28408,ETAMBUTOL + ISONIAZIDA + PIRAZINAMIDA + RIFAMPICINA  275 mg  + 75 mg + 400 mg + 150 mg TABLETA,67563,12609
18091,ALUMINIO HIDROXIDO + MAGNESIO HIDROXIDO 150 mL 400 + 400 mg/5 mL SUSPENSION,46938,32606
46472,"VACUNA CONTRA COVID-19 (ARNm) nucleosidos modificados, PFIZER, PHARMACIA & UPJOHN COMPANY LLC EEUU(COMIRNATY) VIAL 0.45 mL x 6 DOSIS 30 ug/ 0.3 mL INYECTABLE",74586,2914
25983,"DILUYENTE PARA VACUNA ANTIPAROTIDITIS, RUBEOLA Y SARAMPION (SPR) 1 DOSIS  INYECTABLE",54506,22091
06019,SULPIRIDA  200 mg TABLETA,74841,
22736,PRUEBA RAPIDA DE HORMONA GONADOTROPINA CORIONICA (HCG) 1 DET  KIT,35523,37292
30741,"HISOPO DE ALGODON CON MANGO DE MADERA ESTERIL 6""   UNIDAD",56026,14876
24919,GASA ESTERIL 5 cm X 5 cm X 5 UNIDADES   UNIDAD,35761,33790
20395,"AGUJA PARA EXTRACCION DE SANGRE AL VACIO 21 G X 1""   UNIDAD",64841,4395
46070,BOLSA DE POLIETILENO 50.8 µm X 50 cm X 70 cm COLOR ROJO   UNIDAD,31379,37461
27586,"AGUJA PARA EXTRACCION DE SANGRE AL VACIO 21 G X 1 1/2""   UNIDAD",65240,2642
17705,PRUEBA RAPIDA PARA VIH 1-2 1 DET - KIT,34190,33352
22030,PRESERVATIVO FEMENINO   UNIDAD,33250,33123
23904,CITOCEPILLO PARA PAPANICOLAU - - UNIDAD,41072,21557
03882,HALOPERIDOL  5 mg TABLETA,62554,
33891,MICROCUBETA DESCARTABLE PARA HEMOGLOBINOMETRO HEMOCUE HB 201   UNIDAD,36662,25606
