codigo_med,tipo_suministro,medicamento,categoria_eess,periodo,cantidad,precio_unitario,valor_2,stock_items,valor_4,consumo_items
04764,D,METOTREXATO  2.5 mg TABLETA,CENTRO,202105,60,0.0,,,,0
04764,D,METOTREXATO  2.5 mg TABLETA,CENTRO,202106,0,0.0,,,,0
04764,D,METOTREXATO  2.5 mg TABLETA,CENTRO,202107,0,0.0,,,,0
04764,D,METOTREXATO  2.5 mg TABLETA,CENTRO,202108,0,0.0,,,,0
04764,D,METOTREXATO  2.5 mg TABLETA,HOSPITAL,202303,0,0.1,,,,26
04764,D,METOTREXATO  2.5 mg TABLETA,HOSPITAL,202304,26,0.0,,,,0
04764,D,METOTREXATO  2.5 mg TABLETA,HOSPITAL,202305,0,0.0,,,,0
04764,D,METOTREXATO  2.5 mg TABLETA,HOSPITAL,202306,0,0.0,,,,0
04764,D,METOTREXATO  2.5 mg TABLETA,HOSPITAL,202307,0,0.0,,,,0
04764,S,METOTREXATO  2.5 mg TABLETA,CENTRO,202104,250,0.18,,250,,582
04764,S,METOTREXATO  2.5 mg TABLETA,CENTRO,202105,52,0.225,,52,,530
04764,S,METOTREXATO  2.5 mg TABLETA,CENTRO,202106,91,0.2,,91,,939
04764,S,METOTREXATO  2.5 mg TABLETA,CENTRO,202107,0,0.2,,,,639
04764,S,METOTREXATO  2.5 mg TABLETA,CENTRO,202108,127,0.2,,127,,612
04764,S,METOTREXATO  2.5 mg TABLETA,CENTRO,202109,175,0.2,8,167,,637
04764,S,METOTREXATO  2.5 mg TABLETA,CENTRO,202110,9,0.1833,,9,,658
04764,S,METOTREXATO  2.5 mg TABLETA,CENTRO,202111,140,0.35,8,140,,1268
04764,S,METOTREXATO  2.5 mg TABLETA,CENTRO,202112,82,0.3111,8,82,,2886
04764,S,METOTREXATO  2.5 mg TABLETA,CENTRO,202201,117,0.35,29,88,,2769
04764,S,METOTREXATO  2.5 mg TABLETA,CENTRO,202202,55,0.38,,55,,2814
04764,S,METOTREXATO  2.5 mg TABLETA,CENTRO,202203,226,0.3727,40,186,,3136
04764,S,METOTREXATO  2.5 mg TABLETA,CENTRO,202204,206,0.35,,206,,2630
04764,S,METOTREXATO  2.5 mg TABLETA,CENTRO,202205,213,0.3167,40,213,,1447
04764,S,METOTREXATO  2.5 mg TABLETA,CENTRO,202206,399,0.3167,40,83,316,930
04764,S,METOTREXATO  2.5 mg TABLETA,CENTRO,202207,149,0.3667,40,149,,1181
04764,S,METOTREXATO  2.5 mg TABLETA,CENTRO,202208,295,0.3667,1,294,316,1086
04764,S,METOTREXATO  2.5 mg TABLETA,CENTRO,202209,190,0.3667,2,188,316,1096
04764,S,METOTREXATO  2.5 mg TABLETA,CENTRO,202210,107,0.42,,107,316,989
04764,S,METOTREXATO  2.5 mg TABLETA,CENTRO,202211,111,0.3667,6,105,316,1878
04764,S,METOTREXATO  2.5 mg TABLETA,CENTRO,202212,372,0.4,36,336,316,1826
04764,S,METOTREXATO  2.5 mg TABLETA,CENTRO,202301,516,0.35,,516,316,1310
04764,S,METOTREXATO  2.5 mg TABLETA,CENTRO,202302,509,0.4,58,451,316,781
04764,S,METOTREXATO  2.5 mg TABLETA,CENTRO,202303,105,0.425,12,93,316,1776
04764,S,METOTREXATO  2.5 mg TABLETA,CENTRO,202304,772,0.4333,,772,316,2304
04764,S,METOTREXATO  2.5 mg TABLETA,CENTRO,202305,573,0.4333,19,554,316,2031
04764,S,METOTREXATO  2.5 mg TABLETA,CENTRO,202306,628,0.45,,628,316,1603
04764,S,METOTREXATO  2.5 mg TABLETA,CENTRO,202307,269,0.45,56,213,316,2834
04764,S,METOTREXATO  2.5 mg TABLETA,CENTRO,202308,427,0.45,,427,316,2207
04764,S,METOTREXATO  2.5 mg TABLETA,CENTRO,202309,666,0.45,56,666,316,1741
04764,S,METOTREXATO  2.5 mg TABLETA,CENTRO,202310,652,0.44,56,652,316,2795
04764,S,METOTREXATO  2.5 mg TABLETA,CENTRO,202311,566,0.3833,56,566,316,3029
04764,S,METOTREXATO  2.5 mg TABLETA,CENTRO,202312,826,0.3,48,778,316,3003
04764,S,METOTREXATO  2.5 mg TABLETA,CENTRO,202401,475,0.2778,4,471,316,2528
04764,S,METOTREXATO  2.5 mg TABLETA,CENTRO,202402,736,0.2778,,596,140,1792
04764,S,METOTREXATO  2.5 mg TABLETA,CENTRO,202403,325,0.2778,30,295,,1467
04764,S,METOTREXATO  2.5 mg TABLETA,CENTRO,202404,217,0.4143,,129,88,1616
04764,S,METOTREXATO  2.5 mg TABLETA,CENTRO,202405,286,0.575,30,286,,1910
04764,S,METOTREXATO  2.5 mg TABLETA,CENTRO,202406,206,0.587,30,194,12,1704
04764,S,METOTREXATO  2.5 mg TABLETA,CENTRO,202407,552,0.604,30,552,,4602
04764,S,METOTREXATO  2.5 mg TABLETA,CENTRO,202408,856,0.6292,30,856,12,4106
04764,S,METOTREXATO  2.5 mg TABLETA,CENTRO,202409,676,0.5375,30,508,168,3820
04764,S,METOTREXATO  2.5 mg TABLETA,CENTRO,202410,592,0.5375,30,426,166,4328
04764,S,METOTREXATO  2.5 mg TABLETA,CENTRO,202411,470,0.525,30,416,54,4408
04764,S,METOTREXATO  2.5 mg TABLETA,CENTRO,202412,1106,0.5333,30,1000,106,3702
04764,S,METOTREXATO  2.5 mg TABLETA,CENTRO,202501,976,0.4333,30,976,,2618
04764,S,METOTREXATO  2.5 mg TABLETA,CENTRO,202502,1224,0.4571,30,792,402,3794
04764,S,METOTREXATO  2.5 mg TABLETA,CENTRO,202503,918,0.4429,,918,,4056
04764,S,METOTREXATO  2.5 mg TABLETA,CENTRO,202504,1103,0.42,30,1103,402,4713
04764,S,METOTREXATO  2.5 mg TABLETA,CENTRO,202505,890,0.3733,30,860,402,5903
04764,S,METOTREXATO  2.5 mg TABLETA,CENTRO,202506,784,0.3813,,784,402,8319
04764,S,METOTREXATO  2.5 mg TABLETA,CENTRO,202507,960,0.3933,30,960,402,7359
04764,S,METOTREXATO  2.5 mg TABLETA,CENTRO,202508,1489,0.3571,230,1259,402,6170
04764,S,METOTREXATO  2.5 mg TABLETA,CENTRO,202509,996,0.3692,,996,402,9124
04764,S,METOTREXATO  2.5 mg TABLETA,CENTRO,202510,1132,0.4,230,1132,402,10362
04764,S,METOTREXATO  2.5 mg TABLETA,CENTRO,202511,1392,0.4133,6,1230,156,9766
04764,S,METOTREXATO  2.5 mg TABLETA,CENTRO,202512,830,0.3647,,734,96,10546
04764,S,METOTREXATO  2.5 mg TABLETA,CENTRO,202601,1632,0.3556,6,1632,,9014
04764,S,METOTREXATO  2.5 mg TABLETA,CENTRO,202602,758,0.355,6,570,188,8860
04764,S,METOTREXATO  2.5 mg TABLETA,CENTRO,202603,905,0.335,6,905,,9345
04764,S,METOTREXATO  2.5 mg TABLETA,CENTRO,202604,1406,0.3211,6,1406,188,7917
04764,S,METOTREXATO  2.5 mg TABLETA,FARMACIA INSTITUCIONAL,202104,678,0.1,678,,188,1740
04764,S,METOTREXATO  2.5 mg TABLETA,FARMACIA INSTITUCIONAL,202105,340,0.1,340,1406,188,1400
04764,S,METOTREXATO  2.5 mg TABLETA,FARMACIA INSTITUCIONAL,202106,1100,0.1,1100,1406,188,7090
04764,S,METOTREXATO  2.5 mg TABLETA,FARMACIA INSTITUCIONAL,202107,890,0.1,890,1406,188,0
04764,S,METOTREXATO  2.5 mg TABLETA,FARMACIA INSTITUCIONAL,202108,30,0.25,30,1406,188,260
04764,S,METOTREXATO  2.5 mg TABLETA,FARMACIA INSTITUCIONAL,202109,20,0.25,20,1406,188,240
04764,S,METOTREXATO  2.5 mg TABLETA,FARMACIA INSTITUCIONAL,202110,0,0.4,,1406,188,240
04764,S,METOTREXATO  2.5 mg TABLETA,FARMACIA INSTITUCIONAL,202111,250,0.7,10,1406,188,230
04764,S,METOTREXATO  2.5 mg TABLETA,FARMACIA INSTITUCIONAL,202112,210,0.7,10,1406,188,20
04764,S,METOTREXATO  2.5 mg TABLETA,FARMACIA INSTITUCIONAL,202201,640,0.45,640,1406,188,1316
04764,S,METOTREXATO  2.5 mg TABLETA,FARMACIA INSTITUCIONAL,202202,210,0.45,210,1406,188,1066
04764,S,METOTREXATO  2.5 mg TABLETA,FARMACIA INSTITUCIONAL,202203,486,0.45,486,1406,188,2450
04764,S,METOTREXATO  2.5 mg TABLETA,FARMACIA INSTITUCIONAL,202204,1100,0.3667,1100,1406,188,4340
04764,S,METOTREXATO  2.5 mg TABLETA,FARMACIA INSTITUCIONAL,202205,800,0.3667,800,1406,188,3420
04764,S,METOTREXATO  2.5 mg TABLETA,FARMACIA INSTITUCIONAL,202206,670,0.2,670,1406,188,3600
04764,S,METOTREXATO  2.5 mg TABLETA,FARMACIA INSTITUCIONAL,202207,750,0.2,750,1406,188,2690
04764,S,METOTREXATO  2.5 mg TABLETA,FARMACIA INSTITUCIONAL,202208,1570,0.2,1570,1406,188,2680
04764,S,METOTREXATO  2.5 mg TABLETA,FARMACIA INSTITUCIONAL,202209,1570,0.2,1570,1406,188,2990
04764,S,METOTREXATO  2.5 mg TABLETA,FARMACIA INSTITUCIONAL,202210,1810,0.2333,1810,1406,188,3670
04764,S,METOTREXATO  2.5 mg TABLETA,FARMACIA INSTITUCIONAL,202211,1240,0.2333,1240,1406,188,2240
04764,S,METOTREXATO  2.5 mg TABLETA,FARMACIA INSTITUCIONAL,202212,560,0.2333,560,1406,188,3180
04764,S,METOTREXATO  2.5 mg TABLETA,FARMACIA INSTITUCIONAL,202301,275,0.2333,275,1406,188,1085
04764,S,METOTREXATO  2.5 mg TABLETA,FARMACIA INSTITUCIONAL,202302,1120,0.2,1120,1406,188,1115
04764,S,METOTREXATO  2.5 mg TABLETA,FARMACIA INSTITUCIONAL,202303,930,0.5,930,1406,188,10075
04764,S,METOTREXATO  2.5 mg TABLETA,FARMACIA INSTITUCIONAL,202304,115,0.5,115,1406,188,9960
04764,S,METOTREXATO  2.5 mg TABLETA,FARMACIA INSTITUCIONAL,202305,450,0.44,450,1406,188,15440
04764,S,METOTREXATO  2.5 mg TABLETA,FARMACIA INSTITUCIONAL,202306,1214,0.44,1214,1406,188,14216
04764,S,METOTREXATO  2.5 mg TABLETA,FARMACIA INSTITUCIONAL,202307,446,0.44,446,1406,188,13770
04764,S,METOTREXATO  2.5 mg TABLETA,FARMACIA INSTITUCIONAL,202308,1122,0.44,1122,1406,188,13148
04764,S,METOTREXATO  2.5 mg TABLETA,FARMACIA INSTITUCIONAL,202309,1282,0.44,1282,1406,188,14866
04764,S,METOTREXATO  2.5 mg TABLETA,FARMACIA INSTITUCIONAL,202310,824,0.44,824,1406,188,4942
04764,S,METOTREXATO  2.5 mg TABLETA,FARMACIA INSTITUCIONAL,202311,1244,0.4,1244,1406,188,5198
04764,S,METOTREXATO  2.5 mg TABLETA,FARMACIA INSTITUCIONAL,202312,1532,0.4,1532,1406,188,4666
04764,S,METOTREXATO  2.5 mg TABLETA,FARMACIA INSTITUCIONAL,202401,1091,0.4,1091,1406,188,3575
04764,S,METOTREXATO  2.5 mg TABLETA,FARMACIA INSTITUCIONAL,202402,1325,0.425,1325,1406,188,5050
04764,S,METOTREXATO  2.5 mg TABLETA,FARMACIA INSTITUCIONAL,202403,1516,0.425,1516,1406,188,2914
04764,S,METOTREXATO  2.5 mg TABLETA,FARMACIA INSTITUCIONAL,202404,891,0.425,891,1406,188,3841
04764,S,METOTREXATO  2.5 mg TABLETA,FARMACIA INSTITUCIONAL,202405,1171,0.4,1171,1406,188,4200
04764,S,METOTREXATO  2.5 mg TABLETA,FARMACIA INSTITUCIONAL,202406,1162,0.4,1162,1406,188,6420
04764,S,METOTREXATO  2.5 mg TABLETA,FARMACIA INSTITUCIONAL,202407,1916,0.4,1916,1406,188,11004
04764,S,METOTREXATO  2.5 mg TABLETA,FARMACIA INSTITUCIONAL,202408,1632,0.4,1632,1406,188,10372
04764,S,METOTREXATO  2.5 mg TABLETA,FARMACIA INSTITUCIONAL,202409,2269,0.4,2269,1406,188,13041
04764,S,METOTREXATO  2.5 mg TABLETA,FARMACIA INSTITUCIONAL,202410,1146,0.4,1146,1406,188,11663
04764,S,METOTREXATO  2.5 mg TABLETA,FARMACIA INSTITUCIONAL,202411,1489,0.3889,1489,1406,188,10804
04764,S,METOTREXATO  2.5 mg TABLETA,FARMACIA INSTITUCIONAL,202412,1074,0.3818,1074,1406,188,10190
04764,S,METOTREXATO  2.5 mg TABLETA,FARMACIA INSTITUCIONAL,202501,1495,0.3636,1495,1406,188,9285
04764,S,METOTREXATO  2.5 mg TABLETA,FARMACIA INSTITUCIONAL,202502,1331,0.3636,1331,1406,188,8474
04764,S,METOTREXATO  2.5 mg TABLETA,FARMACIA INSTITUCIONAL,202503,585,0.3545,585,1406,188,7158
04764,S,METOTREXATO  2.5 mg TABLETA,FARMACIA INSTITUCIONAL,202504,847,0.1545,847,1406,188,9082
04764,S,METOTREXATO  2.5 mg TABLETA,FARMACIA INSTITUCIONAL,202505,944,0.1455,944,1406,188,10438
04764,S,METOTREXATO  2.5 mg TABLETA,FARMACIA INSTITUCIONAL,202506,1592,0.1455,1592,1406,188,9046
04764,S,METOTREXATO  2.5 mg TABLETA,FARMACIA INSTITUCIONAL,202507,1529,0.1455,1529,1406,188,8617
04764,S,METOTREXATO  2.5 mg TABLETA,FARMACIA INSTITUCIONAL,202508,1128,0.1455,1128,1406,188,8489
04764,S,METOTREXATO  2.5 mg TABLETA,FARMACIA INSTITUCIONAL,202509,1083,0.1455,1083,1406,188,7286
04764,S,METOTREXATO  2.5 mg TABLETA,FARMACIA INSTITUCIONAL,202510,1206,0.1455,1206,1406,188,6500
04764,S,METOTREXATO  2.5 mg TABLETA,FARMACIA INSTITUCIONAL,202511,1614,0.15,1614,1406,188,5826
04764,S,METOTREXATO  2.5 mg TABLETA,FARMACIA INSTITUCIONAL,202512,1124,0.15,1124,1406,188,5554
04764,S,METOTREXATO  2.5 mg TABLETA,FARMACIA INSTITUCIONAL,202601,1905,0.15,1905,1406,188,6237
04764,S,METOTREXATO  2.5 mg TABLETA,FARMACIA INSTITUCIONAL,202602,1113,0.15,1113,1406,188,6356
04764,S,METOTREXATO  2.5 mg TABLETA,FARMACIA INSTITUCIONAL,202603,1202,0.15,1202,1406,188,6654
04764,S,METOTREXATO  2.5 mg TABLETA,FARMACIA INSTITUCIONAL,202604,1074,0.15,1074,1406,188,6540
04764,S,METOTREXATO  2.5 mg TABLETA,HOSPITAL,202104,33120,0.1954,4071,27274,1685,358264
04764,S,METOTREXATO  2.5 mg TABLETA,HOSPITAL,202105,39604,0.1672,3385,33524,1835,343795
04764,S,METOTREXATO  2.5 mg TABLETA,HOSPITAL,202106,43478,0.2147,3343,30322,2187,371854
04764,S,METOTREXATO  2.5 mg TABLETA,HOSPITAL,202107,44846,0.1765,4278,29863,4174,335530
04764,S,METOTREXATO  2.5 mg TABLETA,HOSPITAL,202108,48252,0.21,3801,34342,5552,408939
04764,S,METOTREXATO  2.5 mg TABLETA,HOSPITAL,202109,53788,0.2043,4059,42690,1691,308053
04764,S,METOTREXATO  2.5 mg TABLETA,HOSPITAL,202110,48203,0.2029,5053,39399,2658,274899
04764,S,METOTREXATO  2.5 mg TABLETA,HOSPITAL,202111,81813,0.1871,4193,45129,707,304803
04764,S,METOTREXATO  2.5 mg TABLETA,HOSPITAL,202112,58457,0.1985,4715,41456,5929,369454
04764,S,METOTREXATO  2.5 mg TABLETA,HOSPITAL,202201,52587,0.242,4699,39700,8188,314794
04764,S,METOTREXATO  2.5 mg TABLETA,HOSPITAL,202202,55503,0.2456,4379,44476,5550,272877
04764,S,METOTREXATO  2.5 mg TABLETA,HOSPITAL,202203,67839,0.2371,4616,52196,7193,349115
04764,S,METOTREXATO  2.5 mg TABLETA,HOSPITAL,202204,56640,0.2371,4619,47189,4021,355994
04764,S,METOTREXATO  2.5 mg TABLETA,HOSPITAL,202205,63953,0.1946,4853,53524,5566,356286
04764,S,METOTREXATO  2.5 mg TABLETA,HOSPITAL,202206,64986,0.1946,5261,52619,6708,379614
04764,S,METOTREXATO  2.5 mg TABLETA,HOSPITAL,202207,70961,0.2289,4604,54307,12050,372699
04764,S,METOTREXATO  2.5 mg TABLETA,HOSPITAL,202208,63858,0.2231,3051,51317,9380,345591
04764,S,METOTREXATO  2.5 mg TABLETA,HOSPITAL,202209,74328,0.2351,4914,51450,16764,325316
04764,S,METOTREXATO  2.5 mg TABLETA,HOSPITAL,202210,81318,0.2727,5842,54816,20204,319080
04764,S,METOTREXATO  2.5 mg TABLETA,HOSPITAL,202211,77756,0.2756,4451,55072,17963,376077
04764,S,METOTREXATO  2.5 mg TABLETA,HOSPITAL,202212,89430,0.2949,6037,61042,22037,474697
04764,S,METOTREXATO  2.5 mg TABLETA,HOSPITAL,202301,100432,0.3,5557,78813,15486,386505
04764,S,METOTREXATO  2.5 mg TABLETA,HOSPITAL,202302,83037,0.3051,5234,74877,2535,451167
04764,S,METOTREXATO  2.5 mg TABLETA,HOSPITAL,202303,104374,0.3139,5908,88600,9284,506394
04764,S,METOTREXATO  2.5 mg TABLETA,HOSPITAL,202304,103064,0.3025,5702,82945,13706,429335
04764,S,METOTREXATO  2.5 mg TABLETA,HOSPITAL,202305,101025,0.2778,5596,88747,5935,688076
04764,S,METOTREXATO  2.5 mg TABLETA,HOSPITAL,202306,106039,0.3024,5384,97443,2595,739146
04764,S,METOTREXATO  2.5 mg TABLETA,HOSPITAL,202307,114868,0.3167,5476,108309,637,724057
04764,S,METOTREXATO  2.5 mg TABLETA,HOSPITAL,202308,127209,0.3129,6018,120291,310,756983
04764,S,METOTREXATO  2.5 mg TABLETA,HOSPITAL,202309,130359,0.3198,6068,121302,2131,728803
04764,S,METOTREXATO  2.5 mg TABLETA,HOSPITAL,202310,118331,0.325,4686,111585,1420,702735
04764,S,METOTREXATO  2.5 mg TABLETA,HOSPITAL,202311,124125,0.3284,6425,115899,691,669028
04764,S,METOTREXATO  2.5 mg TABLETA,HOSPITAL,202312,110324,0.3429,5871,102900,487,731287
04764,S,METOTREXATO  2.5 mg TABLETA,HOSPITAL,202401,114558,276.8581,6601,104950,2188,631427
04764,S,METOTREXATO  2.5 mg TABLETA,HOSPITAL,202402,108354,0.3349,4455,101435,1820,580480
04764,S,METOTREXATO  2.5 mg TABLETA,HOSPITAL,202403,129324,0.3174,5253,113413,10224,640042
04764,S,METOTREXATO  2.5 mg TABLETA,HOSPITAL,202404,129572,0.3322,4444,107907,15873,579623
04764,S,METOTREXATO  2.5 mg TABLETA,HOSPITAL,202405,108340,0.331,4518,94014,8752,564861
04764,S,METOTREXATO  2.5 mg TABLETA,HOSPITAL,202406,104165,0.3437,4117,80516,18008,595739
04764,S,METOTREXATO  2.5 mg TABLETA,HOSPITAL,202407,104537,0.3674,3293,89127,7961,587521
04764,S,METOTREXATO  2.5 mg TABLETA,HOSPITAL,202408,112695,0.3798,4447,100744,6262,585830
04764,S,METOTREXATO  2.5 mg TABLETA,HOSPITAL,202409,132899,0.3686,4497,118210,9041,576823
04764,S,METOTREXATO  2.5 mg TABLETA,HOSPITAL,202410,132174,0.3841,4174,118365,8288,569288
04764,S,METOTREXATO  2.5 mg TABLETA,HOSPITAL,202411,119079,0.3779,4078,95073,18526,566028
04764,S,METOTREXATO  2.5 mg TABLETA,HOSPITAL,202412,128630,0.32,4844,106349,16139,1088164
04764,S,METOTREXATO  2.5 mg TABLETA,HOSPITAL,202501,148478,0.3172,4530,130626,11945,1102257
04764,S,METOTREXATO  2.5 mg TABLETA,HOSPITAL,202502,142458,0.2927,4170,128263,8814,1044337
04764,S,METOTREXATO  2.5 mg TABLETA,HOSPITAL,202503,154368,0.2771,4875,138932,8562,1330377
04764,S,METOTREXATO  2.5 mg TABLETA,HOSPITAL,202504,167367,0.2702,5391,148037,10420,1274131
04764,S,METOTREXATO  2.5 mg TABLETA,HOSPITAL,202505,162260,0.2763,5075,146484,9283,1251648
04764,S,METOTREXATO  2.5 mg TABLETA,HOSPITAL,202506,153779,0.2781,4942,137059,9942,1234550
04764,S,METOTREXATO  2.5 mg TABLETA,HOSPITAL,202507,159463,1.5186,4842,142756,10273,1203676
04764,S,METOTREXATO  2.5 mg TABLETA,HOSPITAL,202508,155537,0.2758,4572,144044,5597,1150344
04764,S,METOTREXATO  2.5 mg TABLETA,HOSPITAL,202509,170454,0.2804,5810,156882,5724,1085197
04764,S,METOTREXATO  2.5 mg TABLETA,HOSPITAL,202510,160213,0.3258,4718,147256,6117,1031601
04764,S,METOTREXATO  2.5 mg TABLETA,HOSPITAL,202511,178563,0.2845,4372,164730,7656,1002367
04764,S,METOTREXATO  2.5 mg TABLETA,HOSPITAL,202512,153257,0.2948,4125,147227,360,1068440
04764,S,METOTREXATO  2.5 mg TABLETA,HOSPITAL,202601,156726,0.2917,4248,146426,4420,957902
04764,S,METOTREXATO  2.5 mg TABLETA,HOSPITAL,202602,155115,0.2948,3671,145629,3646,875445
04764,S,METOTREXATO  2.5 mg TABLETA,HOSPITAL,202603,173169,0.3204,3435,161553,5262,827131
04764,S,METOTREXATO  2.5 mg TABLETA,HOSPITAL,202604,150254,0.3596,3282,141234,4265,900502
04764,S,METOTREXATO  2.5 mg TABLETA,INSTITUTO,202104,11591,0.0714,446,1295,9673,34389
04764,S,METOTREXATO  2.5 mg TABLETA,INSTITUTO,202105,12985,0.05,797,2331,9753,43968
04764,S,METOTREXATO  2.5 mg TABLETA,INSTITUTO,202106,12378,0.05,657,2136,9464,31590
04764,S,METOTREXATO  2.5 mg TABLETA,INSTITUTO,202107,11463,0.1429,323,1253,9870,62127
04764,S,METOTREXATO  2.5 mg TABLETA,INSTITUTO,202108,13085,0.1571,370,1494,11201,57042
04764,S,METOTREXATO  2.5 mg TABLETA,INSTITUTO,202109,32440,0.1571,904,3980,6694,34602
04764,S,METOTREXATO  2.5 mg TABLETA,INSTITUTO,202110,12307,0.1857,656,3649,8002,64445
04764,S,METOTREXATO  2.5 mg TABLETA,INSTITUTO,202111,12104,0.1857,609,2741,8731,71788
04764,S,METOTREXATO  2.5 mg TABLETA,INSTITUTO,202112,11887,0.1857,823,2032,9002,106896
04764,S,METOTREXATO  2.5 mg TABLETA,INSTITUTO,202201,11698,0.1429,439,2596,8663,96698
04764,S,METOTREXATO  2.5 mg TABLETA,INSTITUTO,202202,12590,0.1429,1438,2222,8910,85726
04764,S,METOTREXATO  2.5 mg TABLETA,INSTITUTO,202203,12377,0.1143,729,1895,9753,97014
04764,S,METOTREXATO  2.5 mg TABLETA,INSTITUTO,202204,11359,0.1286,858,3140,7272,86655
04764,S,METOTREXATO  2.5 mg TABLETA,INSTITUTO,202205,12508,0.1286,1037,7728,3555,75547
04764,S,METOTREXATO  2.5 mg TABLETA,INSTITUTO,202206,13065,0.1286,322,4789,7748,91632
04764,S,METOTREXATO  2.5 mg TABLETA,INSTITUTO,202207,11440,0.1333,298,2366,8776,81117
04764,S,METOTREXATO  2.5 mg TABLETA,INSTITUTO,202208,13030,0.1333,827,2829,9374,67787
04764,S,METOTREXATO  2.5 mg TABLETA,INSTITUTO,202209,12727,0.1333,810,3042,8842,85860
04764,S,METOTREXATO  2.5 mg TABLETA,INSTITUTO,202210,12226,0.1333,399,4109,7718,73634
04764,S,METOTREXATO  2.5 mg TABLETA,INSTITUTO,202211,13231,0.15,659,2938,9634,62203
04764,S,METOTREXATO  2.5 mg TABLETA,INSTITUTO,202212,10873,0.15,304,2963,7566,70330
04764,S,METOTREXATO  2.5 mg TABLETA,INSTITUTO,202301,11389,0.15,310,2880,8199,61941
04764,S,METOTREXATO  2.5 mg TABLETA,INSTITUTO,202302,11482,0.15,810,3038,7614,50959
04764,S,METOTREXATO  2.5 mg TABLETA,INSTITUTO,202303,13715,0.25,713,3440,9562,45244
04764,S,METOTREXATO  2.5 mg TABLETA,INSTITUTO,202304,12460,0.3,672,3041,8747,47784
04764,S,METOTREXATO  2.5 mg TABLETA,INSTITUTO,202305,12438,0.2833,622,3004,8812,102146
04764,S,METOTREXATO  2.5 mg TABLETA,INSTITUTO,202306,11619,0.2333,290,3059,8270,125227
04764,S,METOTREXATO  2.5 mg TABLETA,INSTITUTO,202307,11749,0.2333,678,3591,7480,123578
04764,S,METOTREXATO  2.5 mg TABLETA,INSTITUTO,202308,13467,0.2333,375,4393,8699,130070
04764,S,METOTREXATO  2.5 mg TABLETA,INSTITUTO,202309,14249,0.2333,220,3945,10084,133821
04764,S,METOTREXATO  2.5 mg TABLETA,INSTITUTO,202310,14148,0.2333,325,5486,8322,133673
04764,S,METOTREXATO  2.5 mg TABLETA,INSTITUTO,202311,13209,0.1833,124,9641,3356,128791
04764,S,METOTREXATO  2.5 mg TABLETA,INSTITUTO,202312,12616,0.1667,418,9402,2653,131675
04764,S,METOTREXATO  2.5 mg TABLETA,INSTITUTO,202401,15105,0.1667,496,11860,2640,114136
04764,S,METOTREXATO  2.5 mg TABLETA,INSTITUTO,202402,14145,0.1667,370,11020,2672,90991
04764,S,METOTREXATO  2.5 mg TABLETA,INSTITUTO,202403,13592,0.2,517,10777,2238,88271
04764,S,METOTREXATO  2.5 mg TABLETA,INSTITUTO,202404,16083,0.2,586,13402,1955,99788
04764,S,METOTREXATO  2.5 mg TABLETA,INSTITUTO,202405,16653,0.3333,396,15213,926,88235
04764,S,METOTREXATO  2.5 mg TABLETA,INSTITUTO,202406,13893,0.3333,443,12706,680,72844
04764,S,METOTREXATO  2.5 mg TABLETA,INSTITUTO,202407,14896,0.3333,465,14142,204,55318
04764,S,METOTREXATO  2.5 mg TABLETA,INSTITUTO,202408,16610,0.3333,587,15919,19,41512
04764,S,METOTREXATO  2.5 mg TABLETA,INSTITUTO,202409,15332,0.3667,563,14497,222,74491
04764,S,METOTREXATO  2.5 mg TABLETA,INSTITUTO,202410,16690,0.3167,413,15810,301,57914
04764,S,METOTREXATO  2.5 mg TABLETA,INSTITUTO,202411,15826,0.3667,555,15005,132,42108
04764,S,METOTREXATO  2.5 mg TABLETA,INSTITUTO,202412,15024,0.1667,171,14579,142,134894
04764,S,METOTREXATO  2.5 mg TABLETA,INSTITUTO,202501,16937,0.15,635,16007,158,147673
04764,S,METOTREXATO  2.5 mg TABLETA,INSTITUTO,202502,17079,0.15,447,16400,118,141294
04764,S,METOTREXATO  2.5 mg TABLETA,INSTITUTO,202503,16682,0.15,896,15601,52,160812
04764,S,METOTREXATO  2.5 mg TABLETA,INSTITUTO,202504,18265,0.15,659,17341,91,157255
04764,S,METOTREXATO  2.5 mg TABLETA,INSTITUTO,202505,16817,0.15,621,15936,101,171973
04764,S,METOTREXATO  2.5 mg TABLETA,INSTITUTO,202506,16534,0.15,686,15656,,182161
04764,S,METOTREXATO  2.5 mg TABLETA,INSTITUTO,202507,15279,0.1167,542,14538,52,186882
04764,S,METOTREXATO  2.5 mg TABLETA,INSTITUTO,202508,16430,0.1167,262,15960,75,190452
04764,S,METOTREXATO  2.5 mg TABLETA,INSTITUTO,202509,15867,0.25,358,15350,89,186295
04764,S,METOTREXATO  2.5 mg TABLETA,INSTITUTO,202510,17497,0.25,514,16760,48,188598
04764,S,METOTREXATO  2.5 mg TABLETA,INSTITUTO,202511,15716,0.25,830,14620,88,197882
04764,S,METOTREXATO  2.5 mg TABLETA,INSTITUTO,202512,15251,0.2,356,14749,,198771
04764,S,METOTREXATO  2.5 mg TABLETA,INSTITUTO,202601,16457,0.2,953,15363,88,192318
04764,S,METOTREXATO  2.5 mg TABLETA,INSTITUTO,202602,14294,0.2,544,13563,88,183624
04764,S,METOTREXATO  2.5 mg TABLETA,INSTITUTO,202603,16514,0.2,897,15405,24,169118
04764,S,METOTREXATO  2.5 mg TABLETA,INSTITUTO,202604,15320,0.2,480,14536,,178800
04764,S,METOTREXATO  2.5 mg TABLETA,PUESTO,202104,0,0.3,,,24,200
04764,S,METOTREXATO  2.5 mg TABLETA,PUESTO,202105,30,0.1,480,30,24,170
04764,S,METOTREXATO  2.5 mg TABLETA,PUESTO,202106,0,0.1,480,,24,220
04764,S,METOTREXATO  2.5 mg TABLETA,PUESTO,202107,0,0.1,480,30,24,220
04764,S,METOTREXATO  2.5 mg TABLETA,PUESTO,202108,0,0.1,480,30,24,220
04764,S,METOTREXATO  2.5 mg TABLETA,PUESTO,202109,0,0.1,480,30,24,220
04764,S,METOTREXATO  2.5 mg TABLETA,PUESTO,202110,0,0.1,480,30,24,220
04764,S,METOTREXATO  2.5 mg TABLETA,PUESTO,202111,0,0.1,480,30,24,220
04764,S,METOTREXATO  2.5 mg TABLETA,PUESTO,202112,0,0.1,480,30,24,220
04764,S,METOTREXATO  2.5 mg TABLETA,PUESTO,202201,26,0.1,480,26,24,194
04764,S,METOTREXATO  2.5 mg TABLETA,PUESTO,202202,0,0.1,480,,24,200
04764,S,METOTREXATO  2.5 mg TABLETA,PUESTO,202203,0,0.1,480,26,24,200
04764,S,METOTREXATO  2.5 mg TABLETA,PUESTO,202204,0,0.1,480,26,24,200
04764,S,METOTREXATO  2.5 mg TABLETA,PUESTO,202205,24,0.1,480,24,24,176
04764,S,METOTREXATO  2.5 mg TABLETA,PUESTO,202206,24,0.1,480,24,24,0
04764,S,METOTREXATO  2.5 mg TABLETA,PUESTO,202207,0,0.1,480,,24,0
04764,S,METOTREXATO  2.5 mg TABLETA,PUESTO,202208,0,0.1,480,24,24,100
04764,S,METOTREXATO  2.5 mg TABLETA,PUESTO,202209,0,0.1,480,24,24,100
04764,S,METOTREXATO  2.5 mg TABLETA,PUESTO,202210,0,0.1,480,24,24,100
04764,S,METOTREXATO  2.5 mg TABLETA,PUESTO,202211,0,0.1,480,24,24,100
04764,S,METOTREXATO  2.5 mg TABLETA,PUESTO,202212,0,0.1,480,24,24,150
04764,S,METOTREXATO  2.5 mg TABLETA,PUESTO,202301,0,0.15,480,24,24,200
04764,S,METOTREXATO  2.5 mg TABLETA,PUESTO,202302,0,0.15,480,24,24,200
04764,S,METOTREXATO  2.5 mg TABLETA,PUESTO,202303,0,0.15,480,24,24,200
04764,S,METOTREXATO  2.5 mg TABLETA,PUESTO,202304,10,0.1667,480,10,24,334
04764,S,METOTREXATO  2.5 mg TABLETA,PUESTO,202305,68,0.1667,480,68,24,166
04764,S,METOTREXATO  2.5 mg TABLETA,PUESTO,202306,116,0.175,480,116,24,90
04764,S,METOTREXATO  2.5 mg TABLETA,PUESTO,202307,20,0.3,480,20,24,190
04764,S,METOTREXATO  2.5 mg TABLETA,PUESTO,202308,50,0.22,480,50,24,346
04764,S,METOTREXATO  2.5 mg TABLETA,PUESTO,202309,86,0.22,480,86,24,370
04764,S,METOTREXATO  2.5 mg TABLETA,PUESTO,202310,94,0.22,480,94,24,376
04764,S,METOTREXATO  2.5 mg TABLETA,PUESTO,202311,0,0.22,480,,24,376
04764,S,METOTREXATO  2.5 mg TABLETA,PUESTO,202312,64,0.26,480,64,24,412
04764,S,METOTREXATO  2.5 mg TABLETA,PUESTO,202401,20,0.22,480,20,24,392
04764,S,METOTREXATO  2.5 mg TABLETA,PUESTO,202402,14,0.24,480,14,24,398
04764,S,METOTREXATO  2.5 mg TABLETA,PUESTO,202403,218,0.28,480,218,24,180
04764,S,METOTREXATO  2.5 mg TABLETA,PUESTO,202404,30,0.3667,480,30,24,350
04764,S,METOTREXATO  2.5 mg TABLETA,PUESTO,202405,24,0.5889,480,24,24,526
04764,S,METOTREXATO  2.5 mg TABLETA,PUESTO,202406,24,0.5889,480,24,24,602
04764,S,METOTREXATO  2.5 mg TABLETA,PUESTO,202407,24,0.6625,480,24,24,690
04764,S,METOTREXATO  2.5 mg TABLETA,PUESTO,202408,92,0.6222,30,62,24,698
04764,S,METOTREXATO  2.5 mg TABLETA,PUESTO,202409,82,0.6167,20,62,24,376
04764,S,METOTREXATO  2.5 mg TABLETA,PUESTO,202410,148,0.5571,,148,24,408
04764,S,METOTREXATO  2.5 mg TABLETA,PUESTO,202411,30,0.5571,20,30,24,378
04764,S,METOTREXATO  2.5 mg TABLETA,PUESTO,202412,10,0.5571,20,10,24,488
04764,S,METOTREXATO  2.5 mg TABLETA,PUESTO,202501,0,0.46,20,,24,478
04764,S,METOTREXATO  2.5 mg TABLETA,PUESTO,202502,0,0.4,20,10,24,478
04764,S,METOTREXATO  2.5 mg TABLETA,PUESTO,202503,30,0.36,20,30,24,538
04764,S,METOTREXATO  2.5 mg TABLETA,PUESTO,202504,90,0.36,20,60,30,378
04764,S,METOTREXATO  2.5 mg TABLETA,PUESTO,202505,30,0.275,20,30,,228
04764,S,METOTREXATO  2.5 mg TABLETA,PUESTO,202506,30,0.275,20,30,30,198
04764,S,METOTREXATO  2.5 mg TABLETA,PUESTO,202507,0,0.15,20,,30,298
04764,S,METOTREXATO  2.5 mg TABLETA,PUESTO,202508,0,0.1333,20,30,30,290
04764,S,METOTREXATO  2.5 mg TABLETA,PUESTO,202509,30,0.1667,20,30,30,260
04764,S,METOTREXATO  2.5 mg TABLETA,PUESTO,202510,30,0.1667,20,30,30,230
04764,S,METOTREXATO  2.5 mg TABLETA,PUESTO,202511,74,0.175,20,74,30,206
04764,S,METOTREXATO  2.5 mg TABLETA,PUESTO,202512,16,0.175,20,16,30,190
04764,S,METOTREXATO  2.5 mg TABLETA,PUESTO,202601,60,0.1667,20,60,30,30
04764,S,METOTREXATO  2.5 mg TABLETA,PUESTO,202602,0,0.225,20,,30,430
04764,S,METOTREXATO  2.5 mg TABLETA,PUESTO,202603,30,0.2333,20,30,30,400
04764,S,METOTREXATO  2.5 mg TABLETA,PUESTO,202604,16,0.325,20,16,30,439
